age,workclass,census_weight,education,education_num,marital_status,occupation,relationship,race,sex,capital_gain,capital_loss,hours_per_week,native_country,income,age_group,hours_band
32,Private,205019,Assoc-acdm,12,Never-married,Sales,Not-in-family,Black,Male,0,0,50,United-States,<=50K,25_34,50_plus
40,Private,121772,Assoc-voc,11,Married-civ-spouse,Craft-repair,Husband,Asian-Pac-Islander,Male,0,0,40,,>50K,35_44,35_40
34,Private,245487,7th-8th,4,Married-civ-spouse,Transport-moving,Husband,Amer-Indian-Eskimo,Male,0,0,45,Mexico,<=50K,25_34,41_49
35,Federal-gov,76845,9th,5,Married-civ-spouse,Farming-fishing,Husband,Black,Male,0,0,40,United-States,<=50K,35_44,35_40
49,Private,193366,HS-grad,9,Married-civ-spouse,Craft-repair,Husband,White,Male,0,0,40,United-States,<=50K,45_54,35_40
21,Private,197200,Some-college,10,Never-married,Machine-op-inspct,Own-child,White,Male,0,0,40,United-States,<=50K,under_25,35_40
48,Self-emp-not-inc,265477,Assoc-acdm,12,Married-civ-spouse,Prof-specialty,Husband,White,Male,0,0,40,United-States,<=50K,45_54,35_40
44,Private,128354,Masters,14,Divorced,Exec-managerial,Unmarried,White,Female,0,0,40,United-States,<=50K,35_44,35_40
47,Private,51835,Prof-school,15,Married-civ-spouse,Prof-specialty,Wife,White,Female,0,1902,60,Honduras,>50K,45_54,50_plus
53,Private,169846,HS-grad,9,Married-civ-spouse,Adm-clerical,Wife,White,Female,0,0,40,United-States,>50K,45_54,35_40
46,Private,51618,HS-grad,9,Married-civ-spouse,Other-service,Wife,White,Female,0,0,40,United-States,<=50K,45_54,35_40
49,Local-gov,268234,HS-grad,9,Married-civ-spouse,Protective-serv,Husband,White,Male,0,0,40,United-States,>50K,45_54,35_40
34,Local-gov,226296,Bachelors,13,Married-civ-spouse,Protective-serv,Husband,White,Male,0,0,40,United-States,>50K,25_34,35_40
37,Private,202683,Some-college,10,Married-civ-spouse,Sales,Husband,White,Male,0,0,48,United-States,>50K,35_44,41_49
48,Private,171095,Assoc-acdm,12,Divorced,Exec-managerial,Unmarried,White,Female,0,0,40,England,<=50K,45_54,35_40
56,Self-emp-inc,303090,Some-college,10,Married-civ-spouse,Sales,Husband,White,Male,0,0,50,United-States,<=50K,55_plus,50_plus
55,Private,247552,Some-college,10,Married-civ-spouse,Sales,Husband,White,Male,0,0,56,United-States,<=50K,55_plus,50_plus
30,Private,77143,Bachelors,13,Never-married,Exec-managerial,Own-child,Black,Male,0,0,40,Germany,<=50K,25_34,35_40
20,Private,111697,Some-college,10,Never-married,Adm-clerical,Own-child,White,Female,0,1719,28,United-States,<=50K,under_25,under_35
43,Self-emp-not-inc,56920,HS-grad,9,Married-civ-spouse,Craft-repair,Husband,White,Male,0,0,60,United-States,<=50K,35_44,50_plus
27,Private,163127,Assoc-voc,11,Married-civ-spouse,Adm-clerical,Wife,White,Female,0,0,35,United-States,<=50K,25_34,35_40
70,Private,105376,Some-college,10,Never-married,Tech-support,Other-relative,White,Male,0,0,40,United-States,<=50K,55_plus,35_40
31,Private,185814,HS-grad,9,Never-married,Transport-moving,Unmarried,Black,Female,0,0,30,United-States,<=50K,25_34,under_35
22,Private,175374,Some-college,10,Married-civ-spouse,Other-service,Husband,White,Male,0,0,24,United-States,<=50K,under_25,under_35
43,,174662,Some-college,10,Divorced,,Not-in-family,White,Female,0,0,40,United-States,<=50K,35_44,35_40
44,Self-emp-inc,78374,Masters,14,Divorced,Exec-managerial,Unmarried,Asian-Pac-Islander,Female,0,0,40,United-States,<=50K,35_44,35_40
39,Federal-gov,235485,Assoc-acdm,12,Never-married,Exec-managerial,Not-in-family,White,Male,0,0,42,United-States,<=50K,35_44,41_49
27,Private,124953,HS-grad,9,Never-married,Other-service,Not-in-family,White,Male,0,1980,40,United-States,<=50K,25_34,35_40
43,Private,114580,Some-college,10,Divorced,Adm-clerical,Not-in-family,White,Female,0,0,40,United-States,<=50K,35_44,35_40
37,Federal-gov,29054,Some-college,10,Married-civ-spouse,Adm-clerical,Husband,White,Male,0,0,42,United-States,>50K,35_44,41_49
41,Self-emp-not-inc,143129,Bachelors,13,Divorced,Exec-managerial,Not-in-family,White,Female,0,0,40,United-States,<=50K,35_44,35_40
38,Private,155222,Some-college,10,Divorced,Machine-op-inspct,Not-in-family,Black,Female,0,0,28,United-States,<=50K,35_44,under_35
25,Private,255004,10th,6,Never-married,Craft-repair,Not-in-family,White,Male,0,0,40,United-States,<=50K,25_34,35_40
31,Private,197860,Some-college,10,Married-civ-spouse,Handlers-cleaners,Husband,White,Male,0,0,40,United-States,<=50K,25_34,35_40
41,Private,130408,HS-grad,9,Divorced,Sales,Unmarried,Black,Female,0,0,38,United-States,<=50K,35_44,35_40
40,Private,207578,Assoc-acdm,12,Married-civ-spouse,Tech-support,Husband,White,Male,0,1977,60,United-States,>50K,35_44,50_plus
20,Private,117789,HS-grad,9,Never-married,Other-service,Own-child,White,Female,0,0,40,United-States,<=50K,under_25,35_40
59,Private,146013,Some-college,10,Married-civ-spouse,Sales,Husband,White,Male,4064,0,40,United-States,<=50K,55_plus,35_40
65,Private,111095,HS-grad,9,Married-civ-spouse,Transport-moving,Husband,White,Male,0,0,16,United-States,<=50K,55_plus,under_35
48,Private,146268,Bachelors,13,Married-civ-spouse,Adm-clerical,Husband,White,Male,7688,0,40,United-States,>50K,45_54,35_40
26,Private,193945,Assoc-acdm,12,Never-married,Tech-support,Not-in-family,White,Male,0,0,45,United-States,<=50K,25_34,41_49
35,Private,193815,Assoc-acdm,12,Married-civ-spouse,Adm-clerical,Husband,White,Male,0,0,40,United-States,>50K,35_44,35_40
36,Self-emp-not-inc,205607,Bachelors,13,Divorced,Prof-specialty,Not-in-family,Black,Female,0,0,40,United-States,>50K,35_44,35_40
66,Private,127921,HS-grad,9,Never-married,Transport-moving,Not-in-family,White,Male,2050,0,55,United-States,<=50K,55_plus,50_plus
26,Private,224563,Bachelors,13,Never-married,Adm-clerical,Not-in-family,White,Male,0,0,40,United-States,<=50K,25_34,35_40
17,Private,270942,5th-6th,3,Never-married,Other-service,Other-relative,White,Male,0,0,48,Mexico,<=50K,under_25,41_49
36,Private,348022,10th,6,Married-civ-spouse,Other-service,Wife,White,Female,0,0,24,United-States,<=50K,35_44,under_35
39,Private,481060,HS-grad,9,Divorced,Sales,Unmarried,White,Female,0,0,40,United-States,<=50K,35_44,35_40
26,Federal-gov,185885,Some-college,10,Never-married,Adm-clerical,Unmarried,White,Female,0,0,15,United-States,<=50K,25_34,under_35
34,Private,196164,HS-grad,9,Never-married,Other-service,Not-in-family,White,Female,0,0,35,United-States,<=50K,25_34,35_40
20,,137300,HS-grad,9,Never-married,,Other-relative,White,Female,0,0,35,United-States,<=50K,under_25,35_40
25,Private,86872,Bachelors,13,Married-civ-spouse,Exec-managerial,Husband,White,Male,0,0,55,United-States,>50K,25_34,50_plus
28,,123147,Some-college,10,Married-civ-spouse,,Wife,White,Female,0,1887,40,United-States,>50K,25_34,35_40
52,Private,190762,1st-4th,2,Married-civ-spouse,Machine-op-inspct,Husband,White,Male,0,0,40,Mexico,<=50K,45_54,35_40
30,Private,426017,11th,7,Never-married,Other-service,Own-child,White,Female,0,0,19,United-States,<=50K,25_34,under_35
32,State-gov,92003,Bachelors,13,Married-civ-spouse,Exec-managerial,Wife,White,Female,0,0,40,United-States,>50K,25_34,35_40
34,Local-gov,117018,Some-college,10,Never-married,Protective-serv,Not-in-family,White,Female,0,0,40,United-States,<=50K,25_34,35_40
20,Private,298227,Some-college,10,Never-married,Sales,Not-in-family,White,Male,0,0,35,United-States,<=50K,under_25,35_40
20,Private,146538,HS-grad,9,Married-civ-spouse,Machine-op-inspct,Husband,White,Male,0,0,40,United-States,<=50K,under_25,35_40
45,Self-emp-inc,197332,Some-college,10,Married-civ-spouse,Craft-repair,Husband,White,Male,0,0,55,United-States,>50K,45_54,50_plus
60,Private,201965,Some-college,10,Never-married,Prof-specialty,Unmarried,White,Male,0,0,40,United-States,>50K,55_plus,35_40
41,Private,193626,HS-grad,9,Married-spouse-absent,Craft-repair,Unmarried,White,Female,0,0,40,United-States,<=50K,35_44,35_40
52,,271749,12th,8,Never-married,,Other-relative,Black,Male,594,0,40,United-States,<=50K,45_54,35_40
19,Private,249609,Some-college,10,Never-married,Protective-serv,Own-child,White,Male,0,0,8,United-States,<=50K,under_25,under_35
32,Private,37070,Assoc-voc,11,Never-married,Craft-repair,Not-in-family,White,Male,0,0,45,United-States,<=50K,25_34,41_49
28,Private,189346,HS-grad,9,Divorced,Craft-repair,Not-in-family,White,Male,0,0,45,United-States,<=50K,25_34,41_49
21,,204226,Some-college,10,Never-married,,Unmarried,White,Female,0,0,35,United-States,<=50K,under_25,35_40
44,Private,210525,Some-college,10,Married-civ-spouse,Transport-moving,Husband,White,Male,0,0,40,United-States,<=50K,35_44,35_40
29,Private,133937,Doctorate,16,Never-married,Prof-specialty,Own-child,White,Male,0,0,40,United-States,<=50K,25_34,35_40
27,Private,163862,HS-grad,9,Never-married,Transport-moving,Not-in-family,White,Male,0,0,40,United-States,<=50K,25_34,35_40
46,Self-emp-not-inc,245724,Some-college,10,Divorced,Exec-managerial,Not-in-family,White,Male,0,0,50,United-States,<=50K,45_54,50_plus
33,Federal-gov,319560,Assoc-voc,11,Divorced,Craft-repair,Unmarried,Black,Female,0,0,40,United-States,>50K,25_34,35_40
28,Private,114053,Bachelors,13,Never-married,Transport-moving,Not-in-family,White,Male,0,0,55,United-States,<=50K,25_34,50_plus
52,Self-emp-not-inc,334273,Bachelors,13,Married-civ-spouse,Prof-specialty,Husband,White,Male,0,0,60,United-States,>50K,45_54,50_plus
43,Self-emp-inc,188436,Masters,14,Married-civ-spouse,Exec-managerial,Husband,White,Male,5013,0,45,United-States,<=50K,35_44,41_49
45,Private,433665,7th-8th,4,Separated,Other-service,Unmarried,White,Female,0,0,40,Mexico,<=50K,45_54,35_40
51,Private,95469,HS-grad,9,Married-civ-spouse,Prof-specialty,Husband,White,Male,0,0,40,United-States,<=50K,45_54,35_40
17,Private,242718,11th,7,Never-married,Sales,Own-child,White,Male,0,0,12,United-States,<=50K,under_25,under_35
27,Private,158156,Doctorate,16,Never-married,Prof-specialty,Not-in-family,White,Female,0,0,70,United-States,<=50K,25_34,50_plus
36,Self-emp-not-inc,28738,Assoc-acdm,12,Divorced,Sales,Unmarried,White,Female,0,0,35,United-States,<=50K,35_44,35_40
59,Private,199713,HS-grad,9,Married-civ-spouse,Craft-repair,Husband,White,Male,0,0,40,United-States,<=50K,55_plus,35_40
23,Private,117789,Bachelors,13,Never-married,Adm-clerical,Own-child,White,Female,0,0,40,United-States,<=50K,under_25,35_40
48,Private,45612,HS-grad,9,Never-married,Adm-clerical,Unmarried,Black,Female,0,0,37,United-States,<=50K,45_54,35_40
50,Self-emp-not-inc,114117,HS-grad,9,Married-civ-spouse,Exec-managerial,Husband,White,Male,0,0,32,United-States,<=50K,45_54,under_35
23,Private,190483,Bachelors,13,Never-married,Sales,Own-child,White,Female,0,0,20,United-States,<=50K,under_25,under_35
47,Private,241832,9th,5,Married-spouse-absent,Handlers-cleaners,Unmarried,White,Male,0,0,40,El-Salvador,<=50K,45_54,35_40
47,Self-emp-not-inc,165039,Some-college,10,Never-married,Other-service,Unmarried,Black,Female,0,0,40,United-States,<=50K,45_54,35_40
43,Private,154374,Some-college,10,Married-civ-spouse,Craft-repair,Husband,White,Male,15024,0,60,United-States,>50K,35_44,50_plus
33,Private,175697,Bachelors,13,Married-civ-spouse,Exec-managerial,Husband,White,Male,15024,0,60,United-States,>50K,25_34,50_plus
47,Self-emp-inc,248145,5th-6th,3,Married-civ-spouse,Transport-moving,Husband,White,Male,0,0,50,Cuba,<=50K,45_54,50_plus
60,Private,199378,HS-grad,9,Married-civ-spouse,Craft-repair,Husband,White,Male,0,0,40,United-States,<=50K,55_plus,35_40
44,Self-emp-not-inc,335183,12th,8,Married-civ-spouse,Handlers-cleaners,Husband,Black,Male,0,0,40,United-States,>50K,35_44,35_40
43,Local-gov,194360,Masters,14,Never-married,Prof-specialty,Not-in-family,White,Male,0,0,38,United-States,<=50K,35_44,35_40
27,State-gov,249362,Some-college,10,Married-civ-spouse,Transport-moving,Husband,White,Male,3411,0,40,United-States,<=50K,25_34,35_40
33,Private,182556,Bachelors,13,Married-civ-spouse,Exec-managerial,Husband,White,Male,0,0,40,United-States,>50K,25_34,35_40
31,Private,125457,HS-grad,9,Never-married,Craft-repair,Not-in-family,White,Male,0,0,45,United-States,<=50K,25_34,41_49
58,Self-emp-not-inc,204021,HS-grad,9,Widowed,Exec-managerial,Not-in-family,White,Male,0,0,50,United-States,<=50K,55_plus,50_plus
54,Local-gov,113000,Some-college,10,Married-civ-spouse,Farming-fishing,Husband,White,Male,0,0,40,United-States,<=50K,45_54,35_40
23,State-gov,335453,Bachelors,13,Never-married,Tech-support,Not-in-family,White,Female,0,0,20,United-States,<=50K,under_25,under_35
21,Private,163870,Some-college,10,Never-married,Handlers-cleaners,Own-child,White,Male,0,0,30,United-States,<=50K,under_25,under_35
40,Private,229148,12th,8,Married-civ-spouse,Other-service,Husband,Black,Male,0,0,40,Jamaica,<=50K,35_44,35_40
42,Private,162140,Bachelors,13,Married-civ-spouse,Exec-managerial,Husband,White,Male,7298,0,45,United-States,>50K,35_44,41_49
65,Self-emp-not-inc,118474,11th,7,Married-civ-spouse,Exec-managerial,Husband,White,Male,9386,0,59,,>50K,55_plus,50_plus
19,Private,192453,Some-college,10,Never-married,Other-service,Other-relative,White,Female,0,0,25,United-States,<=50K,under_25,under_35
55,Self-emp-not-inc,200939,HS-grad,9,Married-civ-spouse,Transport-moving,Husband,White,Male,0,0,72,United-States,<=50K,55_plus,50_plus
32,Private,267736,Some-college,10,Never-married,Adm-clerical,Own-child,Black,Female,0,0,40,United-States,<=50K,25_34,35_40
32,Private,188557,HS-grad,9,Never-married,Machine-op-inspct,Not-in-family,White,Male,0,0,40,United-States,<=50K,25_34,35_40
55,Private,116442,HS-grad,9,Never-married,Sales,Not-in-family,White,Male,0,0,38,United-States,<=50K,55_plus,35_40
48,Private,102102,Assoc-voc,11,Married-civ-spouse,Tech-support,Husband,White,Male,0,0,50,United-States,>50K,45_54,50_plus
60,Private,31577,HS-grad,9,Married-civ-spouse,Transport-moving,Husband,White,Male,0,0,60,United-States,>50K,55_plus,50_plus
24,Private,106085,HS-grad,9,Never-married,Other-service,Own-child,Black,Male,0,1721,30,United-States,<=50K,under_25,under_35
32,Private,231043,HS-grad,9,Married-civ-spouse,Craft-repair,Husband,White,Male,5178,0,48,United-States,>50K,25_34,41_49
17,Private,32607,10th,6,Never-married,Farming-fishing,Own-child,White,Male,0,0,20,United-States,<=50K,under_25,under_35
29,Private,154411,Assoc-voc,11,Never-married,Tech-support,Own-child,White,Male,0,0,40,United-States,<=50K,25_34,35_40
43,Private,102895,Some-college,10,Divorced,Prof-specialty,Not-in-family,White,Male,0,0,40,United-States,<=50K,35_44,35_40
59,Private,142182,HS-grad,9,Married-civ-spouse,Other-service,Husband,White,Male,0,0,40,United-States,>50K,55_plus,35_40
43,Private,191547,HS-grad,9,Married-civ-spouse,Farming-fishing,Husband,White,Male,0,0,40,Mexico,<=50K,35_44,35_40
24,Private,309055,Some-college,10,Never-married,Sales,Not-in-family,White,Female,0,0,15,United-States,<=50K,under_25,under_35
41,Private,194636,Bachelors,13,Married-civ-spouse,Exec-managerial,Husband,White,Male,0,0,60,United-States,>50K,35_44,50_plus
23,Private,153044,HS-grad,9,Never-married,Handlers-cleaners,Unmarried,Black,Female,0,0,7,United-States,<=50K,under_25,under_35
49,Private,72393,9th,5,Divorced,Machine-op-inspct,Not-in-family,White,Female,0,0,40,United-States,<=50K,45_54,35_40
23,Private,205865,Bachelors,13,Never-married,Exec-managerial,Own-child,White,Male,0,0,28,United-States,<=50K,under_25,under_35
33,Self-emp-inc,155781,Some-college,10,Married-civ-spouse,Craft-repair,Husband,White,Male,0,0,60,,<=50K,25_34,50_plus
42,Self-emp-not-inc,177307,Prof-school,15,Married-civ-spouse,Farming-fishing,Husband,White,Male,0,0,65,United-States,>50K,35_44,50_plus
27,,90270,Assoc-acdm,12,Married-civ-spouse,,Own-child,Amer-Indian-Eskimo,Male,0,0,40,United-States,<=50K,25_34,35_40
37,Self-emp-not-inc,168496,HS-grad,9,Divorced,Handlers-cleaners,Own-child,White,Male,0,0,10,United-States,<=50K,35_44,under_35
38,Private,278924,Some-college,10,Divorced,Craft-repair,Not-in-family,White,Male,0,0,44,United-States,<=50K,35_44,41_49
23,Private,543028,HS-grad,9,Never-married,Sales,Own-child,Black,Male,0,0,40,United-States,<=50K,under_25,35_40
37,Private,186934,11th,7,Married-civ-spouse,Machine-op-inspct,Husband,White,Male,3103,0,44,United-States,>50K,35_44,41_49
41,Private,132222,Prof-school,15,Married-civ-spouse,Prof-specialty,Husband,White,Male,0,2415,40,United-States,>50K,35_44,35_40
25,Private,150062,Some-college,10,Married-civ-spouse,Prof-specialty,Husband,White,Male,0,0,45,United-States,<=50K,25_34,41_49
32,Private,169240,HS-grad,9,Divorced,Machine-op-inspct,Not-in-family,White,Female,0,0,38,United-States,<=50K,25_34,35_40
44,Private,32185,HS-grad,9,Never-married,Transport-moving,Unmarried,White,Male,0,0,70,United-States,<=50K,35_44,50_plus
78,Private,182977,HS-grad,9,Widowed,Other-service,Not-in-family,Black,Female,2964,0,40,United-States,<=50K,55_plus,35_40
34,Private,159929,HS-grad,9,Divorced,Handlers-cleaners,Own-child,White,Male,0,0,40,United-States,<=50K,25_34,35_40
63,Private,254907,Assoc-voc,11,Divorced,Other-service,Not-in-family,White,Female,0,0,20,United-States,<=50K,55_plus,under_35
47,Private,335973,HS-grad,9,Divorced,Adm-clerical,Unmarried,White,Female,0,0,40,United-States,<=50K,45_54,35_40
41,Private,194636,Assoc-voc,11,Married-civ-spouse,Machine-op-inspct,Husband,White,Male,0,0,40,United-States,<=50K,35_44,35_40
38,Private,173208,Masters,14,Married-civ-spouse,Prof-specialty,Husband,White,Male,0,0,25,United-States,<=50K,35_44,under_35
51,Private,191965,HS-grad,9,Widowed,Other-service,Unmarried,White,Female,0,0,32,United-States,<=50K,45_54,under_35
34,Private,33117,Some-college,10,Married-civ-spouse,Other-service,Husband,White,Male,0,0,40,United-States,<=50K,25_34,35_40
56,Private,169133,HS-grad,9,Married-civ-spouse,Other-service,Husband,White,Male,0,0,50,Yugoslavia,<=50K,55_plus,50_plus
23,Private,137994,Some-college,10,Never-married,Machine-op-inspct,Own-child,Black,Female,0,0,40,United-States,<=50K,under_25,35_40
28,Private,187160,Prof-school,15,Divorced,Prof-specialty,Unmarried,White,Male,0,0,55,United-States,<=50K,25_34,50_plus
36,Private,156667,Bachelors,13,Married-civ-spouse,Prof-specialty,Husband,White,Male,0,1902,50,United-States,>50K,35_44,50_plus
32,Private,87643,Bachelors,13,Married-civ-spouse,Sales,Husband,White,Male,0,0,40,United-States,<=50K,25_34,35_40
41,Private,302122,Assoc-voc,11,Divorced,Craft-repair,Not-in-family,White,Female,0,0,40,United-States,<=50K,35_44,35_40
54,Private,377701,HS-grad,9,Married-civ-spouse,Other-service,Husband,White,Male,0,0,32,Mexico,<=50K,45_54,under_35
37,Private,215310,HS-grad,9,Married-civ-spouse,Craft-repair,Husband,White,Male,0,0,50,United-States,>50K,35_44,50_plus
49,Private,31339,HS-grad,9,Married-civ-spouse,Craft-repair,Husband,White,Male,0,0,40,United-States,<=50K,45_54,35_40
30,Private,241259,Assoc-voc,11,Married-civ-spouse,Transport-moving,Husband,White,Male,0,0,40,United-States,<=50K,25_34,35_40
29,Private,201954,Bachelors,13,Never-married,Exec-managerial,Not-in-family,White,Male,0,0,35,United-States,<=50K,25_34,35_40
44,Self-emp-not-inc,120539,Bachelors,13,Never-married,Sales,Not-in-family,White,Male,0,0,50,United-States,>50K,35_44,50_plus
19,,80710,HS-grad,9,Never-married,,Own-child,White,Female,0,0,40,United-States,<=50K,under_25,35_40
29,Private,131088,HS-grad,9,Never-married,Handlers-cleaners,Own-child,White,Male,0,0,25,United-States,<=50K,25_34,under_35
33,Private,35378,Bachelors,13,Married-civ-spouse,Sales,Wife,White,Female,0,0,45,United-States,>50K,25_34,41_49
37,State-gov,60227,Bachelors,13,Never-married,Adm-clerical,Not-in-family,White,Male,0,0,38,United-States,<=50K,35_44,35_40
34,Private,290763,HS-grad,9,Divorced,Handlers-cleaners,Own-child,White,Female,0,0,40,United-States,<=50K,25_34,35_40
46,Private,185041,HS-grad,9,Married-civ-spouse,Machine-op-inspct,Husband,White,Male,0,0,50,United-States,<=50K,45_54,50_plus
50,Self-emp-inc,293196,HS-grad,9,Married-civ-spouse,Exec-managerial,Husband,White,Male,7298,0,40,United-States,>50K,45_54,35_40
46,Private,106092,HS-grad,9,Married-civ-spouse,Exec-managerial,Husband,White,Male,0,0,45,United-States,>50K,45_54,41_49
33,Private,178506,HS-grad,9,Divorced,Adm-clerical,Not-in-family,Black,Female,0,0,40,United-States,<=50K,25_34,35_40
24,Local-gov,289886,11th,7,Never-married,Other-service,Not-in-family,Asian-Pac-Islander,Male,0,0,45,United-States,<=50K,under_25,41_49
28,Private,444304,Bachelors,13,Married-civ-spouse,Tech-support,Husband,White,Male,0,0,40,United-States,<=50K,25_34,35_40
61,Self-emp-inc,113544,Masters,14,Married-civ-spouse,Sales,Husband,White,Male,0,0,40,United-States,>50K,55_plus,35_40
33,,163003,HS-grad,9,Divorced,,Not-in-family,Asian-Pac-Islander,Female,0,0,41,China,<=50K,25_34,41_49
31,Private,231263,Bachelors,13,Divorced,Exec-managerial,Not-in-family,White,Male,4650,0,45,United-States,<=50K,25_34,41_49
48,Private,349151,HS-grad,9,Married-civ-spouse,Craft-repair,Husband,White,Male,0,0,40,United-States,<=50K,45_54,35_40
46,Private,265266,Bachelors,13,Married-civ-spouse,Prof-specialty,Husband,White,Male,0,1902,40,United-States,>50K,45_54,35_40
62,Private,192866,Some-college,10,Widowed,Other-service,Not-in-family,White,Female,0,0,20,United-States,<=50K,55_plus,under_35
38,Private,65466,Bachelors,13,Never-married,Adm-clerical,Not-in-family,White,Female,0,0,50,United-States,<=50K,35_44,50_plus
31,Private,163594,HS-grad,9,Never-married,Sales,Not-in-family,White,Female,0,0,45,United-States,<=50K,25_34,41_49
57,Private,182062,10th,6,Married-civ-spouse,Other-service,Husband,White,Male,0,0,40,United-States,<=50K,55_plus,35_40
37,Private,37238,Bachelors,13,Never-married,Exec-managerial,Not-in-family,White,Male,0,0,45,United-States,<=50K,35_44,41_49
44,Local-gov,34935,Some-college,10,Never-married,Other-service,Own-child,Black,Male,0,0,40,United-States,<=50K,35_44,35_40
58,Self-emp-inc,186791,Some-college,10,Married-civ-spouse,Transport-moving,Wife,White,Female,0,0,40,United-States,>50K,55_plus,35_40
36,Self-emp-not-inc,180686,Prof-school,15,Married-civ-spouse,Prof-specialty,Husband,White,Male,0,0,50,United-States,<=50K,35_44,50_plus
43,Private,85995,HS-grad,9,Married-civ-spouse,Sales,Husband,White,Male,0,0,45,United-States,<=50K,35_44,41_49
32,Private,509350,Some-college,10,Married-civ-spouse,Handlers-cleaners,Husband,White,Male,0,0,50,Canada,>50K,25_34,50_plus
24,Private,293579,HS-grad,9,Never-married,Sales,Own-child,Black,Female,0,0,20,United-States,<=50K,under_25,under_35
35,Private,184117,Bachelors,13,Never-married,Adm-clerical,Own-child,White,Female,0,0,40,United-States,<=50K,35_44,35_40
33,Private,105974,HS-grad,9,Never-married,Craft-repair,Not-in-family,White,Male,0,0,41,United-States,<=50K,25_34,41_49
49,Self-emp-inc,257764,HS-grad,9,Divorced,Exec-managerial,Unmarried,White,Female,0,0,40,United-States,<=50K,45_54,35_40
43,Private,221550,Masters,14,Never-married,Other-service,Not-in-family,White,Female,0,0,30,Poland,<=50K,35_44,under_35
23,Private,37072,Bachelors,13,Never-married,Sales,Not-in-family,White,Male,0,0,50,United-States,<=50K,under_25,50_plus
25,Local-gov,163101,Bachelors,13,Never-married,Prof-specialty,Not-in-family,White,Male,0,0,45,United-States,<=50K,25_34,41_49
19,Federal-gov,234151,HS-grad,9,Never-married,Adm-clerical,Unmarried,Black,Female,0,0,40,United-States,<=50K,under_25,35_40
50,Private,113176,HS-grad,9,Divorced,Adm-clerical,Not-in-family,White,Female,0,0,40,United-States,<=50K,45_54,35_40
47,Private,115070,Some-college,10,Never-married,Adm-clerical,Not-in-family,White,Female,0,0,40,United-States,<=50K,45_54,35_40
36,Federal-gov,218542,Assoc-acdm,12,Married-civ-spouse,Adm-clerical,Wife,White,Female,0,0,40,United-States,>50K,35_44,35_40
47,Private,67716,HS-grad,9,Married-civ-spouse,Sales,Husband,White,Male,0,0,40,United-States,>50K,45_54,35_40
50,Private,30447,Assoc-voc,11,Married-civ-spouse,Transport-moving,Husband,White,Male,0,0,45,United-States,<=50K,45_54,41_49
61,Private,120939,Prof-school,15,Married-civ-spouse,Transport-moving,Husband,White,Male,0,0,5,United-States,>50K,55_plus,under_35
28,Local-gov,216481,Bachelors,13,Never-married,Prof-specialty,Not-in-family,White,Female,0,0,40,United-States,<=50K,25_34,35_40
22,Private,207940,Some-college,10,Never-married,Handlers-cleaners,Own-child,White,Female,0,0,36,United-States,<=50K,under_25,35_40
27,Private,23940,HS-grad,9,Never-married,Handlers-cleaners,Other-relative,Amer-Indian-Eskimo,Male,0,0,40,United-States,<=50K,25_34,35_40
59,Self-emp-inc,125000,Bachelors,13,Married-civ-spouse,Exec-managerial,Husband,White,Male,0,0,40,England,>50K,55_plus,35_40
20,Private,231286,Some-college,10,Never-married,Handlers-cleaners,Not-in-family,Black,Male,0,0,15,United-States,<=50K,under_25,under_35
33,Private,159322,HS-grad,9,Divorced,Other-service,Unmarried,White,Male,0,0,40,United-States,<=50K,25_34,35_40
69,,473040,5th-6th,3,Divorced,,Not-in-family,White,Male,0,0,40,United-States,<=50K,55_plus,35_40
41,Private,122381,Some-college,10,Married-civ-spouse,Craft-repair,Husband,White,Male,0,1887,50,United-States,>50K,35_44,50_plus
56,Private,117148,7th-8th,4,Divorced,Machine-op-inspct,Not-in-family,White,Female,0,0,40,United-States,<=50K,55_plus,35_40
75,,111177,Bachelors,13,Widowed,,Not-in-family,White,Female,25124,0,16,United-States,>50K,55_plus,under_35
42,Federal-gov,141459,HS-grad,9,Separated,Other-service,Other-relative,Black,Female,0,0,40,United-States,<=50K,35_44,35_40
43,Local-gov,160574,Bachelors,13,Married-civ-spouse,Craft-repair,Husband,White,Male,0,0,40,United-States,<=50K,35_44,35_40
24,Private,198148,Some-college,10,Never-married,Other-service,Own-child,White,Male,0,0,30,United-States,<=50K,under_25,under_35
46,State-gov,273771,HS-grad,9,Married-civ-spouse,Tech-support,Husband,White,Male,0,0,40,United-States,<=50K,45_54,35_40
46,Private,370119,Prof-school,15,Married-civ-spouse,Prof-specialty,Husband,White,Male,99999,0,60,United-States,>50K,45_54,50_plus
38,Local-gov,107513,HS-grad,9,Married-civ-spouse,Transport-moving,Husband,White,Male,0,0,40,United-States,<=50K,35_44,35_40
36,,200904,Assoc-acdm,12,Married-civ-spouse,,Wife,Black,Female,0,0,21,Haiti,<=50K,35_44,under_35
40,State-gov,345969,Assoc-acdm,12,Married-civ-spouse,Adm-clerical,Husband,White,Male,0,0,40,United-States,>50K,35_44,35_40
54,Private,206369,HS-grad,9,Married-civ-spouse,Machine-op-inspct,Husband,White,Male,5178,0,50,United-States,>50K,45_54,50_plus
55,Self-emp-not-inc,52888,Prof-school,15,Married-civ-spouse,Prof-specialty,Wife,White,Female,0,0,10,United-States,<=50K,55_plus,under_35
26,,211798,HS-grad,9,Separated,,Unmarried,White,Female,0,0,40,United-States,<=50K,25_34,35_40
49,Local-gov,107231,HS-grad,9,Married-civ-spouse,Craft-repair,Husband,White,Male,0,2002,40,United-States,<=50K,45_54,35_40
44,Private,110355,Bachelors,13,Married-civ-spouse,Exec-managerial,Husband,White,Male,0,0,40,United-States,>50K,35_44,35_40
52,Private,94391,HS-grad,9,Married-civ-spouse,Adm-clerical,Husband,White,Male,0,0,40,United-States,<=50K,45_54,35_40
43,Private,37937,Masters,14,Divorced,Exec-managerial,Unmarried,White,Male,0,0,50,United-States,<=50K,35_44,50_plus
19,Private,375077,HS-grad,9,Never-married,Sales,Own-child,White,Male,0,0,50,United-States,<=50K,under_25,50_plus
49,Private,32212,HS-grad,9,Married-civ-spouse,Exec-managerial,Wife,White,Female,0,0,43,United-States,<=50K,45_54,41_49
29,Private,112031,HS-grad,9,Divorced,Craft-repair,Not-in-family,White,Female,0,0,50,United-States,<=50K,25_34,50_plus
42,Private,190767,Bachelors,13,Divorced,Adm-clerical,Not-in-family,White,Female,0,0,40,United-States,<=50K,35_44,35_40
21,Private,32616,HS-grad,9,Never-married,Other-service,Not-in-family,White,Female,0,1719,16,United-States,<=50K,under_25,under_35
25,Private,169323,Bachelors,13,Married-civ-spouse,Exec-managerial,Own-child,White,Female,0,0,40,United-States,<=50K,25_34,35_40
42,Private,251795,Some-college,10,Married-civ-spouse,Prof-specialty,Wife,White,Female,0,0,50,United-States,>50K,35_44,50_plus
26,Private,167350,Some-college,10,Married-civ-spouse,Tech-support,Husband,White,Male,3103,0,40,United-States,>50K,25_34,35_40
23,Private,207546,11th,7,Married-civ-spouse,Machine-op-inspct,Husband,White,Male,0,0,40,United-States,<=50K,under_25,35_40
59,Local-gov,147707,HS-grad,9,Widowed,Farming-fishing,Unmarried,White,Male,0,2339,40,United-States,<=50K,55_plus,35_40
37,Private,272950,HS-grad,9,Married-civ-spouse,Exec-managerial,Husband,White,Male,0,0,40,United-States,<=50K,35_44,35_40
42,Local-gov,339671,Bachelors,13,Married-spouse-absent,Prof-specialty,Not-in-family,White,Female,8614,0,45,United-States,>50K,35_44,41_49
33,Private,155343,HS-grad,9,Married-civ-spouse,Sales,Husband,White,Male,3103,0,40,United-States,>50K,25_34,35_40
28,Private,186792,Bachelors,13,Married-civ-spouse,Adm-clerical,Husband,White,Male,0,0,40,United-States,<=50K,25_34,35_40
22,Private,267174,HS-grad,9,Never-married,Handlers-cleaners,Own-child,Black,Male,0,0,40,United-States,<=50K,under_25,35_40
31,Private,332379,7th-8th,4,Never-married,Craft-repair,Not-in-family,White,Male,0,0,40,United-States,<=50K,25_34,35_40
51,Private,221532,Bachelors,13,Divorced,Exec-managerial,Unmarried,White,Male,0,0,40,United-States,>50K,45_54,35_40
45,Private,338105,Bachelors,13,Married-civ-spouse,Adm-clerical,Husband,Asian-Pac-Islander,Male,0,0,40,Philippines,<=50K,45_54,35_40
45,Federal-gov,273194,HS-grad,9,Never-married,Transport-moving,Not-in-family,Black,Male,3325,0,40,United-States,<=50K,45_54,35_40
28,Private,236861,Bachelors,13,Divorced,Craft-repair,Unmarried,White,Male,0,0,50,United-States,<=50K,25_34,50_plus
29,Self-emp-not-inc,229842,HS-grad,9,Never-married,Transport-moving,Unmarried,Black,Male,0,0,45,United-States,<=50K,25_34,41_49
44,State-gov,55076,Masters,14,Never-married,Prof-specialty,Not-in-family,White,Female,0,0,60,United-States,<=50K,35_44,50_plus
23,Private,235722,Some-college,10,Never-married,Other-service,Not-in-family,White,Male,0,0,20,United-States,<=50K,under_25,under_35
63,Private,174018,Some-college,10,Married-civ-spouse,Sales,Husband,Black,Male,0,0,40,United-States,>50K,55_plus,35_40
23,,22966,Bachelors,13,Never-married,,Own-child,White,Male,0,0,35,United-States,<=50K,under_25,35_40
25,Private,199545,Some-college,10,Married-civ-spouse,Exec-managerial,Wife,White,Female,0,0,15,United-States,<=50K,25_34,under_35
68,Private,67791,Some-college,10,Widowed,Sales,Not-in-family,White,Male,0,0,40,United-States,<=50K,55_plus,35_40
36,Private,188834,9th,5,Married-civ-spouse,Transport-moving,Husband,White,Male,0,0,50,United-States,<=50K,35_44,50_plus
90,Private,221832,Bachelors,13,Married-civ-spouse,Exec-managerial,Husband,White,Male,0,0,45,United-States,<=50K,55_plus,41_49
39,Private,165186,Some-college,10,Married-civ-spouse,Farming-fishing,Husband,White,Male,0,0,45,United-States,<=50K,35_44,41_49
18,Local-gov,153405,11th,7,Never-married,Adm-clerical,Other-relative,White,Female,0,0,25,United-States,<=50K,under_25,under_35
43,State-gov,218542,HS-grad,9,Never-married,Adm-clerical,Unmarried,Black,Female,0,0,40,United-States,<=50K,35_44,35_40
66,Private,263637,10th,6,Married-civ-spouse,Protective-serv,Husband,White,Male,0,0,40,United-States,<=50K,55_plus,35_40
29,Private,452205,HS-grad,9,Divorced,Other-service,Unmarried,White,Female,0,0,36,United-States,<=50K,25_34,35_40
21,Private,260847,Some-college,10,Never-married,Sales,Own-child,White,Male,0,0,30,United-States,<=50K,under_25,under_35
31,,672412,11th,7,Separated,,Not-in-family,Black,Male,0,0,40,United-States,<=50K,25_34,35_40
23,Private,120172,Bachelors,13,Never-married,Exec-managerial,Not-in-family,White,Male,0,0,40,United-States,<=50K,under_25,35_40
31,Private,348491,Bachelors,13,Never-married,Exec-managerial,Not-in-family,Black,Female,0,0,40,United-States,<=50K,25_34,35_40
51,State-gov,196504,HS-grad,9,Divorced,Craft-repair,Unmarried,White,Male,0,0,38,United-States,<=50K,45_54,35_40
28,Private,246595,HS-grad,9,Never-married,Craft-repair,Own-child,White,Male,0,0,70,United-States,<=50K,25_34,50_plus
57,Federal-gov,370890,HS-grad,9,Never-married,Adm-clerical,Not-in-family,White,Male,0,2258,40,United-States,<=50K,55_plus,35_40
35,Private,154410,HS-grad,9,Never-married,Handlers-cleaners,Not-in-family,White,Male,0,0,40,United-States,<=50K,35_44,35_40
27,Self-emp-not-inc,208406,Bachelors,13,Married-civ-spouse,Exec-managerial,Husband,White,Male,0,0,60,United-States,>50K,25_34,50_plus
23,,196816,HS-grad,9,Never-married,,Not-in-family,White,Male,0,0,30,United-States,<=50K,under_25,under_35
19,Private,354104,HS-grad,9,Never-married,Handlers-cleaners,Own-child,White,Male,0,0,30,United-States,<=50K,under_25,under_35
32,Private,549430,HS-grad,9,Never-married,Priv-house-serv,Unmarried,White,Female,0,0,40,Mexico,<=50K,25_34,35_40
37,Private,123211,HS-grad,9,Married-civ-spouse,Other-service,Husband,White,Male,0,0,44,United-States,>50K,35_44,41_49
49,Private,168211,Some-college,10,Married-civ-spouse,Craft-repair,Husband,White,Male,0,1485,40,United-States,>50K,45_54,35_40
45,Private,26522,Some-college,10,Married-civ-spouse,Adm-clerical,Wife,White,Female,0,1902,35,United-States,>50K,45_54,35_40
35,Private,23621,HS-grad,9,Never-married,Craft-repair,Not-in-family,White,Male,0,0,70,United-States,<=50K,35_44,50_plus
28,State-gov,130620,11th,7,Separated,Adm-clerical,Unmarried,Asian-Pac-Islander,Female,0,0,40,India,<=50K,25_34,35_40
42,Federal-gov,153143,Some-college,10,Divorced,Adm-clerical,Other-relative,White,Female,0,0,40,Puerto-Rico,<=50K,35_44,35_40
21,,300812,Some-college,10,Never-married,,Own-child,White,Male,0,0,30,United-States,<=50K,under_25,under_35
57,Self-emp-inc,119253,Masters,14,Married-civ-spouse,Sales,Husband,White,Male,15024,0,65,United-States,>50K,55_plus,50_plus
47,Self-emp-not-inc,121124,5th-6th,3,Married-civ-spouse,Sales,Husband,White,Male,0,0,55,Italy,>50K,45_54,50_plus
42,Private,169995,HS-grad,9,Married-civ-spouse,Sales,Husband,White,Male,0,0,48,United-States,<=50K,35_44,41_49
60,Private,123992,Some-college,10,Married-civ-spouse,Craft-repair,Husband,White,Male,0,0,45,United-States,<=50K,55_plus,41_49
22,Private,355686,Some-college,10,Never-married,Adm-clerical,Not-in-family,White,Female,0,0,40,United-States,<=50K,under_25,35_40
44,Private,373050,HS-grad,9,Married-civ-spouse,Transport-moving,Husband,White,Male,0,0,40,United-States,<=50K,35_44,35_40
28,Federal-gov,183151,Assoc-acdm,12,Married-civ-spouse,Adm-clerical,Husband,White,Male,0,0,60,United-States,<=50K,25_34,50_plus
55,Private,227158,Bachelors,13,Widowed,Adm-clerical,Unmarried,White,Female,0,0,40,United-States,<=50K,55_plus,35_40
47,Private,211668,HS-grad,9,Married-civ-spouse,Machine-op-inspct,Wife,Black,Female,0,0,40,United-States,>50K,45_54,35_40
42,Private,70055,HS-grad,9,Married-civ-spouse,Handlers-cleaners,Husband,White,Male,0,0,40,United-States,<=50K,35_44,35_40
45,Private,142287,Masters,14,Married-civ-spouse,Exec-managerial,Husband,White,Male,0,0,50,United-States,>50K,45_54,50_plus
31,Private,257644,11th,7,Never-married,Transport-moving,Unmarried,White,Male,0,0,40,United-States,<=50K,25_34,35_40
38,Federal-gov,338320,Prof-school,15,Married-civ-spouse,Prof-specialty,Husband,White,Male,0,1977,50,United-States,>50K,35_44,50_plus
51,Private,128143,Some-college,10,Married-civ-spouse,Craft-repair,Husband,White,Male,0,0,40,United-States,>50K,45_54,35_40
64,Local-gov,78866,HS-grad,9,Divorced,Adm-clerical,Not-in-family,White,Female,0,0,40,United-States,<=50K,55_plus,35_40
42,Self-emp-not-inc,220647,Bachelors,13,Married-civ-spouse,Farming-fishing,Husband,White,Male,0,0,45,United-States,<=50K,35_44,41_49
29,Private,241431,Masters,14,Married-civ-spouse,Sales,Husband,White,Male,7298,0,40,United-States,>50K,25_34,35_40
25,Private,73289,HS-grad,9,Never-married,Transport-moving,Own-child,White,Male,0,0,40,United-States,<=50K,25_34,35_40
23,Private,482082,12th,8,Never-married,Machine-op-inspct,Own-child,White,Male,0,0,21,Mexico,<=50K,under_25,under_35
23,Private,27776,Assoc-voc,11,Never-married,Machine-op-inspct,Not-in-family,White,Male,0,0,40,United-States,<=50K,under_25,35_40
18,,120243,11th,7,Never-married,,Own-child,White,Male,0,0,27,United-States,<=50K,under_25,under_35
29,Private,40083,Doctorate,16,Never-married,Prof-specialty,Not-in-family,White,Male,0,0,40,Canada,<=50K,25_34,35_40
42,Self-emp-not-inc,121718,HS-grad,9,Married-civ-spouse,Craft-repair,Husband,White,Male,0,0,24,United-States,<=50K,35_44,under_35
20,Private,217807,Some-college,10,Never-married,Handlers-cleaners,Own-child,White,Male,0,0,35,United-States,<=50K,under_25,35_40
53,Private,149784,Bachelors,13,Married-civ-spouse,Prof-specialty,Husband,White,Male,7688,0,40,United-States,>50K,45_54,35_40
56,Private,128764,7th-8th,4,Widowed,Transport-moving,Not-in-family,White,Male,0,0,20,United-States,<=50K,55_plus,under_35
42,Private,27444,Some-college,10,Married-spouse-absent,Prof-specialty,Not-in-family,White,Male,0,0,40,United-States,>50K,35_44,35_40
56,Private,77415,11th,7,Married-civ-spouse,Farming-fishing,Husband,White,Male,0,0,50,United-States,<=50K,55_plus,50_plus
35,Private,199288,11th,7,Separated,Transport-moving,Not-in-family,White,Male,0,0,90,United-States,<=50K,35_44,50_plus
36,Self-emp-not-inc,64875,Assoc-voc,11,Married-civ-spouse,Tech-support,Husband,White,Male,0,0,60,United-States,<=50K,35_44,50_plus
25,Federal-gov,207342,Some-college,10,Never-married,Exec-managerial,Not-in-family,Black,Male,0,0,40,United-States,<=50K,25_34,35_40
67,,184506,11th,7,Married-civ-spouse,,Husband,White,Male,0,419,3,United-States,<=50K,55_plus,under_35
42,Private,83411,Some-college,10,Divorced,Exec-managerial,Not-in-family,White,Male,0,1408,40,United-States,<=50K,35_44,35_40
23,,148751,Some-college,10,Never-married,,Not-in-family,White,Female,0,0,35,United-States,<=50K,under_25,35_40
56,Self-emp-inc,211804,Bachelors,13,Married-civ-spouse,Sales,Husband,White,Male,15024,0,50,United-States,>50K,55_plus,50_plus
35,Private,111387,Some-college,10,Married-civ-spouse,Handlers-cleaners,Husband,White,Male,0,1579,40,United-States,<=50K,35_44,35_40
20,Private,241951,HS-grad,9,Never-married,Handlers-cleaners,Not-in-family,White,Male,0,0,45,United-States,<=50K,under_25,41_49
66,,177351,Bachelors,13,Married-civ-spouse,,Husband,White,Male,0,2174,40,United-States,>50K,55_plus,35_40
39,State-gov,267581,HS-grad,9,Never-married,Other-service,Not-in-family,Black,Male,0,0,40,United-States,<=50K,35_44,35_40
19,Private,171306,HS-grad,9,Never-married,Sales,Own-child,White,Male,0,0,3,United-States,<=50K,under_25,under_35
20,Private,171398,10th,6,Never-married,Sales,Not-in-family,Other,Male,0,0,40,United-States,<=50K,under_25,35_40
64,Private,319371,Bachelors,13,Married-civ-spouse,Exec-managerial,Husband,White,Male,15024,0,40,United-States,>50K,55_plus,35_40
46,Private,174224,Assoc-voc,11,Divorced,Protective-serv,Not-in-family,Black,Male,0,0,40,United-States,<=50K,45_54,35_40
24,Private,311376,Bachelors,13,Never-married,Prof-specialty,Not-in-family,White,Female,0,0,40,United-States,<=50K,under_25,35_40
21,,219835,Assoc-voc,11,Never-married,,Not-in-family,White,Male,0,0,40,United-States,<=50K,under_25,35_40
18,Private,230875,11th,7,Never-married,Adm-clerical,Not-in-family,White,Male,0,0,40,United-States,<=50K,under_25,35_40
20,Private,51816,HS-grad,9,Never-married,Protective-serv,Own-child,Black,Male,0,0,40,United-States,<=50K,under_25,35_40
47,,174525,HS-grad,9,Married-civ-spouse,,Husband,White,Male,3942,0,40,,<=50K,45_54,35_40
52,Private,198824,Assoc-voc,11,Separated,Other-service,Unmarried,White,Female,0,0,35,United-States,<=50K,45_54,35_40
34,Private,193036,Some-college,10,Married-civ-spouse,Adm-clerical,Husband,Black,Male,0,0,40,United-States,>50K,25_34,35_40
19,,192773,Some-college,10,Never-married,,Own-child,White,Female,0,0,35,United-States,<=50K,under_25,35_40
43,Private,57600,Doctorate,16,Married-spouse-absent,Prof-specialty,Not-in-family,White,Female,0,0,40,,<=50K,35_44,35_40
51,Private,249741,Some-college,10,Married-civ-spouse,Sales,Husband,White,Male,0,0,40,United-States,<=50K,45_54,35_40
25,Private,63062,Some-college,10,Never-married,Farming-fishing,Own-child,White,Male,0,0,60,United-States,<=50K,25_34,50_plus
46,Private,174209,HS-grad,9,Divorced,Exec-managerial,Not-in-family,White,Male,0,0,45,United-States,<=50K,45_54,41_49
54,,124993,HS-grad,9,Married-civ-spouse,,Husband,White,Male,0,0,40,United-States,>50K,45_54,35_40
51,Private,103407,HS-grad,9,Divorced,Adm-clerical,Not-in-family,White,Female,0,0,40,United-States,<=50K,45_54,35_40
37,Private,269329,Assoc-voc,11,Divorced,Prof-specialty,Not-in-family,White,Female,8614,0,45,United-States,>50K,35_44,41_49
24,Private,161708,HS-grad,9,Divorced,Exec-managerial,Not-in-family,White,Female,0,0,45,United-States,>50K,under_25,41_49
45,State-gov,102308,Some-college,10,Married-civ-spouse,Exec-managerial,Husband,White,Male,0,0,40,United-States,<=50K,45_54,35_40
45,Self-emp-not-inc,160167,10th,6,Married-civ-spouse,Craft-repair,Husband,White,Male,0,0,70,United-States,<=50K,45_54,50_plus
54,Private,182854,HS-grad,9,Married-civ-spouse,Craft-repair,Husband,White,Male,0,0,45,United-States,<=50K,45_54,41_49
66,,112871,11th,7,Never-married,,Not-in-family,White,Male,0,0,30,United-States,<=50K,55_plus,under_35
21,State-gov,341410,Some-college,10,Never-married,Adm-clerical,Not-in-family,White,Female,0,0,15,United-States,<=50K,under_25,under_35
52,,159755,Assoc-voc,11,Married-civ-spouse,,Husband,White,Male,0,0,50,United-States,>50K,45_54,50_plus
27,Self-emp-inc,243871,Some-college,10,Never-married,Adm-clerical,Own-child,White,Female,0,0,45,United-States,<=50K,25_34,41_49
19,Private,196857,HS-grad,9,Never-married,Other-service,Not-in-family,White,Female,0,0,40,United-States,<=50K,under_25,35_40
64,Private,91343,Some-college,10,Widowed,Tech-support,Unmarried,White,Female,0,0,40,United-States,<=50K,55_plus,35_40
22,,216563,HS-grad,9,Never-married,,Other-relative,White,Female,0,0,40,United-States,<=50K,under_25,35_40
50,Self-emp-not-inc,174752,HS-grad,9,Divorced,Farming-fishing,Not-in-family,White,Male,0,0,40,United-States,<=50K,45_54,35_40
24,Private,265567,11th,7,Never-married,Craft-repair,Own-child,White,Male,0,0,35,United-States,<=50K,under_25,35_40
39,Private,144169,HS-grad,9,Married-civ-spouse,Sales,Husband,White,Male,0,0,50,United-States,>50K,35_44,50_plus
32,Private,94235,HS-grad,9,Married-civ-spouse,Craft-repair,Husband,White,Male,0,0,40,United-States,>50K,25_34,35_40
26,Private,225279,Some-college,10,Never-married,Prof-specialty,Not-in-family,White,Male,0,1602,40,,<=50K,25_34,35_40
41,Private,194710,HS-grad,9,Never-married,Exec-managerial,Not-in-family,White,Female,0,0,40,United-States,<=50K,35_44,35_40
38,Private,236391,Bachelors,13,Married-civ-spouse,Exec-managerial,Husband,White,Male,7688,0,40,United-States,>50K,35_44,35_40
22,Private,222993,HS-grad,9,Never-married,Handlers-cleaners,Own-child,White,Male,0,0,40,United-States,<=50K,under_25,35_40
56,,656036,HS-grad,9,Married-civ-spouse,,Husband,White,Male,0,0,25,United-States,<=50K,55_plus,under_35
51,Private,234057,HS-grad,9,Married-civ-spouse,Craft-repair,Husband,White,Male,0,0,45,United-States,>50K,45_54,41_49
32,Federal-gov,566117,Some-college,10,Divorced,Adm-clerical,Unmarried,White,Female,0,0,40,United-States,<=50K,25_34,35_40
35,Private,25955,11th,7,Never-married,Other-service,Unmarried,Amer-Indian-Eskimo,Male,0,0,40,United-States,<=50K,35_44,35_40
18,Private,387568,10th,6,Never-married,Sales,Own-child,White,Male,0,0,10,United-States,<=50K,under_25,under_35
22,Private,427686,10th,6,Divorced,Craft-repair,Own-child,White,Male,0,0,40,United-States,<=50K,under_25,35_40
36,Private,107302,Masters,14,Married-civ-spouse,Prof-specialty,Husband,White,Male,0,0,60,United-States,>50K,35_44,50_plus
17,Private,400225,11th,7,Never-married,Sales,Own-child,White,Female,0,0,20,United-States,<=50K,under_25,under_35
40,Private,367533,HS-grad,9,Divorced,Craft-repair,Not-in-family,White,Male,0,0,40,United-States,<=50K,35_44,35_40
69,Self-emp-not-inc,69306,Some-college,10,Married-civ-spouse,Other-service,Wife,White,Female,0,0,15,United-States,<=50K,55_plus,under_35
17,,179715,10th,6,Never-married,,Own-child,White,Male,0,0,40,United-States,<=50K,under_25,35_40
40,Self-emp-not-inc,335549,Prof-school,15,Never-married,Prof-specialty,Not-in-family,White,Male,0,2444,45,United-States,>50K,35_44,41_49
19,Federal-gov,30559,HS-grad,9,Married-AF-spouse,Sales,Wife,White,Female,0,0,40,United-States,<=50K,under_25,35_40
46,Private,271828,HS-grad,9,Married-civ-spouse,Machine-op-inspct,Husband,White,Male,0,0,40,United-States,>50K,45_54,35_40
64,Private,148606,10th,6,Separated,Other-service,Not-in-family,White,Female,0,0,35,United-States,<=50K,55_plus,35_40
47,Private,573583,HS-grad,9,Married-civ-spouse,Transport-moving,Husband,White,Male,0,0,48,Italy,>50K,45_54,41_49
28,Private,159001,HS-grad,9,Never-married,Handlers-cleaners,Own-child,White,Male,0,0,30,United-States,<=50K,25_34,under_35
38,Private,37028,Some-college,10,Divorced,Sales,Unmarried,White,Female,0,0,38,United-States,<=50K,35_44,35_40
40,Private,146659,HS-grad,9,Married-civ-spouse,Sales,Husband,White,Male,0,0,60,United-States,>50K,35_44,50_plus
23,Private,240063,Bachelors,13,Never-married,Machine-op-inspct,Own-child,White,Male,0,0,25,United-States,<=50K,under_25,under_35
47,Private,239439,11th,7,Married-civ-spouse,Machine-op-inspct,Wife,Black,Female,0,0,40,United-States,<=50K,45_54,35_40
31,Private,452405,Preschool,1,Never-married,Other-service,Other-relative,White,Female,0,0,35,Mexico,<=50K,25_34,35_40
60,Private,232618,Bachelors,13,Married-civ-spouse,Exec-managerial,Husband,White,Male,0,0,35,United-States,>50K,55_plus,35_40
23,Private,268525,Bachelors,13,Never-married,Prof-specialty,Not-in-family,White,Male,0,0,50,United-States,<=50K,under_25,50_plus
27,Private,163942,HS-grad,9,Never-married,Craft-repair,Not-in-family,White,Male,0,0,35,Ireland,<=50K,25_34,35_40
27,Private,85625,Some-college,10,Never-married,Sales,Not-in-family,White,Male,0,0,20,United-States,<=50K,25_34,under_35
55,Self-emp-not-inc,149168,HS-grad,9,Married-civ-spouse,Farming-fishing,Husband,White,Male,0,0,30,United-States,<=50K,55_plus,under_35
37,Private,218188,HS-grad,9,Divorced,Machine-op-inspct,Other-relative,White,Female,0,0,32,United-States,<=50K,35_44,under_35
55,Private,189528,7th-8th,4,Married-civ-spouse,Craft-repair,Husband,White,Male,0,0,60,United-States,<=50K,55_plus,50_plus
64,State-gov,194894,Doctorate,16,Never-married,Prof-specialty,Not-in-family,White,Female,4787,0,40,United-States,>50K,55_plus,35_40
21,Private,231866,HS-grad,9,Never-married,Farming-fishing,Own-child,White,Male,0,0,65,United-States,<=50K,under_25,50_plus
38,Private,53930,10th,6,Never-married,Craft-repair,Not-in-family,Black,Male,0,0,40,,<=50K,35_44,35_40
28,Private,480861,HS-grad,9,Married-civ-spouse,Machine-op-inspct,Husband,White,Male,0,0,45,United-States,<=50K,25_34,41_49
47,Private,125892,Some-college,10,Married-civ-spouse,Craft-repair,Husband,White,Male,0,0,75,United-States,>50K,45_54,50_plus
30,Private,398827,HS-grad,9,Married-AF-spouse,Adm-clerical,Husband,White,Male,0,0,60,United-States,<=50K,25_34,50_plus
21,Private,194723,Some-college,10,Never-married,Adm-clerical,Other-relative,White,Female,0,0,40,Mexico,<=50K,under_25,35_40
27,Private,301654,HS-grad,9,Never-married,Exec-managerial,Own-child,White,Female,0,0,40,United-States,<=50K,25_34,35_40
32,Private,296282,Bachelors,13,Married-civ-spouse,Sales,Husband,White,Male,0,0,40,United-States,<=50K,25_34,35_40
23,Private,113601,Some-college,10,Never-married,Handlers-cleaners,Own-child,White,Male,0,0,30,United-States,<=50K,under_25,under_35
46,Local-gov,102076,HS-grad,9,Divorced,Adm-clerical,Unmarried,White,Female,0,0,25,United-States,<=50K,45_54,under_35
24,Private,219754,HS-grad,9,Never-married,Adm-clerical,Own-child,White,Male,0,0,40,United-States,<=50K,under_25,35_40
35,Private,356838,Some-college,10,Married-civ-spouse,Tech-support,Husband,White,Male,2829,0,55,Poland,<=50K,35_44,50_plus
25,Private,173212,Assoc-acdm,12,Never-married,Farming-fishing,Not-in-family,White,Male,2354,0,45,United-States,<=50K,25_34,41_49
19,Private,181546,Some-college,10,Never-married,Adm-clerical,Own-child,White,Female,0,0,40,United-States,<=50K,under_25,35_40
55,Private,153484,Masters,14,Married-civ-spouse,Exec-managerial,Husband,White,Male,0,1977,50,United-States,>50K,55_plus,50_plus
64,Federal-gov,267546,Assoc-acdm,12,Separated,Prof-specialty,Not-in-family,White,Female,0,0,40,United-States,>50K,55_plus,35_40
22,Private,83704,Some-college,10,Never-married,Adm-clerical,Own-child,White,Male,0,0,30,United-States,<=50K,under_25,under_35
41,Private,247752,HS-grad,9,Married-civ-spouse,Sales,Husband,White,Male,0,0,40,United-States,<=50K,35_44,35_40
47,Private,95680,Some-college,10,Married-civ-spouse,Exec-managerial,Husband,Asian-Pac-Islander,Male,0,0,40,United-States,<=50K,45_54,35_40
24,State-gov,177526,Bachelors,13,Never-married,Prof-specialty,Not-in-family,White,Male,0,0,15,United-States,<=50K,under_25,under_35
33,Private,220939,HS-grad,9,Married-civ-spouse,Sales,Husband,White,Male,7298,0,45,United-States,>50K,25_34,41_49
21,Private,275726,HS-grad,9,Never-married,Craft-repair,Own-child,Black,Male,0,0,40,United-States,<=50K,under_25,35_40
38,Private,242720,Masters,14,Married-civ-spouse,Prof-specialty,Husband,White,Male,0,0,35,United-States,>50K,35_44,35_40
49,Private,160647,Bachelors,13,Married-civ-spouse,Adm-clerical,Wife,White,Female,0,0,40,United-States,>50K,45_54,35_40
30,Local-gov,326104,HS-grad,9,Married-civ-spouse,Protective-serv,Husband,White,Male,0,0,40,United-States,>50K,25_34,35_40
54,State-gov,93415,Bachelors,13,Never-married,Prof-specialty,Unmarried,Asian-Pac-Islander,Female,0,0,40,United-States,>50K,45_54,35_40
39,Private,338320,10th,6,Married-civ-spouse,Craft-repair,Husband,White,Male,0,0,60,United-States,>50K,35_44,50_plus
28,Private,142264,9th,5,Never-married,Machine-op-inspct,Not-in-family,White,Male,0,0,50,Dominican-Republic,<=50K,25_34,50_plus
39,Private,277886,Bachelors,13,Married-civ-spouse,Sales,Wife,White,Female,0,0,30,United-States,<=50K,35_44,under_35
31,Private,169269,7th-8th,4,Never-married,Craft-repair,Unmarried,White,Male,0,0,40,United-States,<=50K,25_34,35_40
59,Private,283005,11th,7,Divorced,Adm-clerical,Unmarried,White,Female,0,0,40,United-States,<=50K,55_plus,35_40
52,Private,141301,HS-grad,9,Divorced,Machine-op-inspct,Not-in-family,White,Female,0,0,40,United-States,<=50K,45_54,35_40
48,Private,235646,Some-college,10,Married-civ-spouse,Sales,Husband,White,Male,3103,0,40,United-States,>50K,45_54,35_40
49,State-gov,203039,11th,7,Married-civ-spouse,Adm-clerical,Husband,White,Male,0,0,40,United-States,<=50K,45_54,35_40
23,Private,145651,Some-college,10,Never-married,Sales,Own-child,Black,Female,0,0,20,United-States,<=50K,under_25,under_35
45,Private,189890,Assoc-acdm,12,Divorced,Prof-specialty,Unmarried,White,Female,5455,0,38,United-States,<=50K,45_54,35_40
33,Private,231043,HS-grad,9,Married-civ-spouse,Craft-repair,Husband,White,Male,0,0,50,United-States,>50K,25_34,50_plus
45,Private,183168,Bachelors,13,Divorced,Exec-managerial,Unmarried,White,Female,0,0,40,United-States,<=50K,45_54,35_40
19,Private,383637,HS-grad,9,Never-married,Other-service,Own-child,White,Male,0,0,20,United-States,<=50K,under_25,under_35
61,Private,92691,HS-grad,9,Married-civ-spouse,Adm-clerical,Husband,White,Male,0,0,3,United-States,<=50K,55_plus,under_35
23,Private,227594,Bachelors,13,Never-married,Prof-specialty,Own-child,White,Female,0,0,38,United-States,<=50K,under_25,35_40
47,Local-gov,242552,Some-college,10,Never-married,Protective-serv,Not-in-family,Black,Male,0,0,40,United-States,<=50K,45_54,35_40
46,Private,180695,Some-college,10,Never-married,Adm-clerical,Own-child,White,Female,0,0,40,United-States,<=50K,45_54,35_40
43,Private,111252,Some-college,10,Married-civ-spouse,Transport-moving,Husband,White,Male,0,0,42,United-States,<=50K,35_44,41_49
32,Private,43403,Some-college,10,Divorced,Farming-fishing,Not-in-family,White,Female,0,1590,54,United-States,<=50K,25_34,50_plus
45,Private,247869,Bachelors,13,Married-civ-spouse,Prof-specialty,Husband,White,Male,0,0,60,United-States,>50K,45_54,50_plus
33,Private,262439,HS-grad,9,Married-civ-spouse,Adm-clerical,Wife,White,Female,0,0,35,United-States,>50K,25_34,35_40
40,Private,181015,HS-grad,9,Separated,Other-service,Unmarried,White,Female,0,0,47,United-States,<=50K,35_44,41_49
41,Self-emp-inc,139916,Assoc-voc,11,Married-civ-spouse,Sales,Husband,Other,Male,0,2179,84,Mexico,<=50K,35_44,50_plus
36,Private,284616,Some-college,10,Married-civ-spouse,Exec-managerial,Husband,White,Male,0,0,40,United-States,<=50K,35_44,35_40
21,Private,305874,Some-college,10,Married-civ-spouse,Craft-repair,Husband,White,Male,0,0,54,United-States,<=50K,under_25,50_plus
28,Private,208965,9th,5,Never-married,Machine-op-inspct,Unmarried,Other,Male,0,0,40,Mexico,<=50K,25_34,35_40
46,Self-emp-not-inc,57452,Assoc-voc,11,Married-civ-spouse,Craft-repair,Husband,White,Male,0,0,40,United-States,>50K,45_54,35_40
66,,190324,HS-grad,9,Married-civ-spouse,,Husband,Black,Male,0,0,18,United-States,<=50K,55_plus,under_35
42,Federal-gov,122861,Masters,14,Married-civ-spouse,Exec-managerial,Husband,White,Male,0,0,40,United-States,>50K,35_44,35_40
46,State-gov,192779,Bachelors,13,Married-civ-spouse,Exec-managerial,Husband,White,Male,7688,0,40,United-States,>50K,45_54,35_40
43,Private,218558,Bachelors,13,Married-spouse-absent,Prof-specialty,Not-in-family,White,Male,3325,0,40,United-States,<=50K,35_44,35_40
23,Private,308205,Assoc-acdm,12,Never-married,Other-service,Own-child,White,Male,0,0,20,United-States,<=50K,under_25,under_35
28,Private,259351,10th,6,Never-married,Other-service,Other-relative,Amer-Indian-Eskimo,Male,0,0,40,Mexico,<=50K,25_34,35_40
41,Private,116391,Bachelors,13,Married-civ-spouse,Exec-managerial,Husband,White,Male,0,0,40,United-States,>50K,35_44,35_40
50,Self-emp-not-inc,44368,HS-grad,9,Married-civ-spouse,Sales,Husband,White,Male,15024,0,55,El-Salvador,>50K,45_54,50_plus
38,Private,111398,Bachelors,13,Married-civ-spouse,Prof-specialty,Wife,White,Female,7688,0,40,United-States,>50K,35_44,35_40
50,Private,170050,7th-8th,4,Married-civ-spouse,Machine-op-inspct,Husband,White,Male,0,0,40,United-States,<=50K,45_54,35_40
63,Private,183608,10th,6,Married-civ-spouse,Exec-managerial,Husband,White,Male,0,0,40,United-States,<=50K,55_plus,35_40
23,Private,210443,Bachelors,13,Never-married,Prof-specialty,Own-child,White,Female,0,0,40,United-States,<=50K,under_25,35_40
18,Private,43272,Some-college,10,Never-married,Other-service,Own-child,White,Male,0,0,20,United-States,<=50K,under_25,under_35
26,Private,117833,Bachelors,13,Never-married,Exec-managerial,Not-in-family,White,Female,0,1669,50,United-States,<=50K,25_34,50_plus
33,Private,323619,Some-college,10,Never-married,Adm-clerical,Unmarried,White,Female,0,0,40,United-States,<=50K,25_34,35_40
39,Self-emp-not-inc,188571,Assoc-voc,11,Married-civ-spouse,Farming-fishing,Husband,White,Male,0,0,60,United-States,<=50K,35_44,50_plus
39,Local-gov,57424,Bachelors,13,Divorced,Adm-clerical,Unmarried,White,Female,0,0,35,United-States,<=50K,35_44,35_40
57,Private,180920,10th,6,Married-civ-spouse,Craft-repair,Husband,White,Male,0,0,43,United-States,<=50K,55_plus,41_49
39,Local-gov,187127,Some-college,10,Married-civ-spouse,Exec-managerial,Husband,White,Male,0,0,40,United-States,<=50K,35_44,35_40
24,Private,69045,Some-college,10,Never-married,Sales,Not-in-family,Black,Male,0,0,40,Jamaica,<=50K,under_25,35_40
24,Local-gov,134181,Bachelors,13,Never-married,Prof-specialty,Own-child,White,Female,0,0,50,United-States,<=50K,under_25,50_plus
51,Private,159910,Bachelors,13,Divorced,Exec-managerial,Not-in-family,Black,Male,10520,0,40,United-States,>50K,45_54,35_40
51,Private,35576,HS-grad,9,Divorced,Craft-repair,Not-in-family,White,Male,0,0,38,United-States,<=50K,45_54,35_40
19,,37332,HS-grad,9,Never-married,,Own-child,White,Female,1055,0,12,United-States,<=50K,under_25,under_35
19,,365871,7th-8th,4,Never-married,,Not-in-family,White,Male,0,0,40,Mexico,<=50K,under_25,35_40
29,Private,95465,HS-grad,9,Married-civ-spouse,Other-service,Husband,White,Male,0,0,40,United-States,<=50K,25_34,35_40
74,,104661,Some-college,10,Widowed,,Not-in-family,White,Female,0,0,12,United-States,<=50K,55_plus,under_35
31,Local-gov,50442,Some-college,10,Never-married,Exec-managerial,Own-child,Amer-Indian-Eskimo,Female,0,0,32,United-States,<=50K,25_34,under_35
61,Private,159046,7th-8th,4,Married-civ-spouse,Transport-moving,Husband,White,Male,0,0,40,United-States,<=50K,55_plus,35_40
24,Local-gov,117109,Bachelors,13,Never-married,Adm-clerical,Own-child,Black,Female,0,0,27,United-States,<=50K,under_25,under_35
63,Private,181863,Bachelors,13,Never-married,Sales,Not-in-family,White,Male,0,0,27,United-States,<=50K,55_plus,under_35
71,Self-emp-not-inc,130731,HS-grad,9,Widowed,Adm-clerical,Not-in-family,White,Female,0,0,35,United-States,<=50K,55_plus,35_40
35,Private,236910,Bachelors,13,Married-civ-spouse,Exec-managerial,Husband,White,Male,0,0,60,United-States,<=50K,35_44,50_plus
41,Private,89226,HS-grad,9,Divorced,Craft-repair,Not-in-family,White,Male,0,0,40,United-States,<=50K,35_44,35_40
26,Private,292353,7th-8th,4,Married-civ-spouse,Machine-op-inspct,Husband,Other,Male,0,0,40,United-States,<=50K,25_34,35_40
61,Private,232308,10th,6,Married-civ-spouse,Machine-op-inspct,Husband,White,Male,0,0,40,United-States,<=50K,55_plus,35_40
33,Private,170651,HS-grad,9,Never-married,Other-service,Own-child,White,Female,1055,0,40,United-States,<=50K,25_34,35_40
39,Private,343403,HS-grad,9,Married-civ-spouse,Sales,Wife,White,Female,0,0,36,United-States,<=50K,35_44,35_40
21,Private,143062,Some-college,10,Never-married,Other-service,Own-child,White,Male,0,0,32,United-States,<=50K,under_25,under_35
44,State-gov,174325,Masters,14,Married-civ-spouse,Prof-specialty,Husband,Black,Male,7688,0,40,United-States,>50K,35_44,35_40
57,Private,145189,Some-college,10,Never-married,Adm-clerical,Not-in-family,White,Female,0,0,40,United-States,<=50K,55_plus,35_40
35,Self-emp-not-inc,267776,HS-grad,9,Never-married,Other-service,Other-relative,White,Female,0,0,30,United-States,<=50K,35_44,under_35
30,Private,306383,Some-college,10,Divorced,Handlers-cleaners,Not-in-family,White,Male,0,0,50,United-States,<=50K,25_34,50_plus
28,Private,241895,HS-grad,9,Married-civ-spouse,Sales,Husband,White,Male,0,1628,40,United-States,<=50K,25_34,35_40
18,Private,148644,HS-grad,9,Never-married,Sales,Own-child,White,Female,0,0,28,United-States,<=50K,under_25,under_35
56,Private,318450,Masters,14,Married-civ-spouse,Adm-clerical,Husband,White,Male,0,0,80,United-States,>50K,55_plus,50_plus
41,Private,119721,HS-grad,9,Married-civ-spouse,Tech-support,Husband,White,Male,0,0,40,United-States,<=50K,35_44,35_40
42,Self-emp-not-inc,344920,Some-college,10,Married-civ-spouse,Farming-fishing,Wife,White,Female,0,0,50,United-States,<=50K,35_44,50_plus
24,Private,23438,Assoc-voc,11,Never-married,Adm-clerical,Not-in-family,White,Male,0,0,30,United-States,>50K,under_25,under_35
52,Private,101752,Assoc-voc,11,Married-civ-spouse,Transport-moving,Husband,White,Male,0,0,56,United-States,<=50K,45_54,50_plus
49,Self-emp-inc,362654,Some-college,10,Married-civ-spouse,Exec-managerial,Husband,White,Male,15024,0,50,United-States,>50K,45_54,50_plus
23,Private,249277,HS-grad,9,Never-married,Exec-managerial,Own-child,Black,Male,0,0,75,United-States,<=50K,under_25,50_plus
28,Private,132870,11th,7,Married-civ-spouse,Craft-repair,Husband,White,Male,0,0,45,United-States,<=50K,25_34,41_49
30,Private,35644,HS-grad,9,Never-married,Other-service,Own-child,White,Male,0,0,10,United-States,<=50K,25_34,under_35
19,Private,262515,11th,7,Never-married,Other-service,Other-relative,White,Male,0,0,20,United-States,<=50K,under_25,under_35
51,Local-gov,420917,Bachelors,13,Married-civ-spouse,Prof-specialty,Husband,White,Male,0,0,45,United-States,<=50K,45_54,41_49
46,Private,201217,HS-grad,9,Divorced,Prof-specialty,Not-in-family,White,Female,0,0,40,United-States,<=50K,45_54,35_40
54,,32385,HS-grad,9,Divorced,,Not-in-family,White,Female,0,0,30,United-States,<=50K,45_54,under_35
34,Private,353213,Assoc-acdm,12,Separated,Craft-repair,Not-in-family,White,Male,0,0,60,United-States,<=50K,25_34,50_plus
21,Private,190761,10th,6,Married-civ-spouse,Farming-fishing,Husband,White,Male,0,0,70,United-States,<=50K,under_25,50_plus
40,Private,130571,HS-grad,9,Never-married,Other-service,Not-in-family,White,Female,0,0,40,United-States,<=50K,35_44,35_40
62,Local-gov,151369,HS-grad,9,Never-married,Craft-repair,Not-in-family,White,Male,0,0,40,United-States,<=50K,55_plus,35_40
29,Private,56630,Assoc-voc,11,Married-civ-spouse,Adm-clerical,Husband,White,Male,0,0,40,United-States,<=50K,25_34,35_40
49,Private,117095,HS-grad,9,Separated,Machine-op-inspct,Unmarried,White,Female,0,0,40,United-States,<=50K,45_54,35_40
55,Federal-gov,189985,Some-college,10,Divorced,Adm-clerical,Unmarried,Black,Female,0,0,40,United-States,<=50K,55_plus,35_40
37,Self-emp-inc,126675,Bachelors,13,Never-married,Exec-managerial,Own-child,White,Male,0,0,40,United-States,<=50K,35_44,35_40
45,Private,33300,Assoc-voc,11,Married-civ-spouse,Sales,Husband,White,Male,0,1977,50,United-States,>50K,45_54,50_plus
68,Private,76371,HS-grad,9,Married-civ-spouse,Handlers-cleaners,Husband,White,Male,0,0,45,United-States,>50K,55_plus,41_49
51,Private,254230,Some-college,10,Married-civ-spouse,Exec-managerial,Husband,White,Male,0,0,40,United-States,>50K,45_54,35_40
43,Private,160369,HS-grad,9,Never-married,Machine-op-inspct,Own-child,White,Male,0,0,40,United-States,<=50K,35_44,35_40
62,,182687,Some-college,10,Married-civ-spouse,,Wife,White,Female,0,0,45,United-States,>50K,55_plus,41_49
53,Private,104501,Bachelors,13,Married-civ-spouse,Exec-managerial,Husband,White,Male,0,1902,55,United-States,>50K,45_54,50_plus
19,Private,251579,Some-college,10,Never-married,Other-service,Own-child,White,Male,0,0,14,United-States,<=50K,under_25,under_35
63,Local-gov,109849,Bachelors,13,Never-married,Prof-specialty,Not-in-family,Black,Female,0,0,21,United-States,<=50K,55_plus,under_35
29,,315026,HS-grad,9,Divorced,,Unmarried,White,Female,0,0,40,United-States,<=50K,25_34,35_40
24,Federal-gov,314525,Bachelors,13,Never-married,Prof-specialty,Not-in-family,White,Male,0,1741,45,United-States,<=50K,under_25,41_49
52,Self-emp-not-inc,103794,Assoc-voc,11,Divorced,Prof-specialty,Not-in-family,White,Female,0,0,35,United-States,<=50K,45_54,35_40
67,Self-emp-not-inc,124470,HS-grad,9,Married-civ-spouse,Farming-fishing,Husband,White,Male,0,0,60,United-States,<=50K,55_plus,50_plus
49,Private,68505,9th,5,Divorced,Other-service,Not-in-family,Black,Male,0,0,37,United-States,<=50K,45_54,35_40
30,Private,159442,HS-grad,9,Separated,Adm-clerical,Not-in-family,White,Female,0,0,40,United-States,<=50K,25_34,35_40
28,Private,66473,HS-grad,9,Divorced,Machine-op-inspct,Own-child,White,Male,0,0,40,United-States,<=50K,25_34,35_40
57,Self-emp-not-inc,47857,Some-college,10,Married-civ-spouse,Farming-fishing,Husband,White,Male,0,0,50,United-States,<=50K,55_plus,50_plus
34,Self-emp-not-inc,320194,Prof-school,15,Separated,Prof-specialty,Unmarried,White,Male,0,0,48,United-States,>50K,25_34,41_49
28,Private,312588,10th,6,Divorced,Other-service,Not-in-family,White,Female,0,0,40,United-States,<=50K,25_34,35_40
51,Self-emp-not-inc,240358,Some-college,10,Married-civ-spouse,Craft-repair,Husband,White,Male,0,0,20,United-States,<=50K,45_54,under_35
44,Private,101593,Bachelors,13,Married-civ-spouse,Sales,Husband,White,Male,0,0,60,United-States,<=50K,35_44,50_plus
29,Self-emp-not-inc,227890,Bachelors,13,Never-married,Prof-specialty,Not-in-family,Black,Male,0,0,40,United-States,<=50K,25_34,35_40
50,Self-emp-inc,156623,Prof-school,15,Married-civ-spouse,Prof-specialty,Husband,Asian-Pac-Islander,Male,7688,0,50,Philippines,>50K,45_54,50_plus
21,Private,260617,10th,6,Married-civ-spouse,Machine-op-inspct,Husband,White,Male,0,0,36,United-States,<=50K,under_25,35_40
51,Local-gov,146181,9th,5,Married-civ-spouse,Transport-moving,Husband,Black,Male,0,0,40,United-States,<=50K,45_54,35_40
34,Private,275438,Some-college,10,Married-civ-spouse,Prof-specialty,Husband,White,Male,5178,0,40,United-States,>50K,25_34,35_40
55,Private,147098,HS-grad,9,Married-civ-spouse,Craft-repair,Husband,White,Male,0,0,50,United-States,>50K,55_plus,50_plus
52,Private,114062,HS-grad,9,Divorced,Craft-repair,Unmarried,White,Female,0,0,40,United-States,<=50K,45_54,35_40
36,Private,95654,Bachelors,13,Married-civ-spouse,Prof-specialty,Wife,White,Female,0,0,50,Iran,>50K,35_44,50_plus
46,Private,190487,HS-grad,9,Divorced,Priv-house-serv,Unmarried,White,Female,0,0,28,Ecuador,<=50K,45_54,under_35
46,Private,324655,Masters,14,Married-civ-spouse,Tech-support,Husband,White,Male,0,1902,40,,>50K,45_54,35_40
23,Private,348092,HS-grad,9,Never-married,Transport-moving,Own-child,Black,Male,0,0,40,Haiti,<=50K,under_25,35_40
51,Federal-gov,45334,Some-college,10,Married-civ-spouse,Protective-serv,Husband,Asian-Pac-Islander,Male,0,0,70,,<=50K,45_54,50_plus
18,Private,127388,12th,8,Never-married,Other-service,Not-in-family,White,Female,0,0,25,United-States,<=50K,under_25,under_35
21,Private,243842,HS-grad,9,Married-civ-spouse,Farming-fishing,Husband,White,Male,0,0,40,United-States,<=50K,under_25,35_40
34,Private,62165,Some-college,10,Never-married,Sales,Other-relative,Black,Male,0,0,30,United-States,<=50K,25_34,under_35
20,,307149,Some-college,10,Never-married,,Own-child,White,Female,0,0,35,United-States,<=50K,under_25,35_40
25,Private,171114,HS-grad,9,Never-married,Adm-clerical,Not-in-family,White,Female,0,0,48,United-States,<=50K,25_34,41_49
41,Private,125461,Some-college,10,Divorced,Craft-repair,Not-in-family,White,Male,0,0,40,United-States,>50K,35_44,35_40
27,Self-emp-inc,233724,HS-grad,9,Separated,Adm-clerical,Not-in-family,White,Male,0,0,38,United-States,<=50K,25_34,35_40
26,Private,182178,Some-college,10,Married-civ-spouse,Craft-repair,Husband,White,Male,2829,0,40,United-States,<=50K,25_34,35_40
61,Private,195453,HS-grad,9,Married-civ-spouse,Exec-managerial,Husband,White,Male,0,0,50,United-States,>50K,55_plus,50_plus
20,Private,138768,HS-grad,9,Never-married,Handlers-cleaners,Own-child,White,Male,0,0,40,United-States,<=50K,under_25,35_40
36,Private,99270,HS-grad,9,Married-civ-spouse,Farming-fishing,Wife,White,Female,0,0,40,United-States,<=50K,35_44,35_40
32,Private,34104,HS-grad,9,Married-civ-spouse,Exec-managerial,Husband,White,Male,3103,0,55,United-States,>50K,25_34,50_plus
23,Private,257621,Bachelors,13,Never-married,Sales,Not-in-family,White,Female,0,0,45,United-States,<=50K,under_25,41_49
49,Self-emp-not-inc,200471,HS-grad,9,Married-civ-spouse,Craft-repair,Husband,White,Male,0,0,40,United-States,<=50K,45_54,35_40
28,Private,212640,Prof-school,15,Never-married,Prof-specialty,Not-in-family,White,Female,0,0,85,United-States,<=50K,25_34,50_plus
25,Private,358975,HS-grad,9,Never-married,Other-service,Not-in-family,White,Female,0,0,35,United-States,<=50K,25_34,35_40
35,Self-emp-not-inc,189878,Masters,14,Married-civ-spouse,Sales,Husband,White,Male,0,0,40,United-States,>50K,35_44,35_40
45,Private,449354,Some-college,10,Married-civ-spouse,Exec-managerial,Husband,White,Male,0,0,40,United-States,<=50K,45_54,35_40
33,,182771,Bachelors,13,Never-married,,Own-child,Asian-Pac-Islander,Male,0,0,80,Philippines,<=50K,25_34,50_plus
28,Private,98010,Some-college,10,Married-spouse-absent,Adm-clerical,Own-child,White,Female,0,0,40,United-States,<=50K,25_34,35_40
21,Private,30039,Some-college,10,Never-married,Prof-specialty,Own-child,White,Male,0,0,40,United-States,<=50K,under_25,35_40
27,Private,146764,Some-college,10,Married-civ-spouse,Exec-managerial,Wife,White,Female,0,0,40,United-States,>50K,25_34,35_40
33,Private,93930,HS-grad,9,Never-married,Craft-repair,Not-in-family,White,Male,0,0,50,United-States,<=50K,25_34,50_plus
35,Private,340110,Bachelors,13,Married-civ-spouse,Exec-managerial,Husband,White,Male,0,1848,70,United-States,>50K,35_44,50_plus
49,Private,148398,HS-grad,9,Divorced,Machine-op-inspct,Not-in-family,Black,Female,0,0,40,United-States,<=50K,45_54,35_40
28,Private,185061,11th,7,Never-married,Handlers-cleaners,Other-relative,White,Male,0,0,40,United-States,<=50K,25_34,35_40
25,Private,132749,11th,7,Divorced,Other-service,Unmarried,White,Female,0,0,12,United-States,<=50K,25_34,under_35
48,Local-gov,31264,Some-college,10,Married-civ-spouse,Exec-managerial,Wife,White,Female,5178,0,40,United-States,>50K,45_54,35_40
52,Self-emp-inc,100506,Some-college,10,Married-civ-spouse,Sales,Husband,White,Male,15024,0,50,United-States,>50K,45_54,50_plus
54,Private,146409,Some-college,10,Widowed,Exec-managerial,Unmarried,White,Female,0,0,40,United-States,<=50K,45_54,35_40
18,Private,232024,11th,7,Never-married,Machine-op-inspct,Own-child,White,Male,0,0,55,United-States,<=50K,under_25,50_plus
25,Private,191230,Some-college,10,Never-married,Exec-managerial,Own-child,White,Female,0,0,40,Yugoslavia,<=50K,25_34,35_40
31,State-gov,93589,HS-grad,9,Divorced,Protective-serv,Own-child,Other,Male,0,0,40,United-States,<=50K,25_34,35_40
73,,132737,10th,6,Never-married,,Not-in-family,White,Male,0,0,4,United-States,<=50K,55_plus,under_35
40,Private,123557,Some-college,10,Married-civ-spouse,Sales,Husband,White,Male,0,0,40,United-States,<=50K,35_44,35_40
22,State-gov,48121,Some-college,10,Married-civ-spouse,Other-service,Husband,White,Male,0,0,25,United-States,<=50K,under_25,under_35
30,Private,302149,Bachelors,13,Married-civ-spouse,Sales,Husband,Asian-Pac-Islander,Male,0,0,40,India,<=50K,25_34,35_40
25,Private,168403,Bachelors,13,Never-married,Prof-specialty,Not-in-family,White,Male,0,1741,40,United-States,<=50K,25_34,35_40
40,Private,118001,HS-grad,9,Never-married,Handlers-cleaners,Not-in-family,Black,Male,0,0,40,United-States,<=50K,35_44,35_40
43,Federal-gov,211450,HS-grad,9,Never-married,Adm-clerical,Own-child,White,Male,0,0,40,United-States,<=50K,35_44,35_40
21,,189888,Assoc-acdm,12,Never-married,,Not-in-family,White,Male,0,0,55,United-States,<=50K,under_25,50_plus
57,Local-gov,148509,Bachelors,13,Married-civ-spouse,Prof-specialty,Husband,Asian-Pac-Islander,Male,0,0,35,India,<=50K,55_plus,35_40
25,State-gov,261979,HS-grad,9,Never-married,Prof-specialty,Not-in-family,White,Male,0,0,40,United-States,<=50K,25_34,35_40
51,Private,55507,HS-grad,9,Married-civ-spouse,Craft-repair,Husband,Black,Male,0,0,40,United-States,<=50K,45_54,35_40
31,Private,379798,Some-college,10,Married-civ-spouse,Sales,Husband,White,Male,0,0,40,United-States,>50K,25_34,35_40
37,Private,148015,Bachelors,13,Married-civ-spouse,Prof-specialty,Wife,Black,Female,15024,0,40,United-States,>50K,35_44,35_40
43,Private,108945,Some-college,10,Divorced,Prof-specialty,Unmarried,White,Female,0,0,38,United-States,<=50K,35_44,35_40
35,,117528,Assoc-voc,11,Married-civ-spouse,,Wife,White,Female,0,0,40,United-States,>50K,35_44,35_40
47,Private,124973,Assoc-voc,11,Married-civ-spouse,Exec-managerial,Husband,White,Male,15024,0,50,United-States,>50K,45_54,50_plus
26,Private,171114,Assoc-voc,11,Separated,Adm-clerical,Unmarried,White,Female,0,0,35,United-States,<=50K,25_34,35_40
20,,24395,Some-college,10,Never-married,,Unmarried,White,Female,0,0,20,United-States,<=50K,under_25,under_35
38,Private,136081,Prof-school,15,Married-civ-spouse,Prof-specialty,Husband,White,Male,0,0,60,United-States,>50K,35_44,50_plus
36,Private,130926,Bachelors,13,Divorced,Adm-clerical,Not-in-family,White,Female,3674,0,40,United-States,<=50K,35_44,35_40
27,Private,129624,Bachelors,13,Married-civ-spouse,Exec-managerial,Husband,White,Male,0,0,40,United-States,>50K,25_34,35_40
29,Private,89030,HS-grad,9,Never-married,Sales,Unmarried,White,Female,0,0,40,United-States,<=50K,25_34,35_40
19,Private,299050,Some-college,10,Never-married,Adm-clerical,Own-child,White,Male,0,0,20,United-States,<=50K,under_25,under_35
40,Self-emp-not-inc,209833,Some-college,10,Married-civ-spouse,Craft-repair,Husband,White,Male,0,0,60,United-States,<=50K,35_44,50_plus
30,Private,312667,HS-grad,9,Married-civ-spouse,Transport-moving,Husband,White,Male,0,0,40,United-States,<=50K,25_34,35_40
50,Private,162632,HS-grad,9,Married-civ-spouse,Exec-managerial,Husband,White,Male,0,0,45,United-States,<=50K,45_54,41_49
39,Private,173175,Bachelors,13,Married-civ-spouse,Exec-managerial,Husband,White,Male,15024,0,50,United-States,>50K,35_44,50_plus
51,Local-gov,110965,Masters,14,Never-married,Prof-specialty,Own-child,White,Male,0,0,40,United-States,<=50K,45_54,35_40
28,Private,216178,HS-grad,9,Married-civ-spouse,Sales,Husband,White,Male,0,0,40,United-States,<=50K,25_34,35_40
18,Private,57957,HS-grad,9,Never-married,Sales,Own-child,White,Female,0,0,15,United-States,<=50K,under_25,under_35
45,Federal-gov,311671,Assoc-voc,11,Married-civ-spouse,Protective-serv,Husband,White,Male,3908,0,40,United-States,<=50K,45_54,35_40
38,State-gov,354591,HS-grad,9,Never-married,Other-service,Unmarried,Black,Female,114,0,38,United-States,<=50K,35_44,35_40
46,Private,308334,1st-4th,2,Widowed,Other-service,Unmarried,Other,Female,0,0,30,Mexico,<=50K,45_54,under_35
31,Private,260782,Some-college,10,Married-civ-spouse,Transport-moving,Husband,White,Male,0,1579,45,El-Salvador,<=50K,25_34,41_49
25,Private,163620,HS-grad,9,Married-civ-spouse,Exec-managerial,Husband,White,Male,7298,0,84,United-States,>50K,25_34,50_plus
25,State-gov,129200,Some-college,10,Never-married,Transport-moving,Not-in-family,Black,Male,0,0,40,United-States,<=50K,25_34,35_40
33,Federal-gov,207172,HS-grad,9,Never-married,Exec-managerial,Not-in-family,White,Female,0,0,40,United-States,<=50K,25_34,35_40
33,Private,135312,Bachelors,13,Never-married,Prof-specialty,Not-in-family,White,Male,0,0,40,United-States,>50K,25_34,35_40
37,Federal-gov,196348,Some-college,10,Married-civ-spouse,Machine-op-inspct,Husband,White,Male,0,0,40,United-States,<=50K,35_44,35_40
63,,203821,HS-grad,9,Married-civ-spouse,,Husband,White,Male,0,0,40,United-States,<=50K,55_plus,35_40
40,Federal-gov,298635,Masters,14,Married-civ-spouse,Tech-support,Husband,Asian-Pac-Islander,Male,0,1902,40,Philippines,>50K,35_44,35_40
18,Private,130849,11th,7,Never-married,Other-service,Own-child,White,Female,0,0,8,United-States,<=50K,under_25,under_35
25,Private,228608,Some-college,10,Never-married,Craft-repair,Other-relative,Asian-Pac-Islander,Female,0,0,40,Cambodia,<=50K,25_34,35_40
29,Private,232914,Assoc-voc,11,Never-married,Adm-clerical,Own-child,Black,Female,0,0,40,United-States,<=50K,25_34,35_40
59,Local-gov,161944,Bachelors,13,Never-married,Adm-clerical,Not-in-family,White,Male,0,0,38,United-States,<=50K,55_plus,35_40
27,Private,123984,Assoc-acdm,12,Never-married,Other-service,Not-in-family,Asian-Pac-Islander,Female,0,0,35,Philippines,<=50K,25_34,35_40
40,Private,179717,Bachelors,13,Divorced,Sales,Not-in-family,White,Male,0,1564,60,United-States,>50K,35_44,50_plus
51,Private,182187,Bachelors,13,Never-married,Prof-specialty,Not-in-family,Black,Male,0,0,35,United-States,<=50K,45_54,35_40
47,Private,168232,Some-college,10,Married-civ-spouse,Adm-clerical,Husband,White,Male,0,0,44,United-States,>50K,45_54,41_49
81,Private,364099,Some-college,10,Divorced,Adm-clerical,Not-in-family,White,Female,0,0,20,United-States,<=50K,55_plus,under_35
31,,345497,10th,6,Married-civ-spouse,,Husband,White,Male,0,0,40,United-States,<=50K,25_34,35_40
37,Federal-gov,289653,Some-college,10,Married-civ-spouse,Craft-repair,Husband,White,Male,0,0,40,United-States,<=50K,35_44,35_40
34,Private,253438,Some-college,10,Married-civ-spouse,Exec-managerial,Husband,White,Male,0,0,60,United-States,>50K,25_34,50_plus
75,Private,311184,Bachelors,13,Married-civ-spouse,Exec-managerial,Husband,White,Male,0,0,24,United-States,<=50K,55_plus,under_35
20,Private,275190,HS-grad,9,Never-married,Adm-clerical,Own-child,White,Female,0,0,40,United-States,<=50K,under_25,35_40
43,Private,331894,Some-college,10,Married-civ-spouse,Transport-moving,Husband,White,Male,0,0,60,United-States,>50K,35_44,50_plus
48,Private,145041,HS-grad,9,Never-married,Machine-op-inspct,Other-relative,White,Male,0,0,40,Dominican-Republic,<=50K,45_54,35_40
35,Private,46385,HS-grad,9,Married-civ-spouse,Transport-moving,Husband,White,Male,5178,0,90,United-States,>50K,35_44,50_plus
41,State-gov,363591,Assoc-voc,11,Married-civ-spouse,Exec-managerial,Husband,White,Male,0,0,40,United-States,<=50K,35_44,35_40
25,Private,366416,HS-grad,9,Never-married,Adm-clerical,Own-child,White,Female,0,0,40,United-States,<=50K,25_34,35_40
25,Private,308144,Bachelors,13,Never-married,Craft-repair,Not-in-family,White,Male,0,0,40,Mexico,<=50K,25_34,35_40
45,Self-emp-inc,142719,Bachelors,13,Married-civ-spouse,Exec-managerial,Husband,White,Male,0,0,40,United-States,>50K,45_54,35_40
51,Self-emp-not-inc,149220,Some-college,10,Married-civ-spouse,Farming-fishing,Husband,White,Male,0,0,75,United-States,<=50K,45_54,50_plus
37,Self-emp-not-inc,362062,Prof-school,15,Married-civ-spouse,Prof-specialty,Husband,White,Male,99999,0,50,United-States,>50K,35_44,50_plus
23,Private,107578,Bachelors,13,Never-married,Adm-clerical,Own-child,White,Female,2174,0,40,United-States,<=50K,under_25,35_40
18,Private,188476,11th,7,Never-married,Exec-managerial,Own-child,White,Male,0,0,20,United-States,<=50K,under_25,under_35
25,Private,252752,Some-college,10,Never-married,Prof-specialty,Not-in-family,White,Female,0,0,8,United-States,<=50K,25_34,under_35
42,Private,201732,Some-college,10,Married-civ-spouse,Sales,Husband,White,Male,0,0,40,United-States,>50K,35_44,35_40
48,State-gov,170142,Masters,14,Divorced,Prof-specialty,Not-in-family,White,Male,0,0,40,United-States,>50K,45_54,35_40
44,Self-emp-not-inc,187164,HS-grad,9,Divorced,Transport-moving,Unmarried,White,Male,0,0,60,United-States,<=50K,35_44,50_plus
31,State-gov,111843,Assoc-acdm,12,Separated,Other-service,Unmarried,Black,Female,0,0,40,United-States,<=50K,25_34,35_40
60,Private,227332,Assoc-voc,11,Widowed,Adm-clerical,Not-in-family,White,Male,0,0,40,United-States,<=50K,55_plus,35_40
31,Private,153078,Assoc-acdm,12,Never-married,Craft-repair,Own-child,Other,Male,0,0,50,United-States,<=50K,25_34,50_plus
51,Private,305147,Bachelors,13,Never-married,Prof-specialty,Not-in-family,White,Male,0,0,40,United-States,<=50K,45_54,35_40
44,Self-emp-not-inc,402397,Masters,14,Married-civ-spouse,Exec-managerial,Wife,White,Female,0,1902,60,United-States,>50K,35_44,50_plus
29,Private,77760,HS-grad,9,Married-civ-spouse,Adm-clerical,Husband,White,Male,0,0,45,United-States,<=50K,25_34,41_49
34,Private,117963,Prof-school,15,Married-civ-spouse,Prof-specialty,Husband,White,Male,0,0,50,United-States,>50K,25_34,50_plus
52,Private,270142,Assoc-voc,11,Separated,Exec-managerial,Unmarried,Black,Female,0,0,60,United-States,<=50K,45_54,50_plus
23,Private,35633,HS-grad,9,Married-civ-spouse,Handlers-cleaners,Husband,White,Male,0,0,40,United-States,<=50K,under_25,35_40
55,Private,151474,Bachelors,13,Never-married,Tech-support,Other-relative,White,Female,0,1590,38,United-States,<=50K,55_plus,35_40
19,Private,283033,11th,7,Never-married,Other-service,Not-in-family,White,Male,0,0,40,United-States,<=50K,under_25,35_40
38,Self-emp-not-inc,203836,5th-6th,3,Never-married,Transport-moving,Not-in-family,White,Male,0,0,40,United-States,<=50K,35_44,35_40
33,Federal-gov,348491,Some-college,10,Married-civ-spouse,Exec-managerial,Wife,Black,Female,0,0,40,United-States,>50K,25_34,35_40
20,Private,24008,Some-college,10,Never-married,Handlers-cleaners,Not-in-family,White,Male,0,0,24,United-States,<=50K,under_25,under_35
61,Private,128230,7th-8th,4,Married-civ-spouse,Sales,Husband,White,Male,0,0,50,United-States,>50K,55_plus,50_plus
32,Federal-gov,128714,HS-grad,9,Never-married,Other-service,Own-child,Black,Female,0,0,32,United-States,<=50K,25_34,under_35
25,Private,251854,Some-college,10,Never-married,Adm-clerical,Not-in-family,Black,Female,0,0,40,Jamaica,<=50K,25_34,35_40
41,Private,279297,HS-grad,9,Never-married,Sales,Not-in-family,Black,Female,0,0,60,United-States,<=50K,35_44,50_plus
54,Self-emp-not-inc,212165,HS-grad,9,Married-civ-spouse,Sales,Husband,White,Male,0,0,60,United-States,<=50K,45_54,50_plus
40,Private,217120,10th,6,Divorced,Craft-repair,Not-in-family,White,Male,0,0,50,United-States,<=50K,35_44,50_plus
73,,180603,HS-grad,9,Widowed,,Not-in-family,White,Female,0,0,8,United-States,<=50K,55_plus,under_35
22,Private,36011,Assoc-voc,11,Never-married,Prof-specialty,Not-in-family,White,Male,0,0,30,United-States,<=50K,under_25,under_35
51,Private,147954,HS-grad,9,Married-civ-spouse,Adm-clerical,Wife,Black,Female,3411,0,38,United-States,<=50K,45_54,35_40
17,Private,156501,12th,8,Never-married,Other-service,Own-child,White,Female,0,0,16,United-States,<=50K,under_25,under_35
38,Private,225707,HS-grad,9,Married-civ-spouse,Machine-op-inspct,Husband,White,Male,0,0,40,Cuba,>50K,35_44,35_40
76,Self-emp-not-inc,33213,Masters,14,Married-civ-spouse,Prof-specialty,Husband,White,Male,0,0,30,,>50K,55_plus,under_35
28,Private,149734,HS-grad,9,Never-married,Other-service,Unmarried,Black,Female,0,0,52,United-States,<=50K,25_34,50_plus
25,,262245,Assoc-voc,11,Never-married,,Own-child,White,Female,3418,0,40,United-States,<=50K,25_34,35_40
47,Private,185385,10th,6,Married-civ-spouse,Machine-op-inspct,Husband,White,Male,0,0,40,United-States,>50K,45_54,35_40
26,Private,236068,Some-college,10,Never-married,Sales,Other-relative,White,Female,0,0,20,United-States,<=50K,25_34,under_35
36,Private,214816,HS-grad,9,Never-married,Craft-repair,Not-in-family,White,Female,0,0,40,United-States,<=50K,35_44,35_40
44,Private,266135,Bachelors,13,Married-civ-spouse,Prof-specialty,Husband,White,Male,0,0,50,United-States,>50K,35_44,50_plus
58,Private,142182,HS-grad,9,Married-civ-spouse,Craft-repair,Husband,White,Male,0,0,25,United-States,<=50K,55_plus,under_35
18,Private,181712,11th,7,Never-married,Handlers-cleaners,Own-child,White,Male,0,0,12,United-States,<=50K,under_25,under_35
57,Private,20953,Some-college,10,Married-civ-spouse,Sales,Husband,White,Male,0,1902,40,United-States,>50K,55_plus,35_40
21,Private,143604,Some-college,10,Never-married,Sales,Own-child,White,Female,0,0,8,United-States,<=50K,under_25,under_35
35,,61343,HS-grad,9,Married-civ-spouse,,Husband,White,Male,0,0,40,United-States,<=50K,35_44,35_40
26,Private,273792,Some-college,10,Never-married,Other-service,Own-child,White,Male,0,0,20,United-States,<=50K,25_34,under_35
28,Private,212091,HS-grad,9,Married-civ-spouse,Machine-op-inspct,Husband,White,Male,2580,0,40,United-States,<=50K,25_34,35_40
31,Private,202822,Some-college,10,Divorced,Adm-clerical,Unmarried,Black,Female,0,0,40,United-States,<=50K,25_34,35_40
35,Private,90273,7th-8th,4,Married-civ-spouse,Machine-op-inspct,Husband,White,Male,0,0,40,,>50K,35_44,35_40
35,Private,40135,Some-college,10,Married-civ-spouse,Handlers-cleaners,Husband,White,Male,0,2042,40,United-States,<=50K,35_44,35_40
33,Private,163392,HS-grad,9,Married-civ-spouse,Prof-specialty,Husband,Amer-Indian-Eskimo,Male,0,0,48,United-States,>50K,25_34,41_49
54,Private,138845,Some-college,10,Never-married,Other-service,Not-in-family,White,Female,0,0,40,United-States,<=50K,45_54,35_40
43,Self-emp-not-inc,190044,HS-grad,9,Married-civ-spouse,Sales,Husband,White,Male,0,0,40,United-States,<=50K,35_44,35_40
49,Local-gov,145290,5th-6th,3,Married-civ-spouse,Other-service,Husband,White,Male,0,0,40,United-States,<=50K,45_54,35_40
27,Private,36851,Assoc-voc,11,Married-civ-spouse,Sales,Husband,White,Male,0,0,35,United-States,<=50K,25_34,35_40
31,Federal-gov,142470,Bachelors,13,Never-married,Exec-managerial,Not-in-family,Black,Female,0,0,40,United-States,<=50K,25_34,35_40
59,Private,179594,HS-grad,9,Married-civ-spouse,Sales,Husband,White,Male,0,0,40,United-States,<=50K,55_plus,35_40
21,Private,146499,Assoc-voc,11,Married-civ-spouse,Adm-clerical,Other-relative,White,Female,0,1579,40,United-States,<=50K,under_25,35_40
59,Private,43221,Some-college,10,Married-civ-spouse,Craft-repair,Husband,White,Male,0,0,43,United-States,>50K,55_plus,41_49
28,Private,183780,HS-grad,9,Married-civ-spouse,Transport-moving,Husband,White,Male,0,1740,40,United-States,<=50K,25_34,35_40
46,Private,328669,Assoc-voc,11,Married-civ-spouse,Craft-repair,Husband,White,Male,0,0,42,United-States,<=50K,45_54,41_49
39,Private,316211,Bachelors,13,Never-married,Prof-specialty,Not-in-family,White,Male,0,0,40,United-States,>50K,35_44,35_40
21,Private,206492,HS-grad,9,Never-married,Sales,Own-child,White,Female,0,0,40,,<=50K,under_25,35_40
33,Private,176992,Masters,14,Married-civ-spouse,Prof-specialty,Husband,White,Male,0,0,40,United-States,>50K,25_34,35_40
41,Private,151504,Bachelors,13,Married-civ-spouse,Exec-managerial,Husband,White,Male,7688,0,50,United-States,>50K,35_44,50_plus
61,Private,85548,Some-college,10,Married-civ-spouse,Tech-support,Husband,White,Male,15024,0,18,United-States,>50K,55_plus,under_35
56,Private,142182,Assoc-voc,11,Married-civ-spouse,Craft-repair,Husband,White,Male,0,0,45,United-States,>50K,55_plus,41_49
55,,193895,HS-grad,9,Divorced,,Not-in-family,White,Female,0,0,40,England,<=50K,55_plus,35_40
33,Private,56701,Bachelors,13,Married-civ-spouse,Prof-specialty,Husband,White,Male,15024,0,75,United-States,>50K,25_34,50_plus
53,Federal-gov,276868,Masters,14,Married-civ-spouse,Adm-clerical,Husband,White,Male,0,0,40,United-States,>50K,45_54,35_40
40,Private,197923,Bachelors,13,Never-married,Adm-clerical,Unmarried,Black,Female,2977,0,40,United-States,<=50K,35_44,35_40
29,Private,632593,HS-grad,9,Married-civ-spouse,Craft-repair,Husband,Black,Male,0,0,40,United-States,<=50K,25_34,35_40
20,Private,205970,Some-college,10,Never-married,Craft-repair,Own-child,White,Female,0,0,25,United-States,<=50K,under_25,under_35
19,Private,227491,HS-grad,9,Never-married,Sales,Not-in-family,Asian-Pac-Islander,Female,0,0,40,United-States,<=50K,under_25,35_40
44,Private,193494,Some-college,10,Married-civ-spouse,Transport-moving,Husband,White,Male,0,0,72,United-States,>50K,35_44,50_plus
33,Local-gov,342458,Assoc-acdm,12,Divorced,Protective-serv,Not-in-family,White,Male,0,0,56,United-States,<=50K,25_34,50_plus
35,Self-emp-not-inc,269300,Bachelors,13,Never-married,Other-service,Not-in-family,Black,Female,0,0,60,United-States,<=50K,35_44,50_plus
43,Private,111483,Some-college,10,Married-civ-spouse,Sales,Husband,White,Male,7298,0,40,United-States,>50K,35_44,35_40
18,,279288,10th,6,Never-married,,Other-relative,White,Female,0,0,30,United-States,<=50K,under_25,under_35
39,Private,111499,Bachelors,13,Never-married,Exec-managerial,Not-in-family,White,Female,0,0,40,United-States,<=50K,35_44,35_40
44,Private,231348,Some-college,10,Divorced,Sales,Not-in-family,White,Male,0,0,40,United-States,<=50K,35_44,35_40
58,Self-emp-not-inc,54566,Some-college,10,Married-civ-spouse,Farming-fishing,Husband,White,Male,0,0,35,United-States,<=50K,55_plus,35_40
66,Private,142501,HS-grad,9,Never-married,Other-service,Other-relative,Black,Female,0,0,3,United-States,<=50K,55_plus,under_35
23,Private,38151,11th,7,Never-married,Other-service,Other-relative,White,Male,0,0,40,Philippines,<=50K,under_25,35_40
57,Private,329792,7th-8th,4,Divorced,Transport-moving,Unmarried,White,Male,0,0,75,United-States,<=50K,55_plus,50_plus
26,Private,306225,Bachelors,13,Never-married,Exec-managerial,Not-in-family,Asian-Pac-Islander,Female,0,0,40,Poland,<=50K,25_34,35_40
19,Private,63363,Some-college,10,Never-married,Sales,Own-child,White,Female,0,0,30,United-States,<=50K,under_25,under_35
35,Private,176756,12th,8,Married-civ-spouse,Other-service,Husband,Black,Male,0,0,40,United-States,<=50K,35_44,35_40
40,Private,115161,HS-grad,9,Married-civ-spouse,Transport-moving,Husband,White,Male,0,0,30,United-States,<=50K,35_44,under_35
38,Private,256864,HS-grad,9,Married-civ-spouse,Tech-support,Husband,White,Male,0,0,50,United-States,>50K,35_44,50_plus
41,Private,140590,Some-college,10,Never-married,Sales,Not-in-family,Black,Male,0,0,33,United-States,<=50K,35_44,under_35
38,Private,169926,Assoc-acdm,12,Married-civ-spouse,Exec-managerial,Wife,White,Female,0,1902,40,United-States,>50K,35_44,35_40
72,Private,284080,1st-4th,2,Divorced,Other-service,Not-in-family,Black,Male,0,0,40,United-States,<=50K,55_plus,35_40
35,Private,112271,Masters,14,Married-civ-spouse,Adm-clerical,Husband,White,Male,0,0,40,United-States,<=50K,35_44,35_40
40,Private,208277,Some-college,10,Divorced,Adm-clerical,Own-child,White,Female,0,0,44,United-States,>50K,35_44,41_49
38,State-gov,352628,Bachelors,13,Divorced,Prof-specialty,Not-in-family,White,Female,0,0,40,United-States,<=50K,35_44,35_40
19,Private,129620,10th,6,Never-married,Other-service,Other-relative,White,Female,0,0,30,United-States,<=50K,under_25,under_35
38,Self-emp-not-inc,164526,Prof-school,15,Never-married,Prof-specialty,Not-in-family,White,Male,0,2824,45,United-States,>50K,35_44,41_49
24,Private,317175,Bachelors,13,Married-civ-spouse,Sales,Husband,White,Male,0,0,45,United-States,>50K,under_25,41_49
37,Private,170408,Assoc-voc,11,Divorced,Machine-op-inspct,Not-in-family,White,Female,0,0,30,United-States,<=50K,35_44,under_35
46,Local-gov,109089,Prof-school,15,Married-civ-spouse,Protective-serv,Husband,White,Male,0,0,40,United-States,>50K,45_54,35_40
49,Private,200471,1st-4th,2,Married-civ-spouse,Craft-repair,Husband,White,Male,0,0,40,Portugal,<=50K,45_54,35_40
30,Private,174704,11th,7,Married-civ-spouse,Machine-op-inspct,Husband,Black,Male,0,0,40,United-States,<=50K,25_34,35_40
41,Private,202168,Some-college,10,Married-civ-spouse,Exec-managerial,Husband,White,Male,0,0,60,United-States,>50K,35_44,50_plus
50,Private,69345,Assoc-voc,11,Married-civ-spouse,Transport-moving,Husband,White,Male,3103,0,55,United-States,>50K,45_54,50_plus
57,Self-emp-not-inc,102058,Masters,14,Married-civ-spouse,Prof-specialty,Husband,White,Male,0,0,40,United-States,>50K,55_plus,35_40
49,Federal-gov,420282,Some-college,10,Never-married,Adm-clerical,Unmarried,Black,Female,0,0,40,United-States,<=50K,45_54,35_40
18,Private,120029,Some-college,10,Never-married,Adm-clerical,Other-relative,White,Female,0,0,20,United-States,<=50K,under_25,under_35
26,Federal-gov,169101,Some-college,10,Never-married,Tech-support,Own-child,White,Female,0,0,40,United-States,<=50K,25_34,35_40
52,State-gov,447579,HS-grad,9,Divorced,Adm-clerical,Not-in-family,White,Female,0,0,40,England,<=50K,45_54,35_40
22,Private,206861,Some-college,10,Never-married,Adm-clerical,Own-child,White,Male,0,0,40,United-States,<=50K,under_25,35_40
17,Private,221403,12th,8,Never-married,Other-service,Own-child,Black,Male,0,0,18,United-States,<=50K,under_25,under_35
76,,211574,10th,6,Married-civ-spouse,,Husband,White,Male,0,0,1,United-States,<=50K,55_plus,under_35
36,Private,176544,Some-college,10,Never-married,Other-service,Not-in-family,White,Male,0,0,48,United-States,<=50K,35_44,41_49
35,Private,99357,Masters,14,Married-civ-spouse,Prof-specialty,Wife,White,Female,15024,0,50,United-States,>50K,35_44,50_plus
41,Private,93793,Masters,14,Married-civ-spouse,Prof-specialty,Husband,White,Male,0,0,38,United-States,>50K,35_44,35_40
48,Private,96359,Bachelors,13,Married-civ-spouse,Exec-managerial,Husband,White,Male,0,0,60,Greece,>50K,45_54,50_plus
47,Private,201127,Some-college,10,Married-civ-spouse,Transport-moving,Husband,White,Male,0,0,50,United-States,<=50K,45_54,50_plus
39,Private,190466,HS-grad,9,Divorced,Craft-repair,Own-child,White,Male,2174,0,40,United-States,<=50K,35_44,35_40
31,Private,420749,Assoc-acdm,12,Married-civ-spouse,Craft-repair,Husband,White,Male,0,0,40,United-States,>50K,25_34,35_40
51,Self-emp-not-inc,25932,HS-grad,9,Married-civ-spouse,Farming-fishing,Husband,White,Male,0,0,60,United-States,<=50K,45_54,50_plus
33,Private,166961,11th,7,Separated,Sales,Own-child,White,Female,0,0,20,United-States,<=50K,25_34,under_35
41,Local-gov,111891,7th-8th,4,Never-married,Other-service,Unmarried,Black,Female,0,0,40,United-States,<=50K,35_44,35_40
64,Local-gov,50442,9th,5,Never-married,Adm-clerical,Other-relative,White,Male,0,0,40,United-States,<=50K,55_plus,35_40
26,Private,202203,Bachelors,13,Never-married,Adm-clerical,Other-relative,White,Female,0,0,50,United-States,<=50K,25_34,50_plus
22,Private,187538,10th,6,Separated,Other-service,Unmarried,White,Female,0,0,40,United-States,<=50K,under_25,35_40
22,Private,217961,Some-college,10,Never-married,Transport-moving,Own-child,White,Male,0,1719,30,United-States,<=50K,under_25,under_35
42,Self-emp-not-inc,120539,Bachelors,13,Married-civ-spouse,Sales,Husband,White,Male,0,0,50,United-States,>50K,35_44,50_plus
71,Private,163385,Some-college,10,Widowed,Sales,Not-in-family,White,Male,0,0,35,United-States,>50K,55_plus,35_40
23,Private,203924,Bachelors,13,Never-married,Prof-specialty,Not-in-family,White,Male,0,0,50,United-States,<=50K,under_25,50_plus
53,Private,97411,5th-6th,3,Married-civ-spouse,Machine-op-inspct,Husband,Asian-Pac-Islander,Male,0,0,40,Laos,<=50K,45_54,35_40
28,Private,53063,Bachelors,13,Married-civ-spouse,Exec-managerial,Husband,White,Male,0,0,45,United-States,<=50K,25_34,41_49
56,Private,108276,Bachelors,13,Widowed,Other-service,Not-in-family,White,Female,0,0,40,United-States,<=50K,55_plus,35_40
37,Private,385452,10th,6,Divorced,Craft-repair,Unmarried,White,Female,0,0,40,United-States,<=50K,35_44,35_40
23,Private,324960,HS-grad,9,Never-married,Craft-repair,Other-relative,White,Male,0,0,40,United-States,<=50K,under_25,35_40
79,Local-gov,84616,11th,7,Married-civ-spouse,Exec-managerial,Husband,White,Male,0,0,7,United-States,<=50K,55_plus,under_35
51,Private,44000,Masters,14,Married-civ-spouse,Prof-specialty,Wife,White,Female,99999,0,50,United-States,>50K,45_54,50_plus
52,Private,99307,Assoc-acdm,12,Married-civ-spouse,Sales,Husband,White,Male,3103,0,48,United-States,>50K,45_54,41_49
33,Private,93206,5th-6th,3,Married-civ-spouse,Farming-fishing,Husband,Asian-Pac-Islander,Male,0,0,40,Philippines,<=50K,25_34,35_40
35,Private,189916,Bachelors,13,Married-civ-spouse,Sales,Wife,White,Female,0,0,30,United-States,>50K,35_44,under_35
28,Private,39232,Bachelors,13,Never-married,Prof-specialty,Not-in-family,White,Male,0,0,45,United-States,<=50K,25_34,41_49
67,,183374,HS-grad,9,Widowed,,Not-in-family,White,Female,2329,0,15,United-States,<=50K,55_plus,under_35
51,Local-gov,319054,HS-grad,9,Married-civ-spouse,Transport-moving,Husband,Black,Male,0,0,60,United-States,<=50K,45_54,50_plus
21,Private,149637,Some-college,10,Never-married,Other-service,Not-in-family,White,Female,0,0,40,United-States,<=50K,under_25,35_40
43,Self-emp-inc,150533,HS-grad,9,Married-civ-spouse,Sales,Husband,White,Male,0,0,68,United-States,>50K,35_44,50_plus
42,Private,125461,Bachelors,13,Never-married,Sales,Unmarried,White,Male,0,0,40,United-States,<=50K,35_44,35_40
22,Private,203240,10th,6,Never-married,Adm-clerical,Not-in-family,White,Female,0,0,40,United-States,<=50K,under_25,35_40
37,Private,410913,HS-grad,9,Married-spouse-absent,Farming-fishing,Unmarried,Other,Male,0,0,40,Mexico,<=50K,35_44,35_40
22,Private,496025,Some-college,10,Married-civ-spouse,Machine-op-inspct,Husband,White,Male,0,0,40,Mexico,<=50K,under_25,35_40
48,Self-emp-not-inc,185385,HS-grad,9,Married-civ-spouse,Farming-fishing,Husband,White,Male,0,0,98,United-States,<=50K,45_54,50_plus
58,Local-gov,44246,9th,5,Married-civ-spouse,Transport-moving,Husband,White,Male,0,0,40,United-States,<=50K,55_plus,35_40
30,Private,188403,Some-college,10,Never-married,Machine-op-inspct,Not-in-family,White,Male,0,0,40,United-States,<=50K,25_34,35_40
25,Private,60485,Some-college,10,Never-married,Adm-clerical,Own-child,White,Female,0,0,30,United-States,<=50K,25_34,under_35
20,Private,105312,Some-college,10,Never-married,Sales,Own-child,White,Female,0,0,18,United-States,<=50K,under_25,under_35
30,Private,248384,HS-grad,9,Divorced,Other-service,Unmarried,White,Female,0,0,40,United-States,<=50K,25_34,35_40
59,Private,50223,HS-grad,9,Married-civ-spouse,Craft-repair,Husband,White,Male,0,0,40,United-States,<=50K,55_plus,35_40
58,Private,117477,HS-grad,9,Divorced,Adm-clerical,Unmarried,Black,Female,0,0,36,United-States,<=50K,55_plus,35_40
18,Self-emp-inc,38307,11th,7,Never-married,Farming-fishing,Own-child,White,Male,0,0,30,United-States,<=50K,under_25,under_35
41,Private,116391,Some-college,10,Married-civ-spouse,Craft-repair,Husband,White,Male,0,0,40,United-States,<=50K,35_44,35_40
39,Private,166744,HS-grad,9,Never-married,Other-service,Own-child,White,Female,0,0,38,United-States,<=50K,35_44,35_40
19,Private,375114,HS-grad,9,Never-married,Craft-repair,Not-in-family,White,Female,0,0,40,United-States,<=50K,under_25,35_40
60,Private,187124,HS-grad,9,Married-civ-spouse,Machine-op-inspct,Husband,White,Male,0,0,40,United-States,<=50K,55_plus,35_40
38,Private,110607,HS-grad,9,Divorced,Other-service,Not-in-family,White,Male,0,0,32,United-States,<=50K,35_44,under_35
46,Federal-gov,161337,Some-college,10,Divorced,Tech-support,Not-in-family,White,Male,0,0,40,United-States,<=50K,45_54,35_40
25,Private,391192,Some-college,10,Never-married,Sales,Own-child,White,Male,0,0,24,United-States,<=50K,25_34,under_35
70,Private,642830,HS-grad,9,Divorced,Protective-serv,Not-in-family,White,Female,0,0,32,United-States,<=50K,55_plus,under_35
56,Private,435022,Some-college,10,Divorced,Other-service,Not-in-family,White,Female,0,0,50,United-States,<=50K,55_plus,50_plus
20,Private,170800,Some-college,10,Never-married,Adm-clerical,Own-child,White,Female,0,0,15,United-States,<=50K,under_25,under_35
60,,153072,HS-grad,9,Married-civ-spouse,,Husband,White,Male,0,0,5,United-States,<=50K,55_plus,under_35
50,Private,178530,Prof-school,15,Married-civ-spouse,Prof-specialty,Husband,White,Male,0,0,60,United-States,>50K,45_54,50_plus
27,Private,72208,Some-college,10,Never-married,Adm-clerical,Own-child,Black,Male,0,0,40,United-States,<=50K,25_34,35_40
48,Private,113598,Some-college,10,Separated,Adm-clerical,Other-relative,Black,Female,0,0,40,United-States,<=50K,45_54,35_40
43,Private,187322,Bachelors,13,Married-civ-spouse,Craft-repair,Husband,White,Male,0,0,40,United-States,>50K,35_44,35_40
40,Private,436493,HS-grad,9,Never-married,Other-service,Own-child,White,Male,0,0,25,United-States,<=50K,35_44,under_35
23,Private,204209,Some-college,10,Never-married,Handlers-cleaners,Own-child,White,Male,0,0,10,United-States,<=50K,under_25,under_35
21,Private,228255,Some-college,10,Never-married,Other-service,Own-child,White,Male,0,0,30,United-States,<=50K,under_25,under_35
20,Private,59948,9th,5,Never-married,Adm-clerical,Unmarried,Black,Female,114,0,20,United-States,<=50K,under_25,under_35
52,Local-gov,305053,HS-grad,9,Married-civ-spouse,Craft-repair,Husband,White,Male,0,2051,40,United-States,<=50K,45_54,35_40
59,Private,171355,Doctorate,16,Married-civ-spouse,Exec-managerial,Husband,White,Male,0,0,40,United-States,>50K,55_plus,35_40
18,Private,215190,12th,8,Never-married,Sales,Own-child,White,Female,0,0,20,United-States,<=50K,under_25,under_35
35,Private,317153,HS-grad,9,Never-married,Sales,Not-in-family,White,Female,0,0,40,United-States,<=50K,35_44,35_40
70,Private,176285,HS-grad,9,Divorced,Other-service,Not-in-family,White,Female,0,0,23,United-States,<=50K,55_plus,under_35
33,Private,324546,Some-college,10,Married-civ-spouse,Machine-op-inspct,Husband,White,Male,0,0,39,United-States,<=50K,25_34,35_40
51,Private,337195,Some-college,10,Married-civ-spouse,Sales,Husband,White,Male,0,1902,50,United-States,>50K,45_54,50_plus
39,Private,207185,Some-college,10,Married-civ-spouse,Exec-managerial,Wife,White,Female,0,0,35,Puerto-Rico,>50K,35_44,35_40
46,Private,377401,HS-grad,9,Married-civ-spouse,Transport-moving,Husband,White,Male,0,1902,70,Canada,>50K,45_54,50_plus
46,Federal-gov,80057,HS-grad,9,Married-civ-spouse,Adm-clerical,Husband,White,Male,0,0,40,Germany,>50K,45_54,35_40
75,State-gov,113868,Doctorate,16,Married-civ-spouse,Prof-specialty,Husband,Black,Male,0,0,20,United-States,>50K,55_plus,under_35
61,Local-gov,176753,HS-grad,9,Married-civ-spouse,Farming-fishing,Husband,White,Male,0,0,48,United-States,<=50K,55_plus,41_49
50,Local-gov,370733,HS-grad,9,Married-civ-spouse,Adm-clerical,Husband,Black,Male,0,0,40,United-States,<=50K,45_54,35_40
22,Private,185279,HS-grad,9,Never-married,Handlers-cleaners,Own-child,White,Male,0,0,16,United-States,<=50K,under_25,under_35
40,Private,71305,HS-grad,9,Married-civ-spouse,Other-service,Husband,Black,Male,0,0,40,United-States,<=50K,35_44,35_40
20,Private,115824,11th,7,Married-civ-spouse,Handlers-cleaners,Husband,White,Male,0,1573,40,United-States,<=50K,under_25,35_40
30,Private,177216,Prof-school,15,Married-civ-spouse,Prof-specialty,Husband,Black,Male,0,1740,40,Haiti,<=50K,25_34,35_40
41,Private,280167,Masters,14,Married-civ-spouse,Exec-managerial,Husband,White,Male,15024,0,70,United-States,>50K,35_44,50_plus
19,Private,257750,Some-college,10,Never-married,Sales,Other-relative,White,Female,0,0,25,United-States,<=50K,under_25,under_35
28,Private,338376,Bachelors,13,Never-married,Prof-specialty,Own-child,White,Male,0,0,40,United-States,<=50K,25_34,35_40
46,Private,169699,HS-grad,9,Married-civ-spouse,Craft-repair,Husband,White,Male,0,0,40,United-States,<=50K,45_54,35_40
26,Private,192262,Bachelors,13,Never-married,Sales,Own-child,White,Male,0,0,45,United-States,<=50K,25_34,41_49
57,Local-gov,215175,Masters,14,Married-civ-spouse,Prof-specialty,Husband,White,Male,0,0,60,United-States,<=50K,55_plus,50_plus
36,Private,103605,HS-grad,9,Married-civ-spouse,Handlers-cleaners,Husband,White,Male,0,0,40,United-States,<=50K,35_44,35_40
33,Private,213226,HS-grad,9,Divorced,Sales,Not-in-family,White,Male,0,0,50,United-States,<=50K,25_34,50_plus
29,Private,280344,Bachelors,13,Married-civ-spouse,Sales,Husband,White,Male,0,0,40,United-States,>50K,25_34,35_40
61,Self-emp-inc,134768,Some-college,10,Married-civ-spouse,Sales,Husband,White,Male,0,0,40,United-States,<=50K,55_plus,35_40
20,Private,505980,Some-college,10,Never-married,Sales,Own-child,White,Male,0,0,40,United-States,<=50K,under_25,35_40
39,Private,192702,Masters,14,Never-married,Craft-repair,Not-in-family,White,Female,0,0,50,United-States,<=50K,35_44,50_plus
22,Private,290504,HS-grad,9,Never-married,Other-service,Other-relative,White,Male,0,0,40,United-States,<=50K,under_25,35_40
45,Self-emp-inc,191776,Masters,14,Divorced,Sales,Unmarried,White,Female,25236,0,42,United-States,>50K,45_54,41_49
28,Private,125527,Some-college,10,Never-married,Sales,Not-in-family,White,Male,0,0,50,United-States,<=50K,25_34,50_plus
29,Private,178272,HS-grad,9,Married-civ-spouse,Protective-serv,Husband,White,Male,0,0,40,United-States,<=50K,25_34,35_40
51,Federal-gov,306784,HS-grad,9,Married-civ-spouse,Craft-repair,Husband,White,Male,4386,0,40,United-States,>50K,45_54,35_40
36,Private,263130,Masters,14,Never-married,Prof-specialty,Not-in-family,White,Female,0,0,40,United-States,<=50K,35_44,35_40
30,Self-emp-not-inc,281030,HS-grad,9,Never-married,Sales,Unmarried,White,Male,0,0,66,United-States,<=50K,25_34,50_plus
22,Private,234880,Some-college,10,Never-married,Adm-clerical,Own-child,White,Female,0,0,25,United-States,<=50K,under_25,under_35
51,Local-gov,114508,9th,5,Separated,Other-service,Other-relative,White,Female,0,0,40,United-States,<=50K,45_54,35_40
22,Private,361138,HS-grad,9,Never-married,Handlers-cleaners,Other-relative,White,Male,0,0,50,United-States,<=50K,under_25,50_plus
63,Private,66634,9th,5,Married-civ-spouse,Craft-repair,Husband,White,Male,0,0,16,United-States,<=50K,55_plus,under_35
24,Private,217961,Some-college,10,Never-married,Machine-op-inspct,Not-in-family,White,Male,0,0,40,United-States,<=50K,under_25,35_40
31,Private,48588,Some-college,10,Married-civ-spouse,Craft-repair,Husband,White,Male,0,0,40,United-States,<=50K,25_34,35_40
28,Private,38918,Some-college,10,Married-civ-spouse,Craft-repair,Husband,White,Male,0,0,50,Germany,>50K,25_34,50_plus
33,Local-gov,173005,Bachelors,13,Married-civ-spouse,Adm-clerical,Husband,White,Male,0,1848,45,United-States,>50K,25_34,41_49
30,Private,378723,Some-college,10,Divorced,Adm-clerical,Own-child,White,Female,0,0,55,United-States,<=50K,25_34,50_plus
42,Local-gov,255675,Some-college,10,Married-civ-spouse,Craft-repair,Husband,White,Male,0,0,40,United-States,>50K,35_44,35_40
22,Private,113062,Bachelors,13,Never-married,Exec-managerial,Own-child,White,Female,0,0,7,United-States,<=50K,under_25,under_35
73,Self-emp-inc,92886,10th,6,Widowed,Sales,Unmarried,White,Female,0,0,40,Canada,<=50K,55_plus,35_40
55,Private,193568,HS-grad,9,Widowed,Adm-clerical,Not-in-family,White,Female,0,0,40,United-States,<=50K,55_plus,35_40
27,Private,107236,HS-grad,9,Married-civ-spouse,Other-service,Husband,White,Male,0,0,40,United-States,<=50K,25_34,35_40
32,Private,32732,HS-grad,9,Married-civ-spouse,Prof-specialty,Husband,White,Male,0,0,50,United-States,<=50K,25_34,50_plus
68,Private,284763,11th,7,Divorced,Transport-moving,Not-in-family,White,Male,0,0,70,United-States,<=50K,55_plus,50_plus
24,Private,402778,9th,5,Never-married,Handlers-cleaners,Own-child,White,Male,0,0,12,United-States,<=50K,under_25,under_35
45,Private,125489,Masters,14,Divorced,Prof-specialty,Unmarried,White,Female,0,0,50,United-States,<=50K,45_54,50_plus
39,Local-gov,178100,Masters,14,Divorced,Prof-specialty,Unmarried,White,Female,0,0,40,United-States,<=50K,35_44,35_40
23,State-gov,186634,12th,8,Never-married,Exec-managerial,Not-in-family,White,Male,0,0,40,United-States,<=50K,under_25,35_40
52,Private,158746,HS-grad,9,Never-married,Other-service,Unmarried,White,Male,0,0,40,United-States,<=50K,45_54,35_40
43,Private,43945,Some-college,10,Married-civ-spouse,Craft-repair,Husband,White,Male,0,0,40,United-States,>50K,35_44,35_40
19,,371827,HS-grad,9,Never-married,,Own-child,White,Male,0,0,40,Portugal,<=50K,under_25,35_40
52,State-gov,303462,Some-college,10,Separated,Protective-serv,Unmarried,White,Male,0,0,40,United-States,<=50K,45_54,35_40
33,Private,222654,Bachelors,13,Never-married,Prof-specialty,Not-in-family,White,Male,0,0,40,United-States,<=50K,25_34,35_40
39,Private,202027,Prof-school,15,Married-civ-spouse,Prof-specialty,Husband,White,Male,0,0,45,United-States,>50K,35_44,41_49
34,Self-emp-not-inc,168906,Some-college,10,Divorced,Adm-clerical,Unmarried,White,Female,0,0,50,United-States,<=50K,25_34,50_plus
21,Private,35424,Some-college,10,Never-married,Sales,Own-child,White,Female,0,0,25,United-States,<=50K,under_25,under_35
60,Private,160625,HS-grad,9,Married-civ-spouse,Prof-specialty,Husband,White,Male,5013,0,40,United-States,<=50K,55_plus,35_40
48,Local-gov,85341,Bachelors,13,Married-civ-spouse,Prof-specialty,Husband,White,Male,0,0,45,United-States,<=50K,45_54,41_49
38,Private,229180,Bachelors,13,Never-married,Exec-managerial,Unmarried,White,Female,0,0,40,Cuba,<=50K,35_44,35_40
25,Private,34402,Bachelors,13,Never-married,Exec-managerial,Not-in-family,White,Male,0,1590,60,United-States,<=50K,25_34,50_plus
60,,124487,Some-college,10,Divorced,,Not-in-family,White,Female,0,0,40,United-States,>50K,55_plus,35_40
38,Private,107630,Bachelors,13,Married-civ-spouse,Exec-managerial,Husband,White,Male,0,0,40,United-States,<=50K,35_44,35_40
26,Private,134287,Assoc-voc,11,Never-married,Sales,Own-child,White,Female,0,0,35,United-States,<=50K,25_34,35_40
47,Private,243904,HS-grad,9,Divorced,Adm-clerical,Unmarried,White,Male,0,0,40,Honduras,<=50K,45_54,35_40
51,Private,427781,HS-grad,9,Married-civ-spouse,Transport-moving,Husband,Black,Male,0,0,40,United-States,<=50K,45_54,35_40
39,Private,288551,Some-college,10,Married-civ-spouse,Craft-repair,Husband,Black,Male,0,0,52,United-States,>50K,35_44,50_plus
56,Private,198388,HS-grad,9,Divorced,Adm-clerical,Not-in-family,White,Female,0,0,40,United-States,<=50K,55_plus,35_40
36,Private,168276,10th,6,Divorced,Other-service,Not-in-family,White,Female,0,0,40,United-States,<=50K,35_44,35_40
45,Local-gov,55377,Bachelors,13,Married-civ-spouse,Prof-specialty,Husband,Black,Male,0,0,40,United-States,<=50K,45_54,35_40
22,Private,227994,Some-college,10,Married-spouse-absent,Adm-clerical,Own-child,Asian-Pac-Islander,Female,0,0,39,United-States,<=50K,under_25,35_40
40,Private,99434,HS-grad,9,Married-civ-spouse,Other-service,Wife,White,Female,0,0,12,United-States,<=50K,35_44,under_35
37,Private,190964,HS-grad,9,Separated,Exec-managerial,Own-child,White,Male,0,0,40,United-States,<=50K,35_44,35_40
34,Self-emp-inc,28984,Assoc-voc,11,Divorced,Sales,Unmarried,White,Female,0,0,40,United-States,<=50K,25_34,35_40
38,Private,342448,Some-college,10,Married-civ-spouse,Exec-managerial,Husband,White,Male,0,0,55,United-States,>50K,35_44,50_plus
19,Private,206874,Assoc-voc,11,Never-married,Adm-clerical,Own-child,Black,Female,0,0,40,United-States,<=50K,under_25,35_40
49,Self-emp-not-inc,110457,Some-college,10,Married-civ-spouse,Craft-repair,Husband,White,Male,0,0,50,United-States,>50K,45_54,50_plus
31,Federal-gov,139455,Bachelors,13,Never-married,Exec-managerial,Own-child,White,Female,0,0,40,Cuba,<=50K,25_34,35_40
56,Self-emp-not-inc,233312,Masters,14,Married-civ-spouse,Craft-repair,Husband,White,Male,0,0,50,United-States,>50K,55_plus,50_plus
18,Private,74054,11th,7,Never-married,Sales,Own-child,Other,Female,0,0,20,,<=50K,under_25,under_35
19,Private,183041,HS-grad,9,Never-married,Other-service,Own-child,White,Male,0,0,20,United-States,<=50K,under_25,under_35
50,Self-emp-inc,287598,Some-college,10,Married-civ-spouse,Craft-repair,Husband,White,Male,0,0,70,United-States,<=50K,45_54,50_plus
47,Private,26950,Masters,14,Divorced,Sales,Not-in-family,White,Female,0,0,6,United-States,<=50K,45_54,under_35
47,Self-emp-not-inc,107231,Doctorate,16,Married-civ-spouse,Prof-specialty,Husband,White,Male,0,0,35,United-States,>50K,45_54,35_40
37,Private,175759,Bachelors,13,Married-civ-spouse,Tech-support,Husband,White,Male,0,0,40,United-States,>50K,35_44,35_40
34,Private,118710,Assoc-voc,11,Married-civ-spouse,Other-service,Husband,White,Male,0,0,40,United-States,>50K,25_34,35_40
24,Private,117779,Bachelors,13,Never-married,Exec-managerial,Own-child,White,Male,0,0,40,United-States,<=50K,under_25,35_40
64,,140237,Preschool,1,Married-civ-spouse,,Husband,White,Male,0,0,40,United-States,<=50K,55_plus,35_40
28,Private,107411,Bachelors,13,Never-married,Prof-specialty,Not-in-family,White,Female,0,0,35,United-States,<=50K,25_34,35_40
64,Local-gov,202984,HS-grad,9,Married-civ-spouse,Craft-repair,Husband,White,Male,3137,0,40,United-States,<=50K,55_plus,35_40
48,Private,20296,HS-grad,9,Divorced,Adm-clerical,Not-in-family,White,Female,0,0,37,United-States,>50K,45_54,35_40
35,Private,194690,7th-8th,4,Divorced,Tech-support,Unmarried,White,Female,0,0,40,United-States,<=50K,35_44,35_40
25,Private,479765,7th-8th,4,Never-married,Sales,Other-relative,White,Male,0,0,45,Guatemala,<=50K,25_34,41_49
52,Private,78012,HS-grad,9,Widowed,Sales,Unmarried,White,Female,0,1762,40,United-States,<=50K,45_54,35_40
41,Private,173370,Bachelors,13,Separated,Sales,Unmarried,White,Female,0,0,30,United-States,<=50K,35_44,under_35
50,Private,121038,Assoc-voc,11,Married-civ-spouse,Other-service,Wife,Black,Female,0,0,40,United-States,<=50K,45_54,35_40
27,Private,209205,Bachelors,13,Never-married,Tech-support,Own-child,White,Male,0,0,40,United-States,<=50K,25_34,35_40
26,Private,177929,Bachelors,13,Never-married,Sales,Not-in-family,White,Male,0,0,48,United-States,<=50K,25_34,41_49
32,Private,199963,11th,7,Married-civ-spouse,Machine-op-inspct,Wife,White,Female,0,0,40,United-States,<=50K,25_34,35_40
40,Self-emp-not-inc,55363,HS-grad,9,Married-civ-spouse,Craft-repair,Husband,White,Male,3411,0,40,United-States,<=50K,35_44,35_40
50,Federal-gov,69345,Assoc-acdm,12,Married-civ-spouse,Exec-managerial,Husband,White,Male,0,0,60,United-States,<=50K,45_54,50_plus
33,Private,101352,Prof-school,15,Never-married,Prof-specialty,Not-in-family,White,Female,0,0,50,United-States,>50K,25_34,50_plus
49,Local-gov,149210,Bachelors,13,Married-civ-spouse,Protective-serv,Husband,Black,Male,15024,0,40,United-States,>50K,45_54,35_40
40,Federal-gov,163215,Bachelors,13,Never-married,Prof-specialty,Not-in-family,White,Female,0,0,40,,<=50K,35_44,35_40
66,,376028,HS-grad,9,Married-civ-spouse,,Wife,White,Female,0,0,20,United-States,<=50K,55_plus,under_35
25,Private,36984,Bachelors,13,Never-married,Prof-specialty,Not-in-family,White,Female,0,0,50,United-States,<=50K,25_34,50_plus
24,Private,191948,HS-grad,9,Divorced,Sales,Unmarried,White,Female,0,0,30,United-States,<=50K,under_25,under_35
31,State-gov,358461,Some-college,10,Never-married,Other-service,Not-in-family,Asian-Pac-Islander,Male,0,0,40,United-States,<=50K,25_34,35_40
21,Private,68358,Some-college,10,Never-married,Sales,Own-child,White,Female,0,0,20,United-States,<=50K,under_25,under_35
37,Private,538443,HS-grad,9,Divorced,Craft-repair,Not-in-family,White,Male,14344,0,40,United-States,>50K,35_44,35_40
29,Private,116613,Bachelors,13,Never-married,Adm-clerical,Own-child,White,Female,0,0,40,Portugal,<=50K,25_34,35_40
47,Self-emp-not-inc,213668,Prof-school,15,Married-civ-spouse,Prof-specialty,Husband,White,Male,0,1977,50,United-States,>50K,45_54,50_plus
26,Private,276624,Some-college,10,Married-civ-spouse,Protective-serv,Husband,White,Male,0,0,40,United-States,<=50K,25_34,35_40
19,Private,393712,HS-grad,9,Never-married,Adm-clerical,Own-child,White,Female,0,0,20,United-States,<=50K,under_25,under_35
22,Private,231085,Some-college,10,Never-married,Other-service,Own-child,White,Male,0,0,30,United-States,<=50K,under_25,under_35
23,Private,102729,Some-college,10,Never-married,Sales,Own-child,White,Female,0,0,15,United-States,<=50K,under_25,under_35
22,State-gov,292933,Bachelors,13,Never-married,Adm-clerical,Own-child,White,Female,0,0,10,United-States,<=50K,under_25,under_35
46,Private,114032,Some-college,10,Married-civ-spouse,Tech-support,Husband,White,Male,0,1887,45,United-States,>50K,45_54,41_49
33,Private,376483,Bachelors,13,Married-civ-spouse,Adm-clerical,Wife,Black,Female,0,0,30,United-States,<=50K,25_34,under_35
26,Private,263200,Some-college,10,Divorced,Adm-clerical,Unmarried,White,Female,0,0,38,United-States,<=50K,25_34,35_40
47,Private,123207,HS-grad,9,Married-civ-spouse,Adm-clerical,Wife,White,Female,0,0,20,United-States,>50K,45_54,under_35
53,Private,238481,Assoc-voc,11,Married-civ-spouse,Exec-managerial,Husband,White,Male,0,1485,40,United-States,<=50K,45_54,35_40
70,Self-emp-not-inc,150886,Some-college,10,Married-civ-spouse,Craft-repair,Husband,White,Male,0,0,25,United-States,<=50K,55_plus,under_35
83,Private,195507,HS-grad,9,Widowed,Protective-serv,Not-in-family,White,Male,0,0,55,United-States,<=50K,55_plus,50_plus
30,State-gov,126414,Bachelors,13,Married-spouse-absent,Adm-clerical,Not-in-family,White,Male,0,0,40,United-States,<=50K,25_34,35_40
29,Self-emp-not-inc,337505,Some-college,10,Married-civ-spouse,Craft-repair,Husband,Asian-Pac-Islander,Male,0,0,40,South,<=50K,25_34,35_40
46,Local-gov,149949,Bachelors,13,Married-civ-spouse,Prof-specialty,Husband,White,Male,0,0,45,United-States,>50K,45_54,41_49
25,Private,252187,11th,7,Never-married,Handlers-cleaners,Not-in-family,White,Male,0,0,40,United-States,<=50K,25_34,35_40
56,Private,85018,HS-grad,9,Never-married,Adm-clerical,Not-in-family,White,Female,0,0,40,United-States,<=50K,55_plus,35_40
23,Private,169188,Some-college,10,Married-civ-spouse,Exec-managerial,Wife,White,Female,0,0,25,United-States,<=50K,under_25,under_35
24,Private,200819,12th,8,Never-married,Sales,Not-in-family,White,Male,0,0,40,United-States,<=50K,under_25,35_40
46,State-gov,421223,Some-college,10,Never-married,Exec-managerial,Not-in-family,White,Female,0,0,40,United-States,<=50K,45_54,35_40
28,Self-emp-not-inc,190836,HS-grad,9,Married-civ-spouse,Sales,Husband,White,Male,0,0,50,United-States,>50K,25_34,50_plus
63,Private,118798,HS-grad,9,Married-civ-spouse,Craft-repair,Husband,White,Male,99999,0,40,United-States,>50K,55_plus,35_40
19,,204441,HS-grad,9,Never-married,,Other-relative,Black,Male,0,0,20,United-States,<=50K,under_25,under_35
18,Private,115630,11th,7,Never-married,Adm-clerical,Own-child,Black,Male,0,0,20,United-States,<=50K,under_25,under_35
60,Self-emp-not-inc,168223,Bachelors,13,Divorced,Prof-specialty,Not-in-family,White,Female,0,0,30,United-States,<=50K,55_plus,under_35
46,Local-gov,375675,12th,8,Married-civ-spouse,Other-service,Husband,White,Male,0,0,35,United-States,>50K,45_54,35_40
32,Private,232766,Some-college,10,Never-married,Adm-clerical,Not-in-family,White,Female,0,0,40,United-States,<=50K,25_34,35_40
44,Private,205822,Some-college,10,Married-civ-spouse,Sales,Husband,White,Male,0,0,40,United-States,>50K,35_44,35_40
37,Private,215419,Assoc-acdm,12,Married-civ-spouse,Other-service,Wife,White,Female,0,0,25,United-States,<=50K,35_44,under_35
45,Private,170600,Assoc-voc,11,Divorced,Adm-clerical,Unmarried,Black,Female,0,0,40,United-States,<=50K,45_54,35_40
32,Private,209103,Some-college,10,Married-civ-spouse,Exec-managerial,Husband,White,Male,3464,0,40,United-States,<=50K,25_34,35_40
27,Private,183639,HS-grad,9,Never-married,Transport-moving,Own-child,White,Male,0,0,40,United-States,<=50K,25_34,35_40
41,Private,225193,HS-grad,9,Married-civ-spouse,Sales,Husband,White,Male,0,0,40,United-States,<=50K,35_44,35_40
37,Private,210945,HS-grad,9,Married-civ-spouse,Handlers-cleaners,Husband,White,Male,0,0,24,United-States,<=50K,35_44,under_35
43,Private,350661,Prof-school,15,Separated,Tech-support,Not-in-family,White,Male,0,0,50,Columbia,>50K,35_44,50_plus
20,Private,39927,HS-grad,9,Never-married,Other-service,Not-in-family,White,Male,0,0,8,United-States,<=50K,under_25,under_35
54,,196975,HS-grad,9,Divorced,,Other-relative,White,Male,0,0,45,United-States,<=50K,45_54,41_49
41,Private,163258,Bachelors,13,Never-married,Tech-support,Not-in-family,White,Male,0,0,40,United-States,<=50K,35_44,35_40
33,Private,221324,HS-grad,9,Never-married,Machine-op-inspct,Unmarried,Black,Female,0,0,40,United-States,<=50K,25_34,35_40
23,Private,227943,Assoc-acdm,12,Never-married,Sales,Own-child,White,Male,0,0,30,United-States,<=50K,under_25,under_35
28,Private,136077,10th,6,Never-married,Handlers-cleaners,Not-in-family,White,Male,0,0,40,United-States,<=50K,25_34,35_40
52,Private,198863,Prof-school,15,Divorced,Exec-managerial,Not-in-family,White,Male,0,2559,60,United-States,>50K,45_54,50_plus
21,State-gov,38251,Some-college,10,Never-married,Tech-support,Own-child,White,Female,0,0,20,United-States,<=50K,under_25,under_35
39,Private,86551,HS-grad,9,Married-civ-spouse,Other-service,Husband,White,Male,0,0,40,United-States,>50K,35_44,35_40
62,Private,116812,Some-college,10,Divorced,Adm-clerical,Not-in-family,White,Female,0,0,40,United-States,<=50K,55_plus,35_40
51,Private,182314,Masters,14,Married-civ-spouse,Tech-support,Husband,White,Male,0,0,40,United-States,>50K,45_54,35_40
41,Private,116493,HS-grad,9,Divorced,Craft-repair,Not-in-family,White,Male,13550,0,44,United-States,>50K,35_44,41_49
33,,202498,7th-8th,4,Separated,,Not-in-family,White,Male,0,0,40,Guatemala,<=50K,25_34,35_40
45,Local-gov,167159,Bachelors,13,Married-civ-spouse,Protective-serv,Husband,White,Male,0,0,50,United-States,>50K,45_54,50_plus
26,Self-emp-not-inc,202560,Some-college,10,Never-married,Prof-specialty,Own-child,White,Female,0,0,35,United-States,<=50K,25_34,35_40
29,,125159,Some-college,10,Never-married,,Not-in-family,Black,Male,0,0,36,,<=50K,25_34,35_40
36,Private,160035,HS-grad,9,Married-civ-spouse,Craft-repair,Husband,White,Male,3908,0,55,United-States,<=50K,35_44,50_plus
32,Self-emp-not-inc,33417,Some-college,10,Married-civ-spouse,Craft-repair,Husband,White,Male,0,0,50,United-States,<=50K,25_34,50_plus
43,Private,200835,HS-grad,9,Married-civ-spouse,Craft-repair,Husband,White,Male,0,0,40,United-States,<=50K,35_44,35_40
25,Private,108658,HS-grad,9,Never-married,Exec-managerial,Not-in-family,White,Male,0,0,45,United-States,<=50K,25_34,41_49
37,Self-emp-not-inc,80324,HS-grad,9,Married-civ-spouse,Exec-managerial,Husband,White,Male,0,0,60,United-States,>50K,35_44,50_plus
22,Private,208946,Some-college,10,Never-married,Sales,Own-child,White,Male,0,0,40,United-States,<=50K,under_25,35_40
44,Private,288433,Some-college,10,Never-married,Adm-clerical,Own-child,Black,Female,0,0,40,United-States,<=50K,35_44,35_40
45,Private,207277,Bachelors,13,Married-civ-spouse,Exec-managerial,Husband,White,Male,0,0,50,United-States,>50K,45_54,50_plus
40,Private,136244,Some-college,10,Married-civ-spouse,Adm-clerical,Wife,White,Female,0,0,40,United-States,<=50K,35_44,35_40
19,Private,118352,Some-college,10,Never-married,Other-service,Own-child,White,Female,0,0,16,United-States,<=50K,under_25,under_35
50,Private,104729,HS-grad,9,Divorced,Machine-op-inspct,Other-relative,White,Female,0,0,48,United-States,<=50K,45_54,41_49
48,Private,118717,Bachelors,13,Divorced,Prof-specialty,Not-in-family,Black,Female,0,0,40,United-States,<=50K,45_54,35_40
23,Private,219835,Some-college,10,Never-married,Protective-serv,Own-child,White,Male,0,0,40,Mexico,<=50K,under_25,35_40
50,Self-emp-not-inc,348099,10th,6,Divorced,Sales,Not-in-family,White,Female,0,0,50,United-States,<=50K,45_54,50_plus
31,Private,31600,Bachelors,13,Never-married,Prof-specialty,Not-in-family,White,Female,0,0,40,United-States,<=50K,25_34,35_40
48,Private,47343,Masters,14,Married-civ-spouse,Prof-specialty,Husband,White,Male,0,0,40,United-States,>50K,45_54,35_40
50,Private,192982,HS-grad,9,Married-civ-spouse,Tech-support,Husband,White,Male,0,1848,40,United-States,>50K,45_54,35_40
33,Private,156192,Masters,14,Married-civ-spouse,Prof-specialty,Husband,White,Male,0,0,45,United-States,>50K,25_34,41_49
20,Private,154779,Some-college,10,Never-married,Sales,Other-relative,Other,Female,0,0,40,United-States,<=50K,under_25,35_40
34,Private,112584,10th,6,Divorced,Other-service,Unmarried,White,Female,0,0,38,United-States,<=50K,25_34,35_40
42,Private,37937,Bachelors,13,Married-civ-spouse,Exec-managerial,Husband,White,Male,0,0,55,United-States,>50K,35_44,50_plus
48,Private,240917,11th,7,Separated,Other-service,Not-in-family,Black,Female,0,0,35,United-States,<=50K,45_54,35_40
32,Private,272944,Some-college,10,Never-married,Craft-repair,Not-in-family,White,Female,0,0,40,United-States,<=50K,25_34,35_40
42,Private,132481,Assoc-acdm,12,Divorced,Prof-specialty,Not-in-family,White,Female,0,0,24,United-States,<=50K,35_44,under_35
27,Private,152246,HS-grad,9,Never-married,Machine-op-inspct,Own-child,Asian-Pac-Islander,Male,0,0,40,Philippines,<=50K,25_34,35_40
48,Self-emp-not-inc,100931,Some-college,10,Never-married,Adm-clerical,Not-in-family,White,Male,0,0,40,United-States,<=50K,45_54,35_40
26,Private,181597,Some-college,10,Married-civ-spouse,Machine-op-inspct,Husband,Black,Male,0,0,40,United-States,<=50K,25_34,35_40
18,Private,51255,11th,7,Never-married,Handlers-cleaners,Own-child,White,Male,0,0,15,United-States,<=50K,under_25,under_35
50,Self-emp-inc,136913,HS-grad,9,Married-civ-spouse,Farming-fishing,Husband,White,Male,0,0,50,United-States,<=50K,45_54,50_plus
43,State-gov,230961,HS-grad,9,Married-civ-spouse,Craft-repair,Husband,White,Male,0,0,40,United-States,<=50K,35_44,35_40
30,Private,171876,Prof-school,15,Never-married,Prof-specialty,Not-in-family,White,Female,0,0,45,United-States,<=50K,25_34,41_49
19,Private,136866,HS-grad,9,Never-married,Craft-repair,Own-child,White,Male,0,0,45,United-States,<=50K,under_25,41_49
67,,81761,HS-grad,9,Divorced,,Own-child,White,Male,0,0,20,United-States,<=50K,55_plus,under_35
18,,215463,12th,8,Never-married,,Own-child,White,Female,0,0,25,United-States,<=50K,under_25,under_35
37,Local-gov,128054,Some-college,10,Divorced,Adm-clerical,Unmarried,White,Female,0,0,40,United-States,<=50K,35_44,35_40
25,Private,182771,Some-college,10,Never-married,Sales,Own-child,Asian-Pac-Islander,Male,0,0,40,United-States,<=50K,25_34,35_40
57,Private,255109,HS-grad,9,Never-married,Exec-managerial,Not-in-family,White,Female,0,0,45,United-States,<=50K,55_plus,41_49
18,,175648,11th,7,Never-married,,Own-child,White,Male,0,0,40,United-States,<=50K,under_25,35_40
24,Private,50341,Bachelors,13,Never-married,Adm-clerical,Not-in-family,White,Female,0,0,40,United-States,<=50K,under_25,35_40
22,Private,214134,10th,6,Never-married,Transport-moving,Not-in-family,Amer-Indian-Eskimo,Male,0,0,84,United-States,<=50K,under_25,50_plus
29,Private,144259,Bachelors,13,Married-civ-spouse,Handlers-cleaners,Husband,Black,Male,4386,0,80,,>50K,25_34,50_plus
60,Private,147473,HS-grad,9,Married-civ-spouse,Sales,Husband,White,Male,0,0,40,United-States,<=50K,55_plus,35_40
31,Private,48189,HS-grad,9,Married-civ-spouse,Transport-moving,Husband,White,Male,0,0,45,United-States,<=50K,25_34,41_49
22,Private,48347,Bachelors,13,Never-married,Farming-fishing,Own-child,White,Male,0,0,40,United-States,<=50K,under_25,35_40
44,Private,191256,HS-grad,9,Married-civ-spouse,Transport-moving,Husband,White,Male,0,0,65,United-States,>50K,35_44,50_plus
47,Private,256866,HS-grad,9,Married-civ-spouse,Transport-moving,Husband,White,Male,0,0,48,United-States,<=50K,45_54,41_49
18,Private,274057,11th,7,Never-married,Other-service,Own-child,Black,Male,0,0,8,United-States,<=50K,under_25,under_35
56,Private,208415,HS-grad,9,Divorced,Exec-managerial,Not-in-family,Black,Male,0,0,40,,<=50K,55_plus,35_40
31,Private,35378,Some-college,10,Divorced,Adm-clerical,Not-in-family,White,Female,0,0,45,United-States,<=50K,25_34,41_49
48,Private,248164,Bachelors,13,Married-civ-spouse,Sales,Husband,White,Male,4386,0,50,United-States,>50K,45_54,50_plus
29,Federal-gov,208534,Prof-school,15,Married-civ-spouse,Prof-specialty,Husband,White,Male,0,0,80,United-States,<=50K,25_34,50_plus
65,Private,115880,Doctorate,16,Married-civ-spouse,Exec-managerial,Husband,White,Male,0,0,40,United-States,>50K,55_plus,35_40
19,Private,351040,Some-college,10,Never-married,Adm-clerical,Own-child,White,Female,0,0,40,Puerto-Rico,<=50K,under_25,35_40
23,Private,195767,HS-grad,9,Never-married,Craft-repair,Not-in-family,White,Male,0,0,40,United-States,<=50K,under_25,35_40
45,Self-emp-not-inc,225456,Bachelors,13,Married-civ-spouse,Exec-managerial,Husband,White,Male,0,0,50,United-States,>50K,45_54,50_plus
43,Private,209149,HS-grad,9,Divorced,Other-service,Not-in-family,White,Female,0,0,35,United-States,<=50K,35_44,35_40
36,Private,88967,11th,7,Never-married,Transport-moving,Unmarried,Amer-Indian-Eskimo,Male,0,0,65,United-States,<=50K,35_44,50_plus
42,Self-emp-not-inc,170721,HS-grad,9,Married-civ-spouse,Craft-repair,Husband,White,Male,0,2002,40,United-States,<=50K,35_44,35_40
35,Private,115215,Some-college,10,Never-married,Transport-moving,Own-child,White,Male,0,0,45,United-States,<=50K,35_44,41_49
27,Private,152231,Some-college,10,Married-civ-spouse,Machine-op-inspct,Husband,White,Male,0,0,45,United-States,<=50K,25_34,41_49
36,Private,31438,11th,7,Married-civ-spouse,Transport-moving,Husband,White,Male,0,0,43,United-States,<=50K,35_44,41_49
21,Private,222490,Some-college,10,Never-married,Handlers-cleaners,Own-child,White,Female,0,0,40,United-States,<=50K,under_25,35_40
37,Private,130620,12th,8,Married-civ-spouse,Sales,Wife,Asian-Pac-Islander,Female,0,0,33,,<=50K,35_44,under_35
43,Private,194773,Some-college,10,Never-married,Other-service,Not-in-family,White,Female,0,0,40,United-States,<=50K,35_44,35_40
61,Private,160037,7th-8th,4,Divorced,Other-service,Not-in-family,White,Male,0,0,35,United-States,<=50K,55_plus,35_40
31,State-gov,188900,Assoc-acdm,12,Never-married,Adm-clerical,Not-in-family,White,Female,3325,0,35,United-States,<=50K,25_34,35_40
22,Private,214399,Some-college,10,Never-married,Sales,Own-child,White,Female,0,0,30,United-States,<=50K,under_25,under_35
29,Private,204862,Assoc-acdm,12,Divorced,Prof-specialty,Not-in-family,White,Female,0,0,36,United-States,<=50K,25_34,35_40
35,State-gov,172475,Bachelors,13,Never-married,Exec-managerial,Not-in-family,Asian-Pac-Islander,Female,2977,0,45,United-States,<=50K,35_44,41_49
45,Local-gov,195418,Masters,14,Divorced,Prof-specialty,Not-in-family,Black,Male,0,0,40,United-States,<=50K,45_54,35_40
21,Local-gov,276840,12th,8,Never-married,Other-service,Own-child,Black,Male,0,0,20,United-States,<=50K,under_25,under_35
30,Private,97933,Assoc-acdm,12,Married-civ-spouse,Transport-moving,Wife,White,Female,0,1485,37,United-States,>50K,25_34,35_40
28,Private,189346,HS-grad,9,Divorced,Handlers-cleaners,Own-child,White,Male,0,0,40,United-States,<=50K,25_34,35_40
28,Private,499001,HS-grad,9,Never-married,Craft-repair,Unmarried,White,Male,0,0,40,Mexico,<=50K,25_34,35_40
43,Private,313181,HS-grad,9,Divorced,Adm-clerical,Other-relative,Black,Male,0,0,38,United-States,<=50K,35_44,35_40
25,Private,213412,Bachelors,13,Never-married,Tech-support,Unmarried,White,Male,0,0,40,United-States,<=50K,25_34,35_40
82,Private,152148,7th-8th,4,Married-civ-spouse,Handlers-cleaners,Husband,White,Male,0,0,2,United-States,<=50K,55_plus,under_35
43,Private,115323,Bachelors,13,Married-civ-spouse,Exec-managerial,Husband,White,Male,3103,0,40,United-States,>50K,35_44,35_40
41,Private,213055,Assoc-acdm,12,Never-married,Adm-clerical,Not-in-family,Other,Female,0,0,50,United-States,<=50K,35_44,50_plus
39,State-gov,114055,Bachelors,13,Never-married,Exec-managerial,Not-in-family,White,Female,0,0,40,United-States,<=50K,35_44,35_40
72,Private,195184,HS-grad,9,Widowed,Priv-house-serv,Unmarried,White,Female,0,0,12,Cuba,<=50K,55_plus,under_35
26,Private,186151,HS-grad,9,Separated,Tech-support,Own-child,White,Female,0,0,40,United-States,<=50K,25_34,35_40
40,Self-emp-not-inc,125206,Prof-school,15,Married-civ-spouse,Prof-specialty,Husband,White,Male,0,0,40,United-States,<=50K,35_44,35_40
24,Private,178255,Some-college,10,Married-civ-spouse,Priv-house-serv,Wife,White,Female,0,0,40,,<=50K,under_25,35_40
26,Private,917220,12th,8,Never-married,Transport-moving,Own-child,Black,Male,0,0,40,United-States,<=50K,25_34,35_40
49,Private,105431,HS-grad,9,Divorced,Other-service,Not-in-family,Black,Female,0,0,40,United-States,<=50K,45_54,35_40
36,Private,146311,9th,5,Married-civ-spouse,Machine-op-inspct,Husband,White,Male,0,0,40,United-States,<=50K,35_44,35_40
21,Private,204641,Some-college,10,Never-married,Other-service,Own-child,White,Male,0,0,40,United-States,<=50K,under_25,35_40
24,Self-emp-inc,189148,Some-college,10,Never-married,Transport-moving,Own-child,White,Male,0,0,40,United-States,<=50K,under_25,35_40
18,Private,135315,9th,5,Never-married,Sales,Own-child,Other,Female,0,0,32,United-States,<=50K,under_25,under_35
46,Private,159869,Bachelors,13,Married-civ-spouse,Exec-managerial,Husband,White,Male,0,0,40,United-States,>50K,45_54,35_40
20,,210029,Some-college,10,Never-married,,Own-child,White,Female,0,0,40,United-States,<=50K,under_25,35_40
27,Private,330132,Bachelors,13,Married-civ-spouse,Tech-support,Wife,White,Female,0,0,40,United-States,>50K,25_34,35_40
39,Private,135020,HS-grad,9,Never-married,Transport-moving,Own-child,White,Male,0,0,40,United-States,<=50K,35_44,35_40
37,Private,109133,HS-grad,9,Married-civ-spouse,Machine-op-inspct,Husband,White,Male,0,0,40,Portugal,<=50K,35_44,35_40
26,Federal-gov,76900,Bachelors,13,Never-married,Tech-support,Not-in-family,White,Male,0,0,40,United-States,<=50K,25_34,35_40
29,Self-emp-not-inc,151476,Assoc-voc,11,Never-married,Adm-clerical,Not-in-family,White,Female,2174,0,40,United-States,<=50K,25_34,35_40
37,Private,185744,HS-grad,9,Married-civ-spouse,Other-service,Wife,White,Female,0,0,20,United-States,<=50K,35_44,under_35
31,Self-emp-not-inc,175856,HS-grad,9,Married-civ-spouse,Craft-repair,Husband,White,Male,0,0,60,United-States,<=50K,25_34,50_plus
21,Private,285457,Some-college,10,Never-married,Transport-moving,Own-child,White,Male,0,0,50,United-States,<=50K,under_25,50_plus
33,Private,67006,10th,6,Never-married,Machine-op-inspct,Not-in-family,White,Female,0,0,45,United-States,<=50K,25_34,41_49
23,Private,240398,Bachelors,13,Never-married,Sales,Not-in-family,Black,Male,0,0,15,United-States,<=50K,under_25,under_35
33,Federal-gov,182714,Prof-school,15,Never-married,Prof-specialty,Not-in-family,White,Female,0,0,65,United-States,>50K,25_34,50_plus
30,Private,185177,Bachelors,13,Married-civ-spouse,Exec-managerial,Husband,White,Male,0,0,43,United-States,<=50K,25_34,41_49
21,Private,117210,Some-college,10,Never-married,Sales,Own-child,White,Male,0,0,45,United-States,<=50K,under_25,41_49
60,Self-emp-not-inc,148492,HS-grad,9,Married-civ-spouse,Craft-repair,Husband,White,Male,0,1485,50,United-States,>50K,55_plus,50_plus
30,Private,219110,HS-grad,9,Married-civ-spouse,Craft-repair,Husband,White,Male,0,0,46,United-States,<=50K,25_34,41_49
31,Private,200192,HS-grad,9,Divorced,Adm-clerical,Not-in-family,White,Female,0,0,40,Germany,<=50K,25_34,35_40
36,Local-gov,357720,Assoc-voc,11,Never-married,Prof-specialty,Not-in-family,White,Female,0,0,40,United-States,<=50K,35_44,35_40
49,Self-emp-not-inc,155489,Some-college,10,Married-civ-spouse,Craft-repair,Husband,White,Male,0,0,65,Poland,<=50K,45_54,50_plus
42,Private,183479,Assoc-voc,11,Married-civ-spouse,Sales,Husband,White,Male,0,0,40,United-States,>50K,35_44,35_40
30,Private,103596,HS-grad,9,Never-married,Protective-serv,Not-in-family,White,Male,0,0,99,United-States,<=50K,25_34,50_plus
48,Local-gov,189762,HS-grad,9,Married-civ-spouse,Craft-repair,Husband,White,Male,0,0,40,United-States,>50K,45_54,35_40
24,Private,184756,Bachelors,13,Never-married,Exec-managerial,Not-in-family,White,Female,0,0,40,United-States,<=50K,under_25,35_40
67,Self-emp-not-inc,127543,10th,6,Married-civ-spouse,Farming-fishing,Husband,White,Male,2414,0,80,United-States,<=50K,55_plus,50_plus
64,State-gov,114650,9th,5,Married-civ-spouse,Craft-repair,Husband,White,Male,0,0,40,United-States,<=50K,55_plus,35_40
29,Self-emp-not-inc,240172,Bachelors,13,Never-married,Exec-managerial,Other-relative,White,Male,0,0,50,United-States,<=50K,25_34,50_plus
18,Private,156874,12th,8,Never-married,Other-service,Own-child,White,Male,0,0,27,United-States,<=50K,under_25,under_35
22,Private,310152,Some-college,10,Never-married,Other-service,Not-in-family,White,Male,3325,0,40,United-States,<=50K,under_25,35_40
36,Private,103323,Assoc-acdm,12,Married-civ-spouse,Machine-op-inspct,Husband,White,Male,2829,0,40,United-States,<=50K,35_44,35_40
43,Self-emp-not-inc,48087,HS-grad,9,Never-married,Farming-fishing,Not-in-family,White,Male,0,0,60,United-States,<=50K,35_44,50_plus
37,State-gov,210452,Masters,14,Married-civ-spouse,Exec-managerial,Husband,White,Male,0,0,38,United-States,<=50K,35_44,35_40
27,Self-emp-not-inc,442612,HS-grad,9,Married-civ-spouse,Sales,Husband,White,Male,0,0,65,United-States,>50K,25_34,50_plus
28,Private,54243,HS-grad,9,Divorced,Transport-moving,Not-in-family,White,Male,0,0,60,United-States,<=50K,25_34,50_plus
47,State-gov,187581,Assoc-voc,11,Married-civ-spouse,Tech-support,Husband,White,Male,0,0,48,United-States,>50K,45_54,41_49
49,State-gov,142856,HS-grad,9,Married-civ-spouse,Prof-specialty,Husband,White,Male,0,0,40,United-States,>50K,45_54,35_40
33,Private,394447,Masters,14,Married-civ-spouse,Prof-specialty,Husband,White,Male,0,0,33,United-States,>50K,25_34,under_35
58,Private,163113,HS-grad,9,Widowed,Sales,Not-in-family,White,Female,0,0,35,United-States,>50K,55_plus,35_40
37,Private,134088,Assoc-acdm,12,Never-married,Adm-clerical,Not-in-family,White,Female,0,0,40,United-States,<=50K,35_44,35_40
22,Private,103762,Bachelors,13,Never-married,Exec-managerial,Own-child,White,Female,0,0,40,United-States,<=50K,under_25,35_40
43,Private,188199,9th,5,Divorced,Handlers-cleaners,Unmarried,White,Female,0,0,40,United-States,<=50K,35_44,35_40
53,State-gov,118793,HS-grad,9,Married-civ-spouse,Protective-serv,Husband,White,Male,0,0,40,United-States,<=50K,45_54,35_40
68,,29240,HS-grad,9,Widowed,,Not-in-family,White,Female,0,0,12,United-States,<=50K,55_plus,under_35
17,Private,154908,10th,6,Never-married,Other-service,Own-child,White,Female,0,0,10,United-States,<=50K,under_25,under_35
18,Self-emp-not-inc,212207,HS-grad,9,Never-married,Farming-fishing,Own-child,White,Male,0,0,11,United-States,<=50K,under_25,under_35
48,Private,355978,Masters,14,Married-civ-spouse,Exec-managerial,Husband,White,Male,0,0,40,United-States,<=50K,45_54,35_40
41,Private,82778,1st-4th,2,Married-civ-spouse,Farming-fishing,Husband,White,Male,0,0,40,Mexico,<=50K,35_44,35_40
61,Self-emp-not-inc,115882,1st-4th,2,Married-civ-spouse,Craft-repair,Husband,White,Male,0,0,20,United-States,<=50K,55_plus,under_35
63,Private,137192,Bachelors,13,Married-civ-spouse,Craft-repair,Husband,Asian-Pac-Islander,Male,0,0,40,South,<=50K,55_plus,35_40
40,Self-emp-inc,190290,Bachelors,13,Married-civ-spouse,Sales,Husband,White,Male,0,0,40,,>50K,35_44,35_40
26,Private,208122,Some-college,10,Divorced,Handlers-cleaners,Not-in-family,White,Male,0,0,45,United-States,<=50K,25_34,41_49
36,Private,66173,Bachelors,13,Never-married,Adm-clerical,Not-in-family,White,Female,0,0,50,United-States,<=50K,35_44,50_plus
22,Private,148431,HS-grad,9,Never-married,Adm-clerical,Not-in-family,Other,Female,0,0,40,United-States,<=50K,under_25,35_40
27,Self-emp-not-inc,123116,HS-grad,9,Married-civ-spouse,Transport-moving,Husband,White,Male,0,0,40,United-States,<=50K,25_34,35_40
90,,77053,HS-grad,9,Widowed,,Not-in-family,White,Female,0,4356,40,United-States,<=50K,55_plus,35_40
30,Private,226943,HS-grad,9,Divorced,Adm-clerical,Unmarried,White,Female,0,0,35,United-States,<=50K,25_34,35_40
36,Private,305352,10th,6,Divorced,Craft-repair,Other-relative,Black,Male,0,0,40,United-States,<=50K,35_44,35_40
53,Private,194995,5th-6th,3,Married-civ-spouse,Craft-repair,Husband,White,Male,0,0,45,Italy,<=50K,45_54,41_49
39,Private,67136,Assoc-voc,11,Separated,Adm-clerical,Not-in-family,Asian-Pac-Islander,Male,0,0,40,United-States,<=50K,35_44,35_40
58,Private,322691,Bachelors,13,Married-civ-spouse,Machine-op-inspct,Husband,White,Male,0,0,40,United-States,>50K,55_plus,35_40
32,Private,130057,Bachelors,13,Married-civ-spouse,Exec-managerial,Husband,White,Male,0,0,45,United-States,>50K,25_34,41_49
45,Private,140644,HS-grad,9,Married-civ-spouse,Sales,Husband,White,Male,0,0,50,United-States,>50K,45_54,50_plus
18,Private,163332,HS-grad,9,Never-married,Sales,Own-child,White,Female,0,0,22,United-States,<=50K,under_25,under_35
27,Private,132686,12th,8,Never-married,Machine-op-inspct,Own-child,White,Male,0,0,50,United-States,<=50K,25_34,50_plus
27,Private,160731,Bachelors,13,Married-civ-spouse,Prof-specialty,Husband,White,Male,0,0,40,United-States,<=50K,25_34,35_40
36,Private,185360,HS-grad,9,Married-civ-spouse,Sales,Husband,White,Male,0,0,60,United-States,<=50K,35_44,50_plus
73,State-gov,96262,HS-grad,9,Widowed,Adm-clerical,Not-in-family,White,Female,0,0,40,United-States,<=50K,55_plus,35_40
32,Private,73585,Assoc-voc,11,Married-civ-spouse,Craft-repair,Husband,White,Male,0,0,40,United-States,<=50K,25_34,35_40
42,Private,37869,Some-college,10,Divorced,Machine-op-inspct,Not-in-family,White,Male,0,1590,40,United-States,<=50K,35_44,35_40
58,Self-emp-inc,130454,Some-college,10,Married-civ-spouse,Exec-managerial,Husband,White,Male,0,0,50,United-States,>50K,55_plus,50_plus
25,Private,362912,Some-college,10,Never-married,Craft-repair,Own-child,White,Female,0,0,50,United-States,<=50K,25_34,50_plus
29,Private,308944,HS-grad,9,Married-spouse-absent,Craft-repair,Not-in-family,White,Male,0,0,40,United-States,<=50K,25_34,35_40
41,Private,139907,10th,6,Never-married,Handlers-cleaners,Unmarried,White,Male,0,0,50,United-States,<=50K,35_44,50_plus
21,Private,189888,HS-grad,9,Never-married,Handlers-cleaners,Not-in-family,White,Male,3325,0,60,United-States,<=50K,under_25,50_plus
39,Private,175972,Some-college,10,Married-civ-spouse,Other-service,Wife,White,Female,0,0,15,United-States,<=50K,35_44,under_35
18,Private,163787,Some-college,10,Never-married,Sales,Own-child,White,Female,0,0,15,United-States,<=50K,under_25,under_35
46,Private,123598,Some-college,10,Married-civ-spouse,Sales,Husband,White,Male,0,0,48,United-States,>50K,45_54,41_49
33,,193172,Assoc-voc,11,Married-civ-spouse,,Own-child,White,Female,7688,0,50,United-States,>50K,25_34,50_plus
58,State-gov,400285,HS-grad,9,Married-civ-spouse,Adm-clerical,Husband,Black,Male,0,0,40,United-States,>50K,55_plus,35_40
19,Private,199441,HS-grad,9,Never-married,Prof-specialty,Not-in-family,White,Female,0,0,40,United-States,<=50K,under_25,35_40
19,Private,69927,HS-grad,9,Married-civ-spouse,Other-service,Wife,Black,Female,0,0,16,United-States,<=50K,under_25,under_35
26,Federal-gov,211596,Masters,14,Never-married,Prof-specialty,Not-in-family,White,Male,0,0,40,United-States,<=50K,25_34,35_40
54,Private,96792,HS-grad,9,Widowed,Other-service,Unmarried,White,Female,0,0,32,United-States,<=50K,45_54,under_35
50,Private,258819,HS-grad,9,Divorced,Craft-repair,Not-in-family,White,Male,0,0,40,United-States,>50K,45_54,35_40
34,Self-emp-not-inc,123429,HS-grad,9,Married-civ-spouse,Sales,Husband,White,Male,0,0,60,United-States,<=50K,25_34,50_plus
26,Private,523067,Some-college,10,Never-married,Prof-specialty,Own-child,White,Male,0,0,3,El-Salvador,<=50K,25_34,under_35
52,Private,110977,Doctorate,16,Never-married,Exec-managerial,Not-in-family,White,Male,0,0,40,United-States,>50K,45_54,35_40
27,State-gov,340269,Some-college,10,Never-married,Protective-serv,Not-in-family,White,Male,0,0,40,United-States,<=50K,25_34,35_40
20,Private,262749,Some-college,10,Never-married,Other-service,Own-child,White,Male,0,0,35,United-States,<=50K,under_25,35_40
18,,85154,12th,8,Never-married,,Own-child,Asian-Pac-Islander,Female,0,0,24,Germany,<=50K,under_25,under_35
62,Private,162825,HS-grad,9,Married-civ-spouse,Machine-op-inspct,Husband,White,Male,0,0,40,United-States,>50K,55_plus,35_40
58,Private,281792,Bachelors,13,Married-civ-spouse,Prof-specialty,Husband,White,Male,0,0,40,United-States,>50K,55_plus,35_40
18,Private,115215,HS-grad,9,Never-married,Other-service,Own-child,White,Male,0,0,25,United-States,<=50K,under_25,under_35
43,Self-emp-not-inc,152958,HS-grad,9,Married-civ-spouse,Exec-managerial,Husband,White,Male,0,0,35,United-States,>50K,35_44,35_40
54,Private,234938,HS-grad,9,Married-civ-spouse,Sales,Husband,White,Male,4064,0,55,United-States,<=50K,45_54,50_plus
46,Private,315423,Some-college,10,Married-civ-spouse,Sales,Husband,White,Male,0,2042,50,United-States,<=50K,45_54,50_plus
27,Self-emp-not-inc,30244,HS-grad,9,Never-married,Farming-fishing,Own-child,White,Male,0,0,80,United-States,<=50K,25_34,50_plus
38,Private,204527,HS-grad,9,Married-civ-spouse,Craft-repair,Husband,White,Male,0,0,50,United-States,<=50K,35_44,50_plus
30,Private,255004,Assoc-acdm,12,Divorced,Sales,Not-in-family,White,Male,0,0,52,United-States,<=50K,25_34,50_plus
39,Self-emp-inc,33975,HS-grad,9,Married-civ-spouse,Craft-repair,Husband,White,Male,0,0,50,United-States,<=50K,35_44,50_plus
27,Private,170017,Bachelors,13,Married-civ-spouse,Prof-specialty,Husband,White,Male,0,0,40,United-States,<=50K,25_34,35_40
46,Private,167882,HS-grad,9,Divorced,Tech-support,Not-in-family,White,Female,0,0,43,United-States,<=50K,45_54,41_49
58,Private,222247,10th,6,Married-civ-spouse,Transport-moving,Husband,White,Male,0,1887,40,United-States,>50K,55_plus,35_40
40,Private,337456,HS-grad,9,Divorced,Protective-serv,Unmarried,White,Female,0,0,40,United-States,<=50K,35_44,35_40
55,Private,172666,Some-college,10,Married-civ-spouse,Craft-repair,Husband,White,Male,0,0,40,United-States,>50K,55_plus,35_40
32,Private,173730,Bachelors,13,Married-civ-spouse,Exec-managerial,Husband,White,Male,7688,0,40,United-States,>50K,25_34,35_40
22,Private,152744,Some-college,10,Never-married,Other-service,Not-in-family,Asian-Pac-Islander,Female,0,0,40,Philippines,<=50K,under_25,35_40
49,State-gov,354529,Some-college,10,Never-married,Adm-clerical,Not-in-family,White,Female,0,0,40,United-States,<=50K,45_54,35_40
47,Private,303637,HS-grad,9,Married-civ-spouse,Exec-managerial,Husband,White,Male,0,0,49,United-States,>50K,45_54,41_49
27,Private,37599,Some-college,10,Never-married,Other-service,Not-in-family,White,Male,0,0,24,United-States,<=50K,25_34,under_35
44,Private,199031,Some-college,10,Divorced,Transport-moving,Own-child,White,Male,0,1380,40,United-States,<=50K,35_44,35_40
33,Private,255334,Bachelors,13,Married-civ-spouse,Prof-specialty,Husband,White,Male,0,0,25,United-States,>50K,25_34,under_35
46,Self-emp-inc,328216,Bachelors,13,Married-civ-spouse,Sales,Husband,White,Male,0,1902,42,,>50K,45_54,41_49
48,Private,202117,11th,7,Divorced,Other-service,Not-in-family,White,Female,0,0,34,United-States,<=50K,45_54,under_35
39,Local-gov,222572,Masters,14,Never-married,Prof-specialty,Unmarried,White,Female,0,0,43,United-States,<=50K,35_44,41_49
31,Private,402361,HS-grad,9,Married-civ-spouse,Craft-repair,Husband,White,Male,0,0,40,United-States,<=50K,25_34,35_40
58,Local-gov,147428,Masters,14,Married-civ-spouse,Prof-specialty,Husband,White,Male,0,0,40,United-States,>50K,55_plus,35_40
41,Private,195661,Some-college,10,Married-civ-spouse,Transport-moving,Husband,White,Male,0,0,54,United-States,<=50K,35_44,50_plus
52,,105428,Some-college,10,Married-civ-spouse,,Husband,White,Male,0,0,12,United-States,<=50K,45_54,under_35
56,Private,174533,Bachelors,13,Never-married,Exec-managerial,Not-in-family,White,Female,0,0,45,United-States,>50K,55_plus,41_49
24,Private,126568,Bachelors,13,Married-civ-spouse,Other-service,Husband,White,Male,0,0,33,United-States,<=50K,under_25,under_35
43,Private,197810,Masters,14,Divorced,Other-service,Unmarried,White,Female,0,0,40,United-States,<=50K,35_44,35_40
35,Federal-gov,35309,Bachelors,13,Never-married,Tech-support,Not-in-family,Asian-Pac-Islander,Male,0,0,28,,<=50K,35_44,under_35
19,Private,201743,Some-college,10,Never-married,Other-service,Own-child,White,Female,0,0,26,United-States,<=50K,under_25,under_35
30,Private,190823,Some-college,10,Never-married,Other-service,Own-child,Black,Female,0,0,40,United-States,<=50K,25_34,35_40
58,Local-gov,239405,5th-6th,3,Divorced,Other-service,Other-relative,Black,Female,0,0,40,Haiti,<=50K,55_plus,35_40
27,Federal-gov,105189,HS-grad,9,Divorced,Adm-clerical,Not-in-family,White,Male,4865,0,50,United-States,<=50K,25_34,50_plus
55,Private,234125,HS-grad,9,Married-civ-spouse,Other-service,Husband,White,Male,0,0,40,United-States,<=50K,55_plus,35_40
25,Private,251854,11th,7,Never-married,Adm-clerical,Own-child,Black,Female,0,0,40,United-States,<=50K,25_34,35_40
53,Private,251675,HS-grad,9,Married-civ-spouse,Craft-repair,Husband,White,Male,0,0,40,El-Salvador,<=50K,45_54,35_40
24,State-gov,147147,Bachelors,13,Never-married,Adm-clerical,Not-in-family,Black,Female,0,0,20,United-States,<=50K,under_25,under_35
29,Private,394927,Assoc-voc,11,Married-civ-spouse,Other-service,Husband,White,Male,0,0,40,,<=50K,25_34,35_40
52,,115209,Prof-school,15,Married-spouse-absent,,Unmarried,Asian-Pac-Islander,Female,0,0,40,Vietnam,<=50K,45_54,35_40
31,Local-gov,189269,HS-grad,9,Never-married,Protective-serv,Own-child,White,Male,0,0,40,United-States,<=50K,25_34,35_40
38,Private,35429,HS-grad,9,Married-civ-spouse,Handlers-cleaners,Husband,White,Male,0,2042,40,United-States,<=50K,35_44,35_40
42,Private,154374,Bachelors,13,Married-civ-spouse,Exec-managerial,Husband,White,Male,0,2415,60,United-States,>50K,35_44,50_plus
30,Private,177531,HS-grad,9,Never-married,Sales,Unmarried,Black,Female,0,0,25,United-States,<=50K,25_34,under_35
69,,167826,Bachelors,13,Married-civ-spouse,,Husband,White,Male,0,0,40,United-States,<=50K,55_plus,35_40
44,Private,120057,Assoc-acdm,12,Married-civ-spouse,Exec-managerial,Husband,White,Male,4386,0,45,United-States,>50K,35_44,41_49
37,Local-gov,365430,Some-college,10,Married-civ-spouse,Adm-clerical,Husband,White,Male,0,0,40,Canada,>50K,35_44,35_40
26,Private,247455,Bachelors,13,Married-civ-spouse,Sales,Wife,White,Female,5178,0,42,United-States,>50K,25_34,41_49
28,Private,25955,Some-college,10,Never-married,Craft-repair,Own-child,Amer-Indian-Eskimo,Male,0,0,40,United-States,<=50K,25_34,35_40
55,,52267,Masters,14,Married-civ-spouse,,Husband,White,Male,0,0,18,United-States,<=50K,55_plus,under_35
30,,157289,11th,7,Never-married,,Unmarried,White,Male,0,0,40,United-States,<=50K,25_34,35_40
26,Private,176520,HS-grad,9,Never-married,Adm-clerical,Not-in-family,White,Male,0,0,53,United-States,<=50K,25_34,50_plus
62,Private,159908,Some-college,10,Married-civ-spouse,Adm-clerical,Wife,White,Female,0,0,38,United-States,>50K,55_plus,35_40
44,Self-emp-not-inc,264740,Prof-school,15,Married-civ-spouse,Prof-specialty,Husband,White,Male,0,0,40,United-States,>50K,35_44,35_40
39,Private,168894,Some-college,10,Never-married,Adm-clerical,Not-in-family,White,Female,0,0,40,United-States,<=50K,35_44,35_40
36,Private,41490,Some-college,10,Divorced,Adm-clerical,Unmarried,White,Female,0,0,40,United-States,<=50K,35_44,35_40
67,,243256,9th,5,Married-civ-spouse,,Husband,White,Male,0,0,15,United-States,<=50K,55_plus,under_35
55,Private,249072,HS-grad,9,Married-civ-spouse,Transport-moving,Husband,White,Male,0,0,60,United-States,<=50K,55_plus,50_plus
52,Federal-gov,279337,HS-grad,9,Married-civ-spouse,Adm-clerical,Husband,White,Male,0,0,40,United-States,<=50K,45_54,35_40
35,Local-gov,162651,Bachelors,13,Divorced,Prof-specialty,Not-in-family,White,Male,0,0,40,Puerto-Rico,<=50K,35_44,35_40
24,Private,259865,HS-grad,9,Never-married,Adm-clerical,Not-in-family,White,Female,0,0,30,United-States,<=50K,under_25,under_35
59,Private,221336,10th,6,Widowed,Other-service,Other-relative,Asian-Pac-Islander,Female,0,0,40,Philippines,<=50K,55_plus,35_40
40,Local-gov,233891,HS-grad,9,Never-married,Adm-clerical,Unmarried,Black,Female,0,0,35,United-States,<=50K,35_44,35_40
35,Private,474136,HS-grad,9,Never-married,Craft-repair,Not-in-family,White,Male,0,1408,40,United-States,<=50K,35_44,35_40
48,Self-emp-not-inc,139212,Some-college,10,Divorced,Craft-repair,Not-in-family,White,Male,0,0,40,United-States,<=50K,45_54,35_40
34,Private,191291,Some-college,10,Never-married,Craft-repair,Not-in-family,White,Male,0,0,40,United-States,<=50K,25_34,35_40
47,Local-gov,285060,Masters,14,Married-civ-spouse,Exec-managerial,Husband,White,Male,0,1977,41,United-States,>50K,45_54,41_49
28,Local-gov,185647,Some-college,10,Married-civ-spouse,Protective-serv,Husband,White,Male,0,0,48,United-States,<=50K,25_34,41_49
52,Private,128871,7th-8th,4,Divorced,Machine-op-inspct,Not-in-family,White,Female,0,0,64,United-States,<=50K,45_54,50_plus
37,Private,80410,11th,7,Married-civ-spouse,Other-service,Husband,White,Male,0,0,40,United-States,<=50K,35_44,35_40
30,Private,149118,HS-grad,9,Divorced,Craft-repair,Not-in-family,White,Female,0,0,40,United-States,<=50K,25_34,35_40
33,Private,345277,Bachelors,13,Never-married,Tech-support,Not-in-family,White,Female,0,0,45,United-States,>50K,25_34,41_49
22,Private,309178,HS-grad,9,Never-married,Transport-moving,Own-child,White,Male,0,0,40,United-States,<=50K,under_25,35_40
33,Private,124407,Bachelors,13,Never-married,Prof-specialty,Not-in-family,White,Female,0,0,40,United-States,<=50K,25_34,35_40
36,Private,176335,Some-college,10,Never-married,Transport-moving,Not-in-family,White,Male,0,0,40,United-States,<=50K,35_44,35_40
48,Private,171807,Bachelors,13,Divorced,Other-service,Unmarried,White,Female,0,0,56,United-States,>50K,45_54,50_plus
39,Private,149943,Masters,14,Never-married,Sales,Not-in-family,Asian-Pac-Islander,Male,0,0,40,China,<=50K,35_44,35_40
28,Private,156819,HS-grad,9,Divorced,Handlers-cleaners,Unmarried,White,Female,0,0,36,United-States,<=50K,25_34,35_40
43,Private,162108,Bachelors,13,Never-married,Adm-clerical,Not-in-family,White,Female,0,0,40,United-States,<=50K,35_44,35_40
28,Private,118861,10th,6,Married-civ-spouse,Craft-repair,Wife,Other,Female,0,0,48,Guatemala,<=50K,25_34,41_49
24,Private,19410,HS-grad,9,Divorced,Sales,Unmarried,Amer-Indian-Eskimo,Female,0,0,48,United-States,<=50K,under_25,41_49
23,,194031,Some-college,10,Never-married,,Not-in-family,White,Female,0,0,25,United-States,<=50K,under_25,under_35
33,Private,174789,Some-college,10,Never-married,Machine-op-inspct,Not-in-family,White,Male,0,0,40,United-States,<=50K,25_34,35_40
22,Private,217363,HS-grad,9,Separated,Adm-clerical,Unmarried,White,Female,0,0,40,United-States,<=50K,under_25,35_40
33,Self-emp-inc,281832,Doctorate,16,Married-civ-spouse,Prof-specialty,Husband,White,Male,0,0,40,Cuba,>50K,25_34,35_40
46,Federal-gov,190729,Some-college,10,Married-civ-spouse,Other-service,Husband,White,Male,0,0,40,United-States,<=50K,45_54,35_40
32,Self-emp-inc,191385,Doctorate,16,Never-married,Prof-specialty,Not-in-family,White,Male,0,0,77,United-States,<=50K,25_34,50_plus
43,Self-emp-not-inc,225165,11th,7,Married-civ-spouse,Craft-repair,Husband,White,Male,0,0,55,United-States,<=50K,35_44,50_plus
50,Private,237729,HS-grad,9,Widowed,Sales,Not-in-family,White,Female,0,2444,72,United-States,>50K,45_54,50_plus
62,Private,57970,7th-8th,4,Divorced,Handlers-cleaners,Not-in-family,White,Male,0,0,40,United-States,<=50K,55_plus,35_40
58,Private,225603,9th,5,Divorced,Farming-fishing,Not-in-family,Black,Male,0,0,40,United-States,<=50K,55_plus,35_40
49,Federal-gov,216453,Assoc-voc,11,Divorced,Exec-managerial,Unmarried,Black,Female,0,0,45,United-States,<=50K,45_54,41_49
22,State-gov,347803,Some-college,10,Never-married,Adm-clerical,Not-in-family,Other,Male,0,0,20,United-States,<=50K,under_25,under_35
19,,167428,Some-college,10,Never-married,,Own-child,White,Male,0,0,40,United-States,<=50K,under_25,35_40
20,Private,312017,Some-college,10,Never-married,Protective-serv,Own-child,White,Male,0,0,40,Germany,<=50K,under_25,35_40
20,Private,122649,HS-grad,9,Never-married,Other-service,Not-in-family,White,Female,0,0,30,United-States,<=50K,under_25,under_35
28,Private,421967,Bachelors,13,Married-civ-spouse,Exec-managerial,Wife,White,Female,0,0,60,United-States,>50K,25_34,50_plus
47,Private,74305,Bachelors,13,Divorced,Craft-repair,Not-in-family,White,Male,0,0,40,United-States,<=50K,45_54,35_40
17,Private,186677,11th,7,Never-married,Handlers-cleaners,Own-child,White,Male,0,0,12,United-States,<=50K,under_25,under_35
26,Private,252406,HS-grad,9,Separated,Adm-clerical,Unmarried,White,Female,0,0,40,United-States,<=50K,25_34,35_40
77,,152900,5th-6th,3,Married-civ-spouse,,Husband,White,Male,0,0,20,United-States,<=50K,55_plus,under_35
24,Private,329408,11th,7,Never-married,Handlers-cleaners,Not-in-family,White,Male,0,0,40,United-States,<=50K,under_25,35_40
59,Private,159008,Assoc-acdm,12,Married-civ-spouse,Craft-repair,Husband,White,Male,7298,0,20,United-States,>50K,55_plus,under_35
55,State-gov,136819,HS-grad,9,Married-civ-spouse,Protective-serv,Husband,White,Male,0,0,40,United-States,<=50K,55_plus,35_40
43,Private,173316,Some-college,10,Married-civ-spouse,Craft-repair,Husband,White,Male,0,0,40,United-States,<=50K,35_44,35_40
51,Federal-gov,27166,HS-grad,9,Married-civ-spouse,Tech-support,Husband,White,Male,0,0,40,United-States,<=50K,45_54,35_40
29,Private,183627,HS-grad,9,Married-civ-spouse,Machine-op-inspct,Husband,White,Male,3137,0,48,Ireland,<=50K,25_34,41_49
44,State-gov,244974,Bachelors,13,Married-civ-spouse,Protective-serv,Husband,White,Male,0,0,44,United-States,>50K,35_44,41_49
31,Private,128591,9th,5,Divorced,Transport-moving,Not-in-family,White,Male,0,0,40,United-States,<=50K,25_34,35_40
28,Private,394927,Some-college,10,Married-civ-spouse,Tech-support,Husband,White,Male,0,0,40,United-States,>50K,25_34,35_40
51,Self-emp-not-inc,259323,HS-grad,9,Married-civ-spouse,Craft-repair,Husband,White,Male,0,0,70,United-States,<=50K,45_54,50_plus
27,Private,192283,Assoc-voc,11,Never-married,Handlers-cleaners,Own-child,White,Female,0,0,38,United-States,<=50K,25_34,35_40
20,Private,201204,HS-grad,9,Never-married,Handlers-cleaners,Own-child,White,Male,0,0,40,United-States,<=50K,under_25,35_40
45,Private,253116,10th,6,Divorced,Other-service,Unmarried,Black,Female,0,0,40,United-States,<=50K,45_54,35_40
36,Private,169037,HS-grad,9,Never-married,Adm-clerical,Not-in-family,White,Female,0,0,40,United-States,<=50K,35_44,35_40
50,State-gov,307392,Masters,14,Divorced,Prof-specialty,Unmarried,White,Female,0,0,40,United-States,<=50K,45_54,35_40
24,Private,283613,Bachelors,13,Never-married,Prof-specialty,Not-in-family,White,Male,0,0,43,United-States,<=50K,under_25,41_49
27,Private,131679,Assoc-voc,11,Divorced,Sales,Not-in-family,White,Female,0,0,40,United-States,<=50K,25_34,35_40
28,Private,75695,Some-college,10,Separated,Other-service,Not-in-family,White,Female,0,0,60,United-States,<=50K,25_34,50_plus
42,Private,340234,HS-grad,9,Married-civ-spouse,Tech-support,Husband,Asian-Pac-Islander,Male,15024,0,40,United-States,>50K,35_44,35_40
23,Private,278391,HS-grad,9,Never-married,Transport-moving,Own-child,White,Male,0,0,40,United-States,<=50K,under_25,35_40
27,Private,157941,Assoc-voc,11,Married-civ-spouse,Sales,Husband,White,Male,0,0,45,United-States,<=50K,25_34,41_49
37,Private,204145,Assoc-voc,11,Married-civ-spouse,Craft-repair,Husband,White,Male,0,0,45,United-States,>50K,35_44,41_49
64,Federal-gov,173754,HS-grad,9,Married-civ-spouse,Adm-clerical,Husband,White,Male,0,0,40,United-States,<=50K,55_plus,35_40
40,Private,77357,Prof-school,15,Married-civ-spouse,Prof-specialty,Husband,White,Male,0,0,40,United-States,>50K,35_44,35_40
36,Private,116608,HS-grad,9,Divorced,Machine-op-inspct,Unmarried,White,Female,0,0,38,United-States,<=50K,35_44,35_40
37,State-gov,348960,Bachelors,13,Married-civ-spouse,Prof-specialty,Husband,White,Male,0,0,36,United-States,>50K,35_44,35_40
47,Local-gov,93476,Bachelors,13,Separated,Prof-specialty,Not-in-family,White,Female,0,0,70,United-States,<=50K,45_54,50_plus
35,Self-emp-not-inc,195744,HS-grad,9,Divorced,Craft-repair,Not-in-family,White,Male,0,0,50,United-States,<=50K,35_44,50_plus
39,Self-emp-not-inc,331481,Bachelors,13,Divorced,Craft-repair,Not-in-family,Black,Male,0,1669,60,,<=50K,35_44,50_plus
44,Private,201924,Bachelors,13,Divorced,Sales,Unmarried,White,Female,0,0,35,United-States,<=50K,35_44,35_40
50,Private,166758,Some-college,10,Divorced,Other-service,Not-in-family,White,Female,0,0,15,United-States,<=50K,45_54,under_35
27,Self-emp-not-inc,115705,Some-college,10,Never-married,Sales,Not-in-family,White,Male,0,0,50,United-States,<=50K,25_34,50_plus
22,State-gov,190625,Bachelors,13,Married-civ-spouse,Exec-managerial,Husband,White,Male,0,0,20,United-States,<=50K,under_25,under_35
25,Local-gov,334133,Masters,14,Never-married,Prof-specialty,Own-child,White,Male,0,0,20,United-States,<=50K,25_34,under_35
28,Private,150025,11th,7,Never-married,Craft-repair,Not-in-family,White,Male,0,0,40,,<=50K,25_34,35_40
48,Private,73434,HS-grad,9,Married-civ-spouse,Adm-clerical,Wife,White,Female,0,0,40,Germany,>50K,45_54,35_40
51,Private,200576,Bachelors,13,Divorced,Adm-clerical,Not-in-family,White,Female,0,0,40,United-States,<=50K,45_54,35_40
38,Private,234901,Some-college,10,Married-civ-spouse,Prof-specialty,Husband,White,Male,0,0,40,United-States,<=50K,35_44,35_40
28,Self-emp-inc,204247,Bachelors,13,Married-civ-spouse,Prof-specialty,Husband,White,Male,0,0,50,United-States,>50K,25_34,50_plus
29,Private,157612,Bachelors,13,Never-married,Sales,Not-in-family,White,Female,3325,0,45,United-States,<=50K,25_34,41_49
18,Private,312353,12th,8,Never-married,Other-service,Own-child,Black,Male,0,0,20,United-States,<=50K,under_25,under_35
51,Self-emp-not-inc,388496,Some-college,10,Divorced,Craft-repair,Not-in-family,White,Male,0,0,8,Puerto-Rico,>50K,45_54,under_35
58,,210031,HS-grad,9,Divorced,,Unmarried,White,Male,0,0,40,United-States,<=50K,55_plus,35_40
63,Private,180911,11th,7,Married-civ-spouse,Protective-serv,Husband,White,Male,4386,0,37,United-States,>50K,55_plus,35_40
23,Private,231160,Some-college,10,Never-married,Other-service,Own-child,White,Male,0,0,25,United-States,<=50K,under_25,under_35
39,Private,204501,Masters,14,Married-civ-spouse,Exec-managerial,Husband,White,Male,0,0,50,United-States,>50K,35_44,50_plus
30,Private,113129,Some-college,10,Never-married,Other-service,Not-in-family,White,Male,0,0,24,United-States,<=50K,25_34,under_35
48,Local-gov,177018,Masters,14,Married-civ-spouse,Prof-specialty,Husband,White,Male,0,0,50,United-States,>50K,45_54,50_plus
43,Self-emp-not-inc,187322,HS-grad,9,Divorced,Other-service,Unmarried,White,Male,0,0,45,United-States,<=50K,35_44,41_49
25,Private,199947,HS-grad,9,Married-civ-spouse,Adm-clerical,Wife,White,Female,0,0,40,United-States,<=50K,25_34,35_40
56,Self-emp-not-inc,196307,Bachelors,13,Never-married,Prof-specialty,Not-in-family,White,Male,0,0,20,United-States,<=50K,55_plus,under_35
23,Private,188505,Bachelors,13,Never-married,Other-service,Own-child,White,Female,0,0,25,United-States,<=50K,under_25,under_35
55,Private,102058,Bachelors,13,Married-civ-spouse,Exec-managerial,Husband,White,Male,0,0,50,United-States,>50K,55_plus,50_plus
66,Private,185336,HS-grad,9,Widowed,Sales,Other-relative,White,Female,0,0,35,United-States,<=50K,55_plus,35_40
33,Private,193042,HS-grad,9,Married-civ-spouse,Transport-moving,Husband,White,Male,0,0,60,United-States,>50K,25_34,50_plus
35,Private,335777,Some-college,10,Divorced,Exec-managerial,Not-in-family,White,Male,0,0,40,Mexico,<=50K,35_44,35_40
39,Local-gov,177728,Masters,14,Divorced,Prof-specialty,Not-in-family,White,Female,0,0,40,United-States,<=50K,35_44,35_40
32,Private,63910,HS-grad,9,Divorced,Adm-clerical,Own-child,Asian-Pac-Islander,Female,0,0,40,United-States,<=50K,25_34,35_40
66,Private,193132,9th,5,Separated,Other-service,Not-in-family,Black,Female,0,0,30,United-States,<=50K,55_plus,under_35
27,Private,266973,HS-grad,9,Married-civ-spouse,Craft-repair,Husband,White,Male,0,0,60,United-States,<=50K,25_34,50_plus
30,Private,66278,HS-grad,9,Never-married,Adm-clerical,Not-in-family,White,Female,0,0,40,United-States,<=50K,25_34,35_40
38,Private,372559,Some-college,10,Married-civ-spouse,Craft-repair,Husband,Black,Male,0,0,40,United-States,<=50K,35_44,35_40
51,State-gov,68898,Assoc-voc,11,Divorced,Tech-support,Not-in-family,White,Male,0,2444,39,United-States,>50K,45_54,35_40
53,Private,311350,Bachelors,13,Married-civ-spouse,Exec-managerial,Husband,White,Male,0,0,50,United-States,>50K,45_54,50_plus
42,Local-gov,185129,Doctorate,16,Married-civ-spouse,Exec-managerial,Husband,White,Male,0,0,43,,>50K,35_44,41_49
43,Local-gov,37937,Assoc-acdm,12,Married-civ-spouse,Tech-support,Husband,White,Male,0,0,43,United-States,<=50K,35_44,41_49
17,Private,33138,12th,8,Never-married,Sales,Own-child,White,Male,0,0,40,United-States,<=50K,under_25,35_40
27,Local-gov,331046,Bachelors,13,Never-married,Prof-specialty,Not-in-family,White,Female,0,0,45,United-States,<=50K,25_34,41_49
64,,239529,11th,7,Widowed,,Not-in-family,White,Female,3674,0,35,United-States,<=50K,55_plus,35_40
24,Private,100345,Bachelors,13,Never-married,Prof-specialty,Own-child,White,Male,0,0,20,United-States,<=50K,under_25,under_35
38,Local-gov,116608,HS-grad,9,Married-civ-spouse,Adm-clerical,Wife,White,Female,0,0,35,United-States,>50K,35_44,35_40
34,Self-emp-not-inc,426431,Bachelors,13,Married-civ-spouse,Craft-repair,Husband,White,Male,0,0,40,United-States,<=50K,25_34,35_40
70,,97831,HS-grad,9,Widowed,,Unmarried,White,Female,0,0,4,United-States,<=50K,55_plus,under_35
42,Federal-gov,31621,Assoc-acdm,12,Divorced,Adm-clerical,Not-in-family,White,Female,0,0,40,United-States,<=50K,35_44,35_40
28,Private,119793,HS-grad,9,Never-married,Sales,Own-child,White,Male,0,0,60,United-States,<=50K,25_34,50_plus
46,Self-emp-inc,198660,Bachelors,13,Married-civ-spouse,Sales,Husband,White,Male,99999,0,72,United-States,>50K,45_54,50_plus
40,Private,226585,Some-college,10,Married-civ-spouse,Adm-clerical,Wife,White,Female,0,0,35,United-States,>50K,35_44,35_40
37,Federal-gov,93225,Some-college,10,Married-civ-spouse,Adm-clerical,Husband,White,Male,7688,0,40,United-States,>50K,35_44,35_40
25,Private,19214,HS-grad,9,Never-married,Handlers-cleaners,Not-in-family,White,Male,0,0,40,United-States,<=50K,25_34,35_40
30,Private,285295,Bachelors,13,Married-civ-spouse,Other-service,Wife,Asian-Pac-Islander,Female,0,0,40,Philippines,<=50K,25_34,35_40
23,Private,124971,Some-college,10,Divorced,Adm-clerical,Not-in-family,White,Male,0,0,40,United-States,<=50K,under_25,35_40
30,Private,261023,Some-college,10,Divorced,Machine-op-inspct,Unmarried,White,Male,0,0,50,United-States,<=50K,25_34,50_plus
33,Private,183612,HS-grad,9,Married-civ-spouse,Machine-op-inspct,Husband,White,Male,0,0,40,United-States,>50K,25_34,35_40
37,Private,190105,HS-grad,9,Never-married,Adm-clerical,Own-child,White,Female,0,0,55,United-States,<=50K,35_44,50_plus
22,Private,285775,Assoc-voc,11,Never-married,Craft-repair,Own-child,White,Male,0,0,40,United-States,<=50K,under_25,35_40
46,Private,164733,Masters,14,Married-civ-spouse,Prof-specialty,Husband,White,Male,0,0,41,United-States,<=50K,45_54,41_49
52,Private,129177,Bachelors,13,Widowed,Other-service,Not-in-family,White,Female,0,2824,20,United-States,>50K,45_54,under_35
21,Private,170800,HS-grad,9,Never-married,Sales,Own-child,White,Female,0,0,30,United-States,<=50K,under_25,under_35
30,Private,119411,Bachelors,13,Never-married,Prof-specialty,Not-in-family,White,Male,0,0,40,United-States,<=50K,25_34,35_40
33,Private,189710,7th-8th,4,Married-civ-spouse,Farming-fishing,Husband,White,Male,0,0,45,Mexico,<=50K,25_34,41_49
25,Private,197036,10th,6,Never-married,Craft-repair,Own-child,White,Male,0,0,40,United-States,<=50K,25_34,35_40
31,Private,124827,HS-grad,9,Never-married,Other-service,Not-in-family,White,Male,0,0,40,United-States,<=50K,25_34,35_40
43,Private,240124,Assoc-voc,11,Married-civ-spouse,Craft-repair,Husband,White,Male,0,0,40,United-States,<=50K,35_44,35_40
27,Self-emp-not-inc,41099,HS-grad,9,Never-married,Craft-repair,Not-in-family,White,Male,0,0,30,United-States,<=50K,25_34,under_35
43,Private,135606,Masters,14,Divorced,Exec-managerial,Not-in-family,White,Female,0,0,50,United-States,>50K,35_44,50_plus
24,Local-gov,197552,HS-grad,9,Never-married,Tech-support,Not-in-family,White,Female,0,0,40,United-States,<=50K,under_25,35_40
23,,141003,HS-grad,9,Never-married,,Own-child,White,Male,0,0,60,United-States,<=50K,under_25,50_plus
43,Private,216042,Some-college,10,Divorced,Tech-support,Own-child,White,Female,0,1617,72,United-States,<=50K,35_44,50_plus
39,Private,53447,HS-grad,9,Divorced,Farming-fishing,Not-in-family,White,Female,0,0,40,United-States,<=50K,35_44,35_40
58,Local-gov,368797,Masters,14,Widowed,Prof-specialty,Unmarried,White,Male,0,0,35,United-States,>50K,55_plus,35_40
49,Local-gov,166039,HS-grad,9,Divorced,Other-service,Unmarried,White,Female,0,0,40,United-States,<=50K,45_54,35_40
53,Private,92430,HS-grad,9,Married-civ-spouse,Craft-repair,Husband,White,Male,0,0,40,United-States,>50K,45_54,35_40
47,Private,169388,11th,7,Divorced,Other-service,Unmarried,White,Female,0,0,15,United-States,<=50K,45_54,under_35
40,Private,45687,Some-college,10,Divorced,Other-service,Not-in-family,Black,Male,4787,0,50,United-States,>50K,35_44,50_plus
42,Private,183205,HS-grad,9,Divorced,Exec-managerial,Unmarried,White,Female,0,0,45,United-States,<=50K,35_44,41_49
47,Local-gov,29819,Masters,14,Married-civ-spouse,Exec-managerial,Husband,Black,Male,0,1977,50,United-States,>50K,45_54,50_plus
42,Private,94600,HS-grad,9,Married-civ-spouse,Craft-repair,Husband,White,Male,5178,0,40,United-States,>50K,35_44,35_40
20,Private,181032,Some-college,10,Never-married,Machine-op-inspct,Own-child,White,Female,0,0,40,United-States,<=50K,under_25,35_40
23,Private,131275,HS-grad,9,Never-married,Craft-repair,Own-child,Amer-Indian-Eskimo,Male,0,0,40,United-States,<=50K,under_25,35_40
44,Private,300528,11th,7,Married-civ-spouse,Adm-clerical,Husband,White,Male,0,0,40,United-States,>50K,35_44,35_40
37,Private,74593,HS-grad,9,Married-civ-spouse,Craft-repair,Husband,White,Male,0,0,70,United-States,<=50K,35_44,50_plus
17,Private,244589,11th,7,Never-married,Sales,Own-child,White,Female,0,0,40,United-States,<=50K,under_25,35_40
73,Private,139978,11th,7,Married-civ-spouse,Machine-op-inspct,Husband,White,Male,0,0,40,United-States,<=50K,55_plus,35_40
37,Private,125550,HS-grad,9,Never-married,Tech-support,Not-in-family,White,Female,14084,0,35,United-States,>50K,35_44,35_40
42,Private,258589,HS-grad,9,Never-married,Sales,Not-in-family,White,Male,0,0,60,United-States,>50K,35_44,50_plus
30,,97281,Some-college,10,Separated,,Not-in-family,White,Male,0,0,60,United-States,<=50K,25_34,50_plus
31,Private,96480,HS-grad,9,Never-married,Adm-clerical,Not-in-family,White,Female,0,0,50,United-States,<=50K,25_34,50_plus
27,Federal-gov,276776,Some-college,10,Married-civ-spouse,Tech-support,Husband,White,Male,0,0,40,United-States,>50K,25_34,35_40
26,Private,137367,Some-college,10,Never-married,Handlers-cleaners,Other-relative,Asian-Pac-Islander,Male,0,0,44,Philippines,<=50K,25_34,41_49
20,Private,223515,Some-college,10,Never-married,Other-service,Own-child,White,Male,0,0,40,United-States,<=50K,under_25,35_40
32,Private,116365,HS-grad,9,Married-civ-spouse,Adm-clerical,Wife,White,Female,0,0,20,United-States,<=50K,25_34,under_35
40,Private,136986,Some-college,10,Married-civ-spouse,Machine-op-inspct,Husband,White,Male,0,0,50,United-States,>50K,35_44,50_plus
29,Private,200928,HS-grad,9,Married-civ-spouse,Exec-managerial,Husband,White,Male,0,0,40,United-States,>50K,25_34,35_40
55,Local-gov,84564,Prof-school,15,Divorced,Prof-specialty,Not-in-family,White,Female,0,0,39,United-States,<=50K,55_plus,35_40
19,Private,198663,HS-grad,9,Never-married,Tech-support,Own-child,White,Male,0,0,40,United-States,<=50K,under_25,35_40
18,Self-emp-not-inc,379242,Some-college,10,Never-married,Exec-managerial,Not-in-family,White,Female,0,0,50,United-States,<=50K,under_25,50_plus
52,Private,99682,Some-college,10,Married-civ-spouse,Sales,Wife,White,Female,0,0,52,Canada,>50K,45_54,50_plus
45,Self-emp-not-inc,222374,Bachelors,13,Never-married,Prof-specialty,Not-in-family,White,Male,0,0,40,United-States,<=50K,45_54,35_40
48,Local-gov,148121,Bachelors,13,Married-spouse-absent,Adm-clerical,Unmarried,Asian-Pac-Islander,Female,0,0,40,Philippines,<=50K,45_54,35_40
34,Private,96480,Some-college,10,Separated,Exec-managerial,Unmarried,White,Female,0,0,40,United-States,<=50K,25_34,35_40
40,Private,226388,HS-grad,9,Married-civ-spouse,Craft-repair,Husband,Black,Male,0,0,40,United-States,<=50K,35_44,35_40
51,Private,112310,Some-college,10,Divorced,Exec-managerial,Unmarried,White,Female,0,0,40,United-States,<=50K,45_54,35_40
44,Private,155701,7th-8th,4,Separated,Other-service,Unmarried,White,Female,0,0,38,Peru,<=50K,35_44,35_40
36,Federal-gov,68781,Some-college,10,Married-civ-spouse,Adm-clerical,Husband,White,Male,0,0,35,United-States,<=50K,35_44,35_40
42,Private,118652,Assoc-acdm,12,Married-civ-spouse,Tech-support,Husband,White,Male,0,0,40,United-States,<=50K,35_44,35_40
41,Private,193995,HS-grad,9,Never-married,Craft-repair,Not-in-family,White,Male,0,0,44,United-States,<=50K,35_44,41_49
31,,37030,Assoc-acdm,12,Never-married,,Own-child,White,Female,0,0,25,United-States,<=50K,25_34,under_35
17,Private,226717,12th,8,Never-married,Handlers-cleaners,Own-child,White,Male,0,0,20,United-States,<=50K,under_25,under_35
61,Federal-gov,160155,Some-college,10,Married-civ-spouse,Exec-managerial,Husband,White,Male,0,0,40,United-States,>50K,55_plus,35_40
29,Private,166210,Some-college,10,Divorced,Tech-support,Not-in-family,White,Male,0,0,55,United-States,<=50K,25_34,50_plus
67,Private,174603,HS-grad,9,Never-married,Exec-managerial,Not-in-family,White,Female,0,0,35,United-States,<=50K,55_plus,35_40
29,Private,341846,Masters,14,Never-married,Prof-specialty,Not-in-family,White,Female,0,0,50,United-States,<=50K,25_34,50_plus
47,Federal-gov,102771,Doctorate,16,Married-civ-spouse,Prof-specialty,Husband,White,Male,0,0,40,United-States,>50K,45_54,35_40
31,Private,112062,Bachelors,13,Never-married,Prof-specialty,Not-in-family,White,Female,0,0,40,United-States,<=50K,25_34,35_40
54,State-gov,187686,Some-college,10,Divorced,Adm-clerical,Not-in-family,White,Female,0,0,38,United-States,<=50K,45_54,35_40
50,Federal-gov,307555,Bachelors,13,Divorced,Prof-specialty,Not-in-family,White,Male,0,0,60,United-States,>50K,45_54,50_plus
39,Private,108419,Some-college,10,Married-civ-spouse,Craft-repair,Husband,White,Male,0,0,40,United-States,<=50K,35_44,35_40
74,Private,183701,10th,6,Widowed,Other-service,Not-in-family,Black,Female,0,0,6,United-States,<=50K,55_plus,under_35
33,Private,252168,Some-college,10,Never-married,Other-service,Not-in-family,Black,Male,0,0,40,United-States,<=50K,25_34,35_40
42,Private,136419,HS-grad,9,Married-civ-spouse,Craft-repair,Husband,White,Male,0,0,50,United-States,>50K,35_44,50_plus
28,Private,197484,HS-grad,9,Never-married,Handlers-cleaners,Own-child,White,Male,0,0,40,United-States,<=50K,25_34,35_40
57,State-gov,290661,Doctorate,16,Divorced,Prof-specialty,Not-in-family,White,Male,0,0,60,United-States,>50K,55_plus,50_plus
41,Private,221172,Bachelors,13,Married-civ-spouse,Craft-repair,Husband,White,Male,0,0,40,United-States,>50K,35_44,35_40
56,Private,301835,5th-6th,3,Separated,Machine-op-inspct,Not-in-family,White,Male,0,0,40,United-States,<=50K,55_plus,35_40
54,Private,147863,Assoc-voc,11,Married-civ-spouse,Craft-repair,Husband,Asian-Pac-Islander,Male,5013,0,40,Vietnam,<=50K,45_54,35_40
27,,157624,HS-grad,9,Separated,,Other-relative,White,Female,0,0,40,United-States,<=50K,25_34,35_40
33,Private,92865,Some-college,10,Never-married,Adm-clerical,Own-child,White,Female,0,0,40,United-States,<=50K,25_34,35_40
36,Private,288103,11th,7,Separated,Machine-op-inspct,Not-in-family,Black,Male,0,0,40,United-States,<=50K,35_44,35_40
52,Private,82285,Bachelors,13,Married-spouse-absent,Other-service,Other-relative,Black,Female,0,0,40,Haiti,<=50K,45_54,35_40
51,Private,177727,Assoc-acdm,12,Married-civ-spouse,Craft-repair,Husband,White,Male,0,0,45,United-States,>50K,45_54,41_49
68,Private,156000,10th,6,Widowed,Other-service,Unmarried,Black,Female,0,0,20,United-States,<=50K,55_plus,under_35
48,Private,131826,Some-college,10,Married-civ-spouse,Adm-clerical,Husband,White,Male,0,0,40,United-States,>50K,45_54,35_40
35,Private,31023,Bachelors,13,Married-civ-spouse,Sales,Husband,White,Male,0,0,45,United-States,<=50K,35_44,41_49
25,Private,60358,Some-college,10,Never-married,Sales,Own-child,White,Male,0,0,40,United-States,<=50K,25_34,35_40
30,Self-emp-inc,321990,Masters,14,Married-civ-spouse,Exec-managerial,Husband,White,Male,15024,0,60,,>50K,25_34,50_plus
35,Self-emp-not-inc,278557,HS-grad,9,Married-civ-spouse,Farming-fishing,Husband,White,Male,0,0,30,United-States,<=50K,35_44,under_35
22,Self-emp-inc,375422,Bachelors,13,Never-married,Adm-clerical,Own-child,White,Male,0,0,40,South,<=50K,under_25,35_40
35,Private,248010,Bachelors,13,Married-spouse-absent,Craft-repair,Unmarried,White,Male,0,0,40,United-States,<=50K,35_44,35_40
32,Private,194981,HS-grad,9,Married-civ-spouse,Tech-support,Wife,White,Female,0,0,36,United-States,<=50K,25_34,35_40
47,Private,223342,HS-grad,9,Divorced,Adm-clerical,Unmarried,White,Female,0,1504,35,United-States,<=50K,45_54,35_40
42,Local-gov,70655,HS-grad,9,Married-civ-spouse,Craft-repair,Husband,White,Male,0,0,44,United-States,<=50K,35_44,41_49
44,Self-emp-not-inc,98106,Some-college,10,Divorced,Exec-managerial,Not-in-family,White,Female,0,0,40,United-States,<=50K,35_44,35_40
69,Private,36956,Some-college,10,Married-civ-spouse,Exec-managerial,Husband,White,Male,20051,0,50,United-States,>50K,55_plus,50_plus
50,Private,140741,11th,7,Never-married,Machine-op-inspct,Other-relative,White,Female,0,0,40,United-States,<=50K,45_54,35_40
44,Private,204235,HS-grad,9,Married-civ-spouse,Transport-moving,Husband,White,Male,0,0,40,United-States,<=50K,35_44,35_40
25,Private,163396,Some-college,10,Never-married,Tech-support,Not-in-family,Other,Female,0,0,40,United-States,<=50K,25_34,35_40
33,Private,79303,HS-grad,9,Married-civ-spouse,Farming-fishing,Husband,White,Male,0,0,45,United-States,<=50K,25_34,41_49
49,Local-gov,174981,Masters,14,Married-civ-spouse,Exec-managerial,Husband,Black,Male,0,0,47,United-States,>50K,45_54,41_49
27,Private,77774,HS-grad,9,Never-married,Machine-op-inspct,Own-child,White,Female,0,0,34,United-States,<=50K,25_34,under_35
29,Private,153805,HS-grad,9,Never-married,Machine-op-inspct,Other-relative,Other,Male,0,0,40,Ecuador,<=50K,25_34,35_40
36,Private,279615,Bachelors,13,Divorced,Sales,Own-child,White,Female,0,0,40,United-States,<=50K,35_44,35_40
34,Self-emp-inc,265917,HS-grad,9,Married-civ-spouse,Exec-managerial,Husband,White,Male,0,0,40,United-States,>50K,25_34,35_40
35,Private,22055,Some-college,10,Married-civ-spouse,Prof-specialty,Husband,Amer-Indian-Eskimo,Male,0,0,60,United-States,<=50K,35_44,50_plus
45,Private,331643,Some-college,10,Married-civ-spouse,Craft-repair,Husband,White,Male,0,0,40,United-States,>50K,45_54,35_40
68,Private,223486,HS-grad,9,Widowed,Other-service,Unmarried,White,Female,0,0,7,England,<=50K,55_plus,under_35
30,Private,197886,Some-college,10,Never-married,Sales,Not-in-family,White,Male,0,0,45,United-States,>50K,25_34,41_49
41,Private,144032,HS-grad,9,Married-civ-spouse,Exec-managerial,Husband,White,Male,0,0,60,United-States,<=50K,35_44,50_plus
67,Self-emp-not-inc,105907,1st-4th,2,Widowed,Other-service,Not-in-family,Black,Female,0,0,20,United-States,<=50K,55_plus,under_35
42,Private,193882,Some-college,10,Married-civ-spouse,Prof-specialty,Husband,White,Male,0,0,40,United-States,>50K,35_44,35_40
49,Private,122385,Masters,14,Married-civ-spouse,Exec-managerial,Husband,White,Male,0,0,40,United-States,>50K,45_54,35_40
36,Private,166416,HS-grad,9,Married-civ-spouse,Handlers-cleaners,Husband,White,Male,0,0,40,United-States,<=50K,35_44,35_40
40,Local-gov,112362,Masters,14,Married-civ-spouse,Prof-specialty,Husband,White,Male,0,0,40,United-States,<=50K,35_44,35_40
23,Private,172047,HS-grad,9,Never-married,Handlers-cleaners,Own-child,White,Male,0,0,40,United-States,<=50K,under_25,35_40
22,Private,110677,Some-college,10,Separated,Other-service,Own-child,White,Female,0,0,40,United-States,<=50K,under_25,35_40
49,State-gov,336509,10th,6,Married-civ-spouse,Other-service,Husband,White,Male,0,0,40,United-States,<=50K,45_54,35_40
58,Self-emp-inc,229498,Some-college,10,Widowed,Sales,Not-in-family,White,Female,0,0,20,United-States,>50K,55_plus,under_35
43,Private,177083,Some-college,10,Divorced,Tech-support,Unmarried,White,Female,0,0,30,United-States,<=50K,35_44,under_35
24,Private,174907,HS-grad,9,Never-married,Other-service,Own-child,White,Female,0,0,30,United-States,<=50K,under_25,under_35
40,Private,214242,HS-grad,9,Married-civ-spouse,Machine-op-inspct,Husband,White,Male,0,0,50,United-States,<=50K,35_44,50_plus
45,Private,195949,HS-grad,9,Married-civ-spouse,Craft-repair,Husband,White,Male,0,0,40,United-States,<=50K,45_54,35_40
30,Private,147921,Assoc-voc,11,Divorced,Adm-clerical,Not-in-family,White,Female,0,0,46,United-States,<=50K,25_34,41_49
27,Private,29261,HS-grad,9,Married-AF-spouse,Craft-repair,Husband,White,Male,0,0,40,United-States,>50K,25_34,35_40
55,Self-emp-inc,258648,10th,6,Widowed,Transport-moving,Not-in-family,White,Male,0,0,40,United-States,<=50K,55_plus,35_40
43,Federal-gov,56063,Bachelors,13,Married-civ-spouse,Sales,Husband,White,Male,0,0,60,United-States,<=50K,35_44,50_plus
54,State-gov,32778,HS-grad,9,Widowed,Exec-managerial,Not-in-family,White,Female,0,0,40,United-States,<=50K,45_54,35_40
35,Private,276552,HS-grad,9,Divorced,Craft-repair,Not-in-family,White,Male,0,0,40,United-States,<=50K,35_44,35_40
25,Private,201737,Some-college,10,Divorced,Adm-clerical,Unmarried,White,Female,0,0,40,United-States,<=50K,25_34,35_40
35,Private,407068,1st-4th,2,Married-spouse-absent,Other-service,Not-in-family,White,Male,0,0,40,Guatemala,<=50K,35_44,35_40
46,Local-gov,125892,Some-college,10,Married-civ-spouse,Protective-serv,Husband,White,Male,0,0,40,United-States,>50K,45_54,35_40
40,Private,92717,HS-grad,9,Never-married,Other-service,Unmarried,Black,Female,0,0,40,United-States,<=50K,35_44,35_40
90,Private,40388,Bachelors,13,Never-married,Exec-managerial,Not-in-family,White,Male,0,0,55,United-States,<=50K,55_plus,50_plus
22,Private,188274,HS-grad,9,Never-married,Transport-moving,Own-child,White,Male,0,0,40,United-States,<=50K,under_25,35_40
26,,132749,Bachelors,13,Never-married,,Not-in-family,White,Female,0,0,80,United-States,<=50K,25_34,50_plus
42,Self-emp-not-inc,54202,Prof-school,15,Married-civ-spouse,Prof-specialty,Husband,White,Male,0,0,50,United-States,>50K,35_44,50_plus
39,Private,235259,Some-college,10,Divorced,Adm-clerical,Not-in-family,White,Female,0,0,40,United-States,<=50K,35_44,35_40
39,Private,188540,HS-grad,9,Divorced,Exec-managerial,Not-in-family,White,Male,0,0,45,United-States,<=50K,35_44,41_49
53,Local-gov,176557,Masters,14,Divorced,Prof-specialty,Unmarried,White,Female,0,0,50,United-States,<=50K,45_54,50_plus
48,Self-emp-inc,181307,HS-grad,9,Married-civ-spouse,Craft-repair,Husband,White,Male,0,0,60,United-States,>50K,45_54,50_plus
61,Private,210464,HS-grad,9,Divorced,Adm-clerical,Other-relative,Black,Female,0,0,35,United-States,<=50K,55_plus,35_40
35,Private,27408,HS-grad,9,Married-civ-spouse,Sales,Husband,White,Male,0,0,50,United-States,<=50K,35_44,50_plus
24,Private,177287,12th,8,Never-married,Other-service,Own-child,White,Female,0,0,38,United-States,<=50K,under_25,35_40
27,Private,214858,10th,6,Married-civ-spouse,Craft-repair,Other-relative,White,Male,0,0,55,United-States,<=50K,25_34,50_plus
32,Private,86808,HS-grad,9,Divorced,Adm-clerical,Other-relative,White,Female,0,0,40,United-States,<=50K,25_34,35_40
23,Private,152328,Some-college,10,Never-married,Exec-managerial,Own-child,White,Male,0,0,40,United-States,<=50K,under_25,35_40
36,Private,247558,Prof-school,15,Married-civ-spouse,Prof-specialty,Husband,White,Male,5178,0,60,,>50K,35_44,50_plus
21,Private,138768,Some-college,10,Never-married,Sales,Own-child,White,Male,0,0,40,United-States,<=50K,under_25,35_40
72,Private,496538,HS-grad,9,Widowed,Adm-clerical,Not-in-family,White,Female,6360,0,40,United-States,<=50K,55_plus,35_40
38,Private,32916,Some-college,10,Married-civ-spouse,Exec-managerial,Husband,White,Male,0,0,45,United-States,<=50K,35_44,41_49
33,Private,34748,HS-grad,9,Married-civ-spouse,Adm-clerical,Wife,White,Female,0,1887,20,United-States,>50K,25_34,under_35
37,Private,179731,HS-grad,9,Never-married,Other-service,Unmarried,White,Female,0,0,35,United-States,<=50K,35_44,35_40
53,Private,49715,HS-grad,9,Divorced,Transport-moving,Unmarried,White,Male,0,0,40,United-States,<=50K,45_54,35_40
55,Local-gov,99131,HS-grad,9,Married-civ-spouse,Prof-specialty,Other-relative,White,Female,0,2246,40,United-States,>50K,55_plus,35_40
52,State-gov,125796,Masters,14,Married-civ-spouse,Prof-specialty,Wife,Black,Female,0,1848,40,United-States,>50K,45_54,35_40
22,Private,106843,10th,6,Never-married,Craft-repair,Other-relative,White,Male,0,0,30,United-States,<=50K,under_25,under_35
28,Federal-gov,42003,Some-college,10,Married-civ-spouse,Adm-clerical,Husband,White,Male,0,0,40,United-States,>50K,25_34,35_40
50,Private,155594,Assoc-acdm,12,Married-civ-spouse,Machine-op-inspct,Husband,White,Male,0,0,50,United-States,>50K,45_54,50_plus
57,Self-emp-not-inc,123778,HS-grad,9,Married-civ-spouse,Sales,Husband,White,Male,0,0,48,United-States,<=50K,55_plus,41_49
23,Private,196674,Some-college,10,Separated,Craft-repair,Not-in-family,White,Male,0,0,40,United-States,<=50K,under_25,35_40
46,State-gov,265554,HS-grad,9,Never-married,Transport-moving,Not-in-family,Black,Male,0,0,40,United-States,<=50K,45_54,35_40
36,Local-gov,139703,Masters,14,Never-married,Prof-specialty,Not-in-family,Black,Female,0,0,40,United-States,<=50K,35_44,35_40
60,Private,122276,5th-6th,3,Married-civ-spouse,Craft-repair,Husband,White,Male,0,0,45,Italy,<=50K,55_plus,41_49
35,Private,314897,7th-8th,4,Married-civ-spouse,Craft-repair,Husband,White,Male,0,0,40,Puerto-Rico,<=50K,35_44,35_40
34,Private,849857,HS-grad,9,Married-civ-spouse,Craft-repair,Husband,White,Male,0,0,40,Nicaragua,<=50K,25_34,35_40
38,Private,259019,HS-grad,9,Married-civ-spouse,Craft-repair,Husband,White,Male,0,0,44,United-States,<=50K,35_44,41_49
19,Private,258470,HS-grad,9,Never-married,Handlers-cleaners,Not-in-family,White,Male,0,0,40,United-States,<=50K,under_25,35_40
32,Private,226535,HS-grad,9,Never-married,Craft-repair,Not-in-family,White,Male,0,0,40,United-States,<=50K,25_34,35_40
24,Private,99970,Bachelors,13,Never-married,Tech-support,Own-child,White,Male,0,0,40,United-States,<=50K,under_25,35_40
55,Private,158641,HS-grad,9,Widowed,Adm-clerical,Not-in-family,White,Female,0,0,40,United-States,<=50K,55_plus,35_40
29,Private,142760,HS-grad,9,Never-married,Handlers-cleaners,Not-in-family,Black,Male,0,0,40,United-States,<=50K,25_34,35_40
41,State-gov,309056,Doctorate,16,Married-civ-spouse,Prof-specialty,Husband,White,Male,0,0,50,United-States,>50K,35_44,50_plus
17,Private,169037,11th,7,Never-married,Handlers-cleaners,Own-child,White,Male,0,0,40,United-States,<=50K,under_25,35_40
32,Private,196342,Doctorate,16,Never-married,Prof-specialty,Not-in-family,White,Male,0,0,40,United-States,>50K,25_34,35_40
45,Private,50163,HS-grad,9,Divorced,Other-service,Not-in-family,White,Female,0,0,30,United-States,<=50K,45_54,under_35
53,Private,158294,Masters,14,Married-civ-spouse,Prof-specialty,Husband,White,Male,7298,0,40,United-States,>50K,45_54,35_40
57,Private,175942,Some-college,10,Divorced,Exec-managerial,Not-in-family,White,Female,0,0,50,United-States,>50K,55_plus,50_plus
38,State-gov,103925,HS-grad,9,Divorced,Other-service,Unmarried,White,Female,2036,0,20,United-States,<=50K,35_44,under_35
18,Private,256967,10th,6,Never-married,Sales,Other-relative,Black,Female,0,0,40,United-States,<=50K,under_25,35_40
43,Private,172401,HS-grad,9,Married-civ-spouse,Sales,Husband,White,Male,0,0,40,United-States,>50K,35_44,35_40
34,Private,176244,7th-8th,4,Married-civ-spouse,Other-service,Wife,White,Female,0,0,40,United-States,<=50K,25_34,35_40
41,Self-emp-not-inc,169023,Bachelors,13,Married-civ-spouse,Adm-clerical,Wife,White,Female,7688,0,40,United-States,>50K,35_44,35_40
69,Self-emp-inc,182451,Bachelors,13,Separated,Exec-managerial,Not-in-family,White,Male,0,0,40,United-States,<=50K,55_plus,35_40
30,Private,124020,HS-grad,9,Married-spouse-absent,Adm-clerical,Not-in-family,White,Male,0,0,40,United-States,<=50K,25_34,35_40
27,Private,86681,Bachelors,13,Never-married,Other-service,Not-in-family,White,Female,0,0,40,United-States,<=50K,25_34,35_40
35,Local-gov,103966,Masters,14,Divorced,Adm-clerical,Unmarried,White,Female,0,0,41,United-States,<=50K,35_44,41_49
50,State-gov,289207,Doctorate,16,Married-civ-spouse,Prof-specialty,Husband,White,Male,0,1902,45,United-States,>50K,45_54,41_49
68,Private,224019,Some-college,10,Divorced,Exec-managerial,Not-in-family,White,Male,0,0,30,United-States,<=50K,55_plus,under_35
47,Private,214800,Assoc-voc,11,Married-civ-spouse,Handlers-cleaners,Husband,White,Male,0,0,40,United-States,<=50K,45_54,35_40
55,Private,102058,10th,6,Married-civ-spouse,Exec-managerial,Husband,White,Male,0,0,45,United-States,<=50K,55_plus,41_49
49,Private,81654,Prof-school,15,Married-civ-spouse,Prof-specialty,Husband,White,Male,0,0,60,United-States,>50K,45_54,50_plus
28,Self-emp-inc,113870,Bachelors,13,Married-civ-spouse,Exec-managerial,Husband,White,Male,0,0,60,United-States,>50K,25_34,50_plus
27,Private,101709,HS-grad,9,Never-married,Sales,Own-child,Asian-Pac-Islander,Male,0,0,40,United-States,<=50K,25_34,35_40
25,Private,211424,Bachelors,13,Never-married,Exec-managerial,Own-child,White,Male,0,0,40,United-States,<=50K,25_34,35_40
24,Private,140001,Some-college,10,Never-married,Handlers-cleaners,Other-relative,White,Male,0,0,40,Italy,<=50K,under_25,35_40
35,Private,31964,Bachelors,13,Married-civ-spouse,Sales,Husband,White,Male,0,0,50,United-States,>50K,35_44,50_plus
28,Self-emp-not-inc,96219,Bachelors,13,Married-civ-spouse,Sales,Wife,White,Female,0,0,5,United-States,<=50K,25_34,under_35
28,Private,200515,Some-college,10,Married-civ-spouse,Other-service,Husband,White,Male,0,0,35,United-States,>50K,25_34,35_40
40,Local-gov,183096,9th,5,Married-civ-spouse,Other-service,Wife,White,Female,0,0,40,Yugoslavia,>50K,35_44,35_40
37,Self-emp-inc,342084,Some-college,10,Married-civ-spouse,Exec-managerial,Husband,White,Male,0,0,60,United-States,>50K,35_44,50_plus
37,Self-emp-not-inc,150993,11th,7,Married-civ-spouse,Transport-moving,Husband,White,Male,0,0,45,United-States,<=50K,35_44,41_49
33,Private,133278,HS-grad,9,Never-married,Adm-clerical,Own-child,Black,Female,0,0,40,United-States,<=50K,25_34,35_40
48,Private,143542,HS-grad,9,Divorced,Transport-moving,Not-in-family,White,Male,0,0,40,United-States,<=50K,45_54,35_40
33,Private,236379,Bachelors,13,Married-civ-spouse,Sales,Husband,White,Male,0,0,45,United-States,<=50K,25_34,41_49
34,Private,303187,Bachelors,13,Married-civ-spouse,Prof-specialty,Husband,Asian-Pac-Islander,Male,0,0,40,,>50K,25_34,35_40
45,Private,190088,HS-grad,9,Married-spouse-absent,Adm-clerical,Unmarried,White,Female,0,0,30,United-States,<=50K,45_54,under_35
52,Self-emp-not-inc,63004,Masters,14,Married-civ-spouse,Exec-managerial,Husband,Asian-Pac-Islander,Male,0,0,40,Philippines,<=50K,45_54,35_40
25,Private,66935,HS-grad,9,Never-married,Craft-repair,Not-in-family,White,Male,0,0,35,United-States,<=50K,25_34,35_40
40,Private,329924,HS-grad,9,Separated,Handlers-cleaners,Not-in-family,Black,Male,0,0,30,United-States,<=50K,35_44,under_35
57,Private,180779,Bachelors,13,Married-civ-spouse,Prof-specialty,Husband,White,Male,7298,0,40,United-States,>50K,55_plus,35_40
48,Private,248059,Bachelors,13,Married-civ-spouse,Exec-managerial,Husband,White,Male,5013,0,45,United-States,<=50K,45_54,41_49
17,Private,285169,11th,7,Never-married,Priv-house-serv,Own-child,White,Female,0,0,40,United-States,<=50K,under_25,35_40
42,Private,339346,Masters,14,Divorced,Adm-clerical,Not-in-family,White,Female,0,0,25,United-States,<=50K,35_44,under_35
49,Private,232586,5th-6th,3,Married-civ-spouse,Craft-repair,Husband,White,Male,0,0,40,United-States,<=50K,45_54,35_40
62,,266037,Some-college,10,Married-civ-spouse,,Husband,White,Male,0,0,40,United-States,<=50K,55_plus,35_40
30,Self-emp-not-inc,347166,HS-grad,9,Divorced,Craft-repair,Not-in-family,White,Male,0,0,40,United-States,<=50K,25_34,35_40
70,Self-emp-inc,131699,Bachelors,13,Divorced,Exec-managerial,Unmarried,White,Female,0,0,55,United-States,<=50K,55_plus,50_plus
45,Private,274657,11th,7,Married-civ-spouse,Craft-repair,Husband,White,Male,0,0,40,,<=50K,45_54,35_40
25,,344719,HS-grad,9,Married-civ-spouse,,Wife,White,Female,0,0,4,United-States,<=50K,25_34,under_35
24,Private,162593,Bachelors,13,Never-married,Adm-clerical,Not-in-family,Asian-Pac-Islander,Female,0,0,40,United-States,<=50K,under_25,35_40
30,Private,87561,Assoc-acdm,12,Never-married,Tech-support,Not-in-family,White,Female,0,0,40,United-States,<=50K,25_34,35_40
51,Local-gov,142411,Assoc-voc,11,Divorced,Adm-clerical,Unmarried,White,Female,0,0,50,United-States,<=50K,45_54,50_plus
22,Private,154422,Some-college,10,Divorced,Sales,Own-child,Asian-Pac-Islander,Female,0,0,30,Philippines,<=50K,under_25,under_35
23,Private,169104,Some-college,10,Never-married,Sales,Own-child,Asian-Pac-Islander,Male,0,0,25,United-States,<=50K,under_25,under_35
19,Private,357059,HS-grad,9,Never-married,Adm-clerical,Own-child,White,Female,0,0,35,United-States,<=50K,under_25,35_40
61,Self-emp-not-inc,176965,Prof-school,15,Married-civ-spouse,Prof-specialty,Husband,White,Male,0,0,50,United-States,>50K,55_plus,50_plus
35,Private,152734,Some-college,10,Married-civ-spouse,Protective-serv,Husband,Black,Male,0,0,40,,<=50K,35_44,35_40
56,Self-emp-not-inc,115439,Some-college,10,Married-civ-spouse,Craft-repair,Husband,White,Male,0,0,60,United-States,<=50K,55_plus,50_plus
69,Private,209236,HS-grad,9,Married-civ-spouse,Adm-clerical,Husband,White,Male,0,0,36,United-States,<=50K,55_plus,35_40
46,Self-emp-not-inc,103538,Prof-school,15,Married-civ-spouse,Prof-specialty,Husband,White,Male,0,0,65,United-States,>50K,45_54,50_plus
29,State-gov,133846,Some-college,10,Never-married,Other-service,Own-child,White,Female,0,0,40,United-States,<=50K,25_34,35_40
29,Self-emp-inc,138597,Assoc-acdm,12,Never-married,Prof-specialty,Other-relative,Black,Female,0,0,40,United-States,<=50K,25_34,35_40
65,Private,194456,Bachelors,13,Married-civ-spouse,Craft-repair,Husband,White,Male,0,0,40,England,>50K,55_plus,35_40
31,State-gov,190305,Masters,14,Married-civ-spouse,Prof-specialty,Husband,White,Male,0,0,50,United-States,<=50K,25_34,50_plus
25,Private,120238,HS-grad,9,Married-spouse-absent,Machine-op-inspct,Not-in-family,White,Male,0,0,40,Poland,<=50K,25_34,35_40
45,Federal-gov,98524,Assoc-acdm,12,Married-civ-spouse,Adm-clerical,Husband,White,Male,0,0,40,United-States,>50K,45_54,35_40
24,,119156,Bachelors,13,Never-married,,Own-child,White,Male,0,0,40,United-States,<=50K,under_25,35_40
52,Private,286342,HS-grad,9,Divorced,Machine-op-inspct,Not-in-family,White,Female,0,0,38,United-States,<=50K,45_54,35_40
64,Private,254797,Some-college,10,Married-civ-spouse,Exec-managerial,Husband,White,Male,0,0,40,United-States,<=50K,55_plus,35_40
58,Private,197642,Some-college,10,Never-married,Adm-clerical,Not-in-family,White,Female,0,0,39,United-States,<=50K,55_plus,35_40
19,Private,125591,11th,7,Never-married,Other-service,Not-in-family,White,Female,0,0,40,United-States,<=50K,under_25,35_40
17,Private,126771,12th,8,Never-married,Prof-specialty,Own-child,White,Male,0,0,7,United-States,<=50K,under_25,under_35
27,Private,328981,HS-grad,9,Never-married,Machine-op-inspct,Unmarried,Black,Male,0,0,40,United-States,<=50K,25_34,35_40
57,Federal-gov,21626,Some-college,10,Divorced,Other-service,Not-in-family,White,Male,0,0,40,United-States,<=50K,55_plus,35_40
20,,150084,HS-grad,9,Never-married,,Own-child,White,Male,0,0,25,United-States,<=50K,under_25,under_35
51,Self-emp-not-inc,118259,HS-grad,9,Married-civ-spouse,Craft-repair,Husband,White,Male,3137,0,60,United-States,<=50K,45_54,50_plus
59,Private,333270,Masters,14,Married-civ-spouse,Craft-repair,Wife,Asian-Pac-Islander,Female,0,0,35,Philippines,<=50K,55_plus,35_40
25,Private,181814,HS-grad,9,Never-married,Craft-repair,Other-relative,White,Female,0,0,40,United-States,<=50K,25_34,35_40
38,Self-emp-inc,125324,Some-college,10,Married-civ-spouse,Exec-managerial,Husband,White,Male,0,0,80,United-States,>50K,35_44,50_plus
56,Private,124137,HS-grad,9,Divorced,Adm-clerical,Not-in-family,White,Male,0,0,41,United-States,<=50K,55_plus,41_49
46,Private,337050,Masters,14,Married-civ-spouse,Exec-managerial,Husband,White,Male,0,1977,45,United-States,>50K,45_54,41_49
56,Private,229335,HS-grad,9,Divorced,Adm-clerical,Not-in-family,White,Female,0,0,40,United-States,<=50K,55_plus,35_40
25,State-gov,183678,Bachelors,13,Never-married,Prof-specialty,Not-in-family,White,Female,0,0,50,United-States,<=50K,25_34,50_plus
50,Private,209320,Bachelors,13,Married-civ-spouse,Sales,Husband,White,Male,0,0,40,United-States,>50K,45_54,35_40
33,Private,400416,10th,6,Never-married,Other-service,Own-child,Black,Male,0,0,20,United-States,<=50K,25_34,under_35
50,Private,175804,HS-grad,9,Married-civ-spouse,Sales,Husband,White,Male,0,0,48,United-States,<=50K,45_54,41_49
61,,198686,Assoc-acdm,12,Married-civ-spouse,,Husband,White,Male,0,0,2,United-States,>50K,55_plus,under_35
27,Local-gov,298510,HS-grad,9,Divorced,Protective-serv,Own-child,White,Male,0,0,40,United-States,<=50K,25_34,35_40
26,Private,177147,Bachelors,13,Never-married,Adm-clerical,Not-in-family,White,Male,6849,0,65,United-States,<=50K,25_34,50_plus
51,Private,115025,HS-grad,9,Married-civ-spouse,Craft-repair,Husband,White,Male,0,0,40,United-States,<=50K,45_54,35_40
21,Private,188535,HS-grad,9,Never-married,Machine-op-inspct,Not-in-family,White,Male,0,0,44,United-States,<=50K,under_25,41_49
39,Self-emp-not-inc,34378,HS-grad,9,Married-civ-spouse,Farming-fishing,Husband,White,Male,0,0,50,United-States,<=50K,35_44,50_plus
26,Private,205109,Masters,14,Never-married,Prof-specialty,Not-in-family,White,Female,0,0,40,United-States,<=50K,25_34,35_40
23,Private,526164,Bachelors,13,Never-married,Adm-clerical,Unmarried,Black,Female,0,0,40,United-States,<=50K,under_25,35_40
49,Federal-gov,125892,Bachelors,13,Married-civ-spouse,Exec-managerial,Husband,White,Male,0,0,40,United-States,>50K,45_54,35_40
52,Self-emp-not-inc,123011,Prof-school,15,Married-civ-spouse,Prof-specialty,Husband,White,Male,0,0,50,United-States,>50K,45_54,50_plus
44,Private,116825,Prof-school,15,Married-civ-spouse,Prof-specialty,Husband,White,Male,15024,0,80,United-States,>50K,35_44,50_plus
19,Private,28145,HS-grad,9,Never-married,Other-service,Own-child,White,Female,0,0,52,United-States,<=50K,under_25,50_plus
34,Self-emp-not-inc,137223,10th,6,Never-married,Other-service,Own-child,White,Female,0,0,40,United-States,<=50K,25_34,35_40
54,Private,103700,HS-grad,9,Widowed,Other-service,Unmarried,White,Female,0,0,40,United-States,<=50K,45_54,35_40
35,Private,298635,Bachelors,13,Never-married,Sales,Not-in-family,Asian-Pac-Islander,Male,0,0,50,United-States,<=50K,35_44,50_plus
27,Private,38599,12th,8,Never-married,Transport-moving,Not-in-family,White,Male,0,0,40,United-States,<=50K,25_34,35_40
21,Private,182117,Bachelors,13,Never-married,Other-service,Other-relative,White,Male,0,0,20,United-States,<=50K,under_25,under_35
20,Private,155818,HS-grad,9,Never-married,Other-service,Own-child,White,Female,0,0,20,United-States,<=50K,under_25,under_35
33,Private,159929,HS-grad,9,Married-civ-spouse,Craft-repair,Husband,White,Male,0,0,40,United-States,<=50K,25_34,35_40
17,Private,47199,11th,7,Never-married,Priv-house-serv,Own-child,White,Female,0,0,24,United-States,<=50K,under_25,under_35
50,Private,274528,Some-college,10,Married-civ-spouse,Sales,Husband,White,Male,0,0,40,United-States,<=50K,45_54,35_40
33,Private,180859,HS-grad,9,Divorced,Exec-managerial,Not-in-family,White,Male,0,0,40,United-States,<=50K,25_34,35_40
48,Private,174386,Masters,14,Married-civ-spouse,Prof-specialty,Husband,White,Male,0,0,40,El-Salvador,>50K,45_54,35_40
41,State-gov,180272,Masters,14,Never-married,Prof-specialty,Own-child,White,Female,0,0,35,United-States,<=50K,35_44,35_40
28,Self-emp-not-inc,107236,12th,8,Married-civ-spouse,Craft-repair,Not-in-family,White,Male,0,0,40,United-States,<=50K,25_34,35_40
37,Private,194004,11th,7,Married-civ-spouse,Craft-repair,Husband,White,Male,0,0,25,United-States,<=50K,35_44,under_35
26,,321629,HS-grad,9,Never-married,,Unmarried,White,Female,0,0,16,United-States,<=50K,25_34,under_35
39,Private,154641,Assoc-voc,11,Married-civ-spouse,Adm-clerical,Husband,White,Male,0,0,40,United-States,<=50K,35_44,35_40
21,Private,260254,HS-grad,9,Never-married,Craft-repair,Not-in-family,White,Male,0,0,40,United-States,<=50K,under_25,35_40
39,State-gov,114366,Bachelors,13,Never-married,Prof-specialty,Not-in-family,White,Male,0,0,35,United-States,<=50K,35_44,35_40
39,Private,216552,Masters,14,Married-civ-spouse,Adm-clerical,Husband,White,Male,0,0,40,United-States,<=50K,35_44,35_40
45,Local-gov,556652,HS-grad,9,Married-civ-spouse,Craft-repair,Husband,Black,Male,0,0,40,United-States,>50K,45_54,35_40
41,Private,350387,Bachelors,13,Never-married,Prof-specialty,Not-in-family,White,Male,0,0,40,United-States,>50K,35_44,35_40
37,Private,341672,Bachelors,13,Separated,Tech-support,Not-in-family,Asian-Pac-Islander,Male,0,0,40,Philippines,<=50K,35_44,35_40
38,Private,243872,Bachelors,13,Married-civ-spouse,Sales,Husband,White,Male,0,0,70,United-States,>50K,35_44,50_plus
28,Private,155621,5th-6th,3,Never-married,Craft-repair,Not-in-family,White,Male,0,0,40,Columbia,<=50K,25_34,35_40
20,Private,691830,HS-grad,9,Never-married,Sales,Own-child,Black,Female,0,0,35,United-States,<=50K,under_25,35_40
22,Private,189203,Bachelors,13,Never-married,Prof-specialty,Not-in-family,White,Male,0,0,50,United-States,<=50K,under_25,50_plus
23,Private,315065,10th,6,Never-married,Other-service,Unmarried,White,Male,0,0,60,Mexico,<=50K,under_25,50_plus
23,Private,520775,12th,8,Never-married,Priv-house-serv,Own-child,White,Male,0,0,30,United-States,<=50K,under_25,under_35
19,Private,99246,11th,7,Never-married,Machine-op-inspct,Not-in-family,White,Female,0,0,25,United-States,<=50K,under_25,under_35
31,Private,442429,HS-grad,9,Separated,Craft-repair,Unmarried,White,Female,0,0,40,Mexico,<=50K,25_34,35_40
40,Local-gov,370502,Some-college,10,Married-civ-spouse,Handlers-cleaners,Husband,White,Male,0,0,40,Mexico,<=50K,35_44,35_40
26,Private,288959,HS-grad,9,Married-civ-spouse,Sales,Husband,Black,Male,0,0,36,United-States,<=50K,25_34,35_40
64,Private,231619,HS-grad,9,Married-civ-spouse,Sales,Wife,White,Female,0,0,21,United-States,<=50K,55_plus,under_35
32,Private,252752,Masters,14,Never-married,Exec-managerial,Not-in-family,White,Female,13550,0,60,United-States,>50K,25_34,50_plus
55,Private,170287,Some-college,10,Married-civ-spouse,Prof-specialty,Husband,White,Male,0,0,40,Poland,>50K,55_plus,35_40
33,Private,355856,Assoc-acdm,12,Married-civ-spouse,Sales,Husband,Asian-Pac-Islander,Male,0,0,60,United-States,<=50K,25_34,50_plus
32,Private,187901,Assoc-voc,11,Never-married,Exec-managerial,Not-in-family,White,Female,0,0,23,United-States,<=50K,25_34,under_35
35,Self-emp-not-inc,190895,Bachelors,13,Divorced,Exec-managerial,Not-in-family,White,Male,0,0,25,United-States,<=50K,35_44,under_35
54,Private,185407,Some-college,10,Married-civ-spouse,Farming-fishing,Husband,White,Male,0,0,40,United-States,<=50K,45_54,35_40
57,Private,225927,10th,6,Married-civ-spouse,Machine-op-inspct,Husband,White,Male,0,0,40,United-States,<=50K,55_plus,35_40
27,Self-emp-not-inc,208577,Some-college,10,Married-civ-spouse,Exec-managerial,Husband,White,Male,0,0,45,United-States,>50K,25_34,41_49
24,Private,141003,Some-college,10,Never-married,Exec-managerial,Own-child,White,Male,0,0,25,United-States,<=50K,under_25,under_35
46,Private,155659,Bachelors,13,Married-civ-spouse,Machine-op-inspct,Husband,White,Male,0,0,40,Germany,>50K,45_54,35_40
53,Private,366957,Bachelors,13,Married-civ-spouse,Exec-managerial,Husband,Asian-Pac-Islander,Male,99999,0,50,India,>50K,45_54,50_plus
49,Private,33673,12th,8,Never-married,Transport-moving,Not-in-family,Asian-Pac-Islander,Male,0,0,35,United-States,<=50K,45_54,35_40
34,Private,191385,HS-grad,9,Married-civ-spouse,Machine-op-inspct,Husband,White,Male,0,0,48,United-States,<=50K,25_34,41_49
41,Private,253060,Prof-school,15,Married-civ-spouse,Sales,Husband,White,Male,0,0,50,United-States,<=50K,35_44,50_plus
36,Local-gov,135786,9th,5,Married-civ-spouse,Craft-repair,Husband,White,Male,0,0,25,United-States,<=50K,35_44,under_35
19,Private,200136,Some-college,10,Never-married,Sales,Own-child,White,Female,0,0,20,United-States,<=50K,under_25,under_35
42,Self-emp-not-inc,24763,Doctorate,16,Married-civ-spouse,Prof-specialty,Husband,White,Male,15024,0,40,United-States,>50K,35_44,35_40
65,Private,225580,HS-grad,9,Divorced,Sales,Not-in-family,White,Female,0,0,20,United-States,<=50K,55_plus,under_35
23,Private,206129,Assoc-voc,11,Never-married,Craft-repair,Unmarried,Black,Female,0,0,40,United-States,<=50K,under_25,35_40
30,Private,89735,Assoc-voc,11,Married-civ-spouse,Prof-specialty,Husband,White,Male,0,0,40,United-States,>50K,25_34,35_40
34,,267352,11th,7,Never-married,,Not-in-family,White,Male,0,0,30,United-States,<=50K,25_34,under_35
27,Private,153291,Prof-school,15,Married-civ-spouse,Prof-specialty,Wife,White,Female,0,0,50,United-States,>50K,25_34,50_plus
40,Private,169885,HS-grad,9,Separated,Other-service,Not-in-family,White,Female,0,0,40,United-States,<=50K,35_44,35_40
43,Private,55213,HS-grad,9,Married-civ-spouse,Machine-op-inspct,Husband,White,Male,0,1977,52,United-States,>50K,35_44,50_plus
39,Private,174330,HS-grad,9,Separated,Craft-repair,Unmarried,White,Male,0,0,40,United-States,<=50K,35_44,35_40
17,Self-emp-not-inc,181317,10th,6,Never-married,Farming-fishing,Own-child,White,Male,0,0,35,United-States,<=50K,under_25,35_40
54,Private,159755,Some-college,10,Married-civ-spouse,Protective-serv,Husband,White,Male,0,0,40,United-States,>50K,45_54,35_40
57,Self-emp-not-inc,315460,Prof-school,15,Married-civ-spouse,Prof-specialty,Husband,White,Male,0,0,36,United-States,<=50K,55_plus,35_40
49,Private,135643,HS-grad,9,Widowed,Craft-repair,Unmarried,Asian-Pac-Islander,Female,0,0,40,South,<=50K,45_54,35_40
21,Private,203055,Some-college,10,Never-married,Machine-op-inspct,Unmarried,White,Male,0,0,40,United-States,<=50K,under_25,35_40
43,Self-emp-not-inc,243432,HS-grad,9,Married-civ-spouse,Craft-repair,Husband,White,Male,0,0,60,United-States,<=50K,35_44,50_plus
19,,291509,12th,8,Never-married,,Own-child,White,Male,0,0,28,United-States,<=50K,under_25,under_35
29,State-gov,33798,Some-college,10,Divorced,Adm-clerical,Own-child,White,Male,0,0,20,United-States,<=50K,25_34,under_35
34,Self-emp-inc,79586,Bachelors,13,Never-married,Prof-specialty,Not-in-family,Other,Male,0,0,60,United-States,<=50K,25_34,50_plus
39,Private,101146,HS-grad,9,Divorced,Prof-specialty,Not-in-family,White,Female,4650,0,40,United-States,<=50K,35_44,35_40
29,Self-emp-not-inc,162312,Some-college,10,Never-married,Exec-managerial,Own-child,Asian-Pac-Islander,Male,0,0,45,South,<=50K,25_34,41_49
49,State-gov,231961,Doctorate,16,Divorced,Prof-specialty,Unmarried,White,Male,0,0,50,United-States,>50K,45_54,50_plus
29,Self-emp-not-inc,58744,Assoc-acdm,12,Never-married,Other-service,Own-child,White,Male,0,0,60,United-States,<=50K,25_34,50_plus
36,Private,320811,Some-college,10,Married-civ-spouse,Craft-repair,Husband,White,Male,0,0,40,United-States,>50K,35_44,35_40
39,Private,192614,HS-grad,9,Married-civ-spouse,Transport-moving,Husband,White,Male,0,0,56,United-States,<=50K,35_44,50_plus
54,Private,175912,10th,6,Married-civ-spouse,Transport-moving,Husband,White,Male,0,0,40,United-States,<=50K,45_54,35_40
40,Self-emp-not-inc,179533,HS-grad,9,Married-civ-spouse,Transport-moving,Husband,White,Male,0,0,75,United-States,>50K,35_44,50_plus
47,Private,218435,HS-grad,9,Married-spouse-absent,Sales,Unmarried,White,Female,0,0,20,Cuba,<=50K,45_54,under_35
39,Private,498785,HS-grad,9,Divorced,Adm-clerical,Not-in-family,White,Male,0,0,40,United-States,<=50K,35_44,35_40
34,Private,206609,Some-college,10,Never-married,Sales,Unmarried,White,Male,0,0,35,United-States,<=50K,25_34,35_40
42,Local-gov,143046,HS-grad,9,Widowed,Transport-moving,Unmarried,White,Female,0,0,40,United-States,<=50K,35_44,35_40
21,Private,162228,Some-college,10,Never-married,Adm-clerical,Own-child,White,Male,0,0,40,United-States,<=50K,under_25,35_40
37,Self-emp-not-inc,30973,HS-grad,9,Married-civ-spouse,Exec-managerial,Husband,White,Male,0,0,40,United-States,<=50K,35_44,35_40
39,Federal-gov,82622,Bachelors,13,Never-married,Adm-clerical,Not-in-family,White,Male,0,0,45,United-States,<=50K,35_44,41_49
34,Private,73199,11th,7,Never-married,Other-service,Own-child,Asian-Pac-Islander,Male,0,0,40,Philippines,<=50K,25_34,35_40
57,Self-emp-not-inc,110417,Some-college,10,Married-civ-spouse,Farming-fishing,Husband,White,Male,0,0,75,United-States,<=50K,55_plus,50_plus
18,Private,27780,HS-grad,9,Never-married,Sales,Own-child,White,Female,0,0,25,United-States,<=50K,under_25,under_35
46,Private,108699,Some-college,10,Widowed,Adm-clerical,Not-in-family,White,Female,0,0,60,United-States,<=50K,45_54,50_plus
48,Local-gov,493862,HS-grad,9,Married-civ-spouse,Exec-managerial,Husband,Black,Male,7298,0,38,United-States,>50K,45_54,35_40
28,Federal-gov,341709,HS-grad,9,Never-married,Craft-repair,Not-in-family,White,Male,0,0,40,United-States,<=50K,25_34,35_40
38,Private,154568,Masters,14,Married-civ-spouse,Exec-managerial,Husband,Asian-Pac-Islander,Male,0,0,40,,<=50K,35_44,35_40
36,Private,192939,Masters,14,Married-civ-spouse,Prof-specialty,Husband,White,Male,0,1977,60,United-States,>50K,35_44,50_plus
42,Private,107276,Some-college,10,Never-married,Exec-managerial,Not-in-family,White,Female,0,2444,40,United-States,>50K,35_44,35_40
36,Private,185203,HS-grad,9,Never-married,Sales,Not-in-family,White,Female,0,0,40,United-States,<=50K,35_44,35_40
58,Private,123436,Bachelors,13,Married-civ-spouse,Exec-managerial,Husband,White,Male,7688,0,50,United-States,>50K,55_plus,50_plus
51,Self-emp-not-inc,136322,HS-grad,9,Married-civ-spouse,Farming-fishing,Husband,White,Male,0,1579,40,United-States,<=50K,45_54,35_40
20,Private,198148,HS-grad,9,Never-married,Adm-clerical,Own-child,White,Male,0,0,40,United-States,<=50K,under_25,35_40
65,Private,469602,Bachelors,13,Married-civ-spouse,Sales,Husband,White,Male,0,0,15,United-States,<=50K,55_plus,under_35
73,,191394,Prof-school,15,Married-civ-spouse,,Husband,White,Male,0,0,40,United-States,<=50K,55_plus,35_40
22,Private,256504,Bachelors,13,Never-married,Adm-clerical,Own-child,White,Female,0,0,40,United-States,<=50K,under_25,35_40
23,Private,189017,Bachelors,13,Never-married,Sales,Not-in-family,White,Male,0,0,55,United-States,<=50K,under_25,50_plus
50,Private,185846,HS-grad,9,Married-civ-spouse,Sales,Husband,White,Male,0,0,40,United-States,<=50K,45_54,35_40
37,Private,51264,Doctorate,16,Married-civ-spouse,Prof-specialty,Husband,White,Male,0,0,99,France,>50K,35_44,50_plus
29,Self-emp-not-inc,183151,HS-grad,9,Married-civ-spouse,Transport-moving,Husband,White,Male,0,0,48,United-States,<=50K,25_34,41_49
44,Local-gov,241851,Assoc-voc,11,Married-civ-spouse,Transport-moving,Husband,White,Male,4386,0,40,United-States,>50K,35_44,35_40
72,Private,89299,HS-grad,9,Divorced,Other-service,Not-in-family,White,Female,0,0,16,United-States,<=50K,55_plus,under_35
26,Private,58426,HS-grad,9,Married-civ-spouse,Prof-specialty,Husband,White,Male,0,0,50,United-States,<=50K,25_34,50_plus
28,Private,195000,Bachelors,13,Never-married,Sales,Other-relative,White,Female,0,0,45,United-States,<=50K,25_34,41_49
57,Private,108741,HS-grad,9,Married-civ-spouse,Exec-managerial,Wife,White,Female,0,0,40,United-States,<=50K,55_plus,35_40
50,Private,177896,HS-grad,9,Married-civ-spouse,Craft-repair,Husband,White,Male,0,0,50,United-States,<=50K,45_54,50_plus
50,Private,189107,HS-grad,9,Married-civ-spouse,Machine-op-inspct,Husband,White,Male,0,0,40,United-States,<=50K,45_54,35_40
28,Private,306830,Assoc-acdm,12,Married-civ-spouse,Handlers-cleaners,Husband,White,Male,0,0,40,Nicaragua,<=50K,25_34,35_40
55,Self-emp-inc,222615,Masters,14,Married-civ-spouse,Exec-managerial,Husband,White,Male,0,0,60,United-States,<=50K,55_plus,50_plus
81,Self-emp-not-inc,123959,Bachelors,13,Widowed,Prof-specialty,Not-in-family,White,Female,0,1668,3,Hungary,<=50K,55_plus,under_35
46,Self-emp-not-inc,154083,Masters,14,Never-married,Exec-managerial,Not-in-family,White,Male,0,0,25,United-States,<=50K,45_54,under_35
23,,226891,HS-grad,9,Never-married,,Other-relative,Asian-Pac-Islander,Female,0,0,20,South,<=50K,under_25,under_35
28,Local-gov,56340,Masters,14,Never-married,Prof-specialty,Not-in-family,White,Female,0,0,40,United-States,<=50K,25_34,35_40
38,Private,52596,Some-college,10,Never-married,Adm-clerical,Own-child,Black,Female,0,0,40,United-States,<=50K,35_44,35_40
65,Local-gov,143570,Some-college,10,Never-married,Prof-specialty,Not-in-family,Black,Female,0,0,40,United-States,<=50K,55_plus,35_40
54,Private,29909,11th,7,Married-civ-spouse,Other-service,Wife,White,Female,0,0,43,United-States,<=50K,45_54,41_49
48,Federal-gov,188081,HS-grad,9,Married-civ-spouse,Adm-clerical,Husband,White,Male,0,0,40,United-States,>50K,45_54,35_40
49,Private,147002,HS-grad,9,Never-married,Craft-repair,Unmarried,White,Female,0,0,40,Puerto-Rico,<=50K,45_54,35_40
45,Private,480717,Bachelors,13,Married-civ-spouse,Other-service,Husband,Asian-Pac-Islander,Male,0,0,38,,<=50K,45_54,35_40
61,Local-gov,34632,Bachelors,13,Divorced,Other-service,Not-in-family,White,Male,0,0,30,United-States,<=50K,55_plus,under_35
24,Private,138768,Assoc-acdm,12,Never-married,Handlers-cleaners,Own-child,White,Male,0,0,30,United-States,<=50K,under_25,under_35
33,Private,159303,HS-grad,9,Divorced,Other-service,Unmarried,White,Female,0,0,40,United-States,<=50K,25_34,35_40
29,Private,190539,Bachelors,13,Never-married,Exec-managerial,Not-in-family,White,Male,0,1590,50,United-States,<=50K,25_34,50_plus
54,Self-emp-inc,96460,HS-grad,9,Married-civ-spouse,Exec-managerial,Husband,White,Male,7688,0,60,United-States,>50K,45_54,50_plus
60,State-gov,194252,Masters,14,Married-civ-spouse,Exec-managerial,Wife,White,Female,3103,0,40,United-States,>50K,55_plus,35_40
29,Private,87523,HS-grad,9,Never-married,Sales,Own-child,White,Female,0,0,40,United-States,<=50K,25_34,35_40
42,Private,184105,Some-college,10,Never-married,Farming-fishing,Not-in-family,White,Male,0,0,28,United-States,<=50K,35_44,under_35
25,State-gov,187508,Some-college,10,Never-married,Handlers-cleaners,Own-child,White,Male,0,0,40,United-States,<=50K,25_34,35_40
52,Self-emp-not-inc,190333,HS-grad,9,Divorced,Farming-fishing,Not-in-family,White,Male,0,0,25,United-States,<=50K,45_54,under_35
42,Local-gov,70655,HS-grad,9,Divorced,Farming-fishing,Not-in-family,White,Male,0,0,40,United-States,<=50K,35_44,35_40
61,Federal-gov,230545,HS-grad,9,Never-married,Adm-clerical,Unmarried,White,Female,0,0,35,Puerto-Rico,<=50K,55_plus,35_40
47,Private,169549,HS-grad,9,Married-civ-spouse,Craft-repair,Husband,White,Male,0,0,40,United-States,>50K,45_54,35_40
34,Private,46144,Some-college,10,Divorced,Handlers-cleaners,Unmarried,White,Female,0,0,40,United-States,<=50K,25_34,35_40
27,Private,183523,Some-college,10,Married-civ-spouse,Transport-moving,Husband,White,Male,0,0,40,United-States,>50K,25_34,35_40
54,Private,257869,Some-college,10,Separated,Other-service,Not-in-family,White,Male,0,0,28,Columbia,<=50K,45_54,under_35
22,Private,141297,Some-college,10,Never-married,Tech-support,Own-child,White,Male,0,0,40,United-States,<=50K,under_25,35_40
35,Self-emp-not-inc,77146,HS-grad,9,Married-civ-spouse,Craft-repair,Husband,White,Male,2829,0,45,United-States,<=50K,35_44,41_49
25,Private,169124,Bachelors,13,Never-married,Adm-clerical,Own-child,White,Male,0,0,40,United-States,<=50K,25_34,35_40
30,Private,180656,Some-college,10,Married-spouse-absent,Craft-repair,Not-in-family,White,Male,0,0,40,,<=50K,25_34,35_40
37,Federal-gov,48779,Bachelors,13,Married-civ-spouse,Prof-specialty,Husband,White,Male,0,0,40,United-States,<=50K,35_44,35_40
23,Federal-gov,39603,Some-college,10,Never-married,Craft-repair,Unmarried,Amer-Indian-Eskimo,Male,0,0,40,United-States,<=50K,under_25,35_40
33,Private,261511,HS-grad,9,Married-civ-spouse,Craft-repair,Husband,White,Male,0,0,40,United-States,<=50K,25_34,35_40
38,Private,121602,HS-grad,9,Married-civ-spouse,Machine-op-inspct,Husband,White,Male,0,0,40,United-States,<=50K,35_44,35_40
32,Private,107793,HS-grad,9,Divorced,Other-service,Own-child,White,Male,2174,0,40,United-States,<=50K,25_34,35_40
20,Private,170091,Some-college,10,Never-married,Other-service,Own-child,White,Female,0,0,35,United-States,<=50K,under_25,35_40
40,Self-emp-inc,102226,HS-grad,9,Married-civ-spouse,Exec-managerial,Husband,White,Male,0,0,40,United-States,<=50K,35_44,35_40
45,Private,102597,HS-grad,9,Widowed,Adm-clerical,Unmarried,White,Female,0,0,35,United-States,<=50K,45_54,35_40
54,State-gov,312897,Doctorate,16,Married-civ-spouse,Prof-specialty,Husband,White,Male,0,0,46,England,>50K,45_54,41_49
61,Private,273803,HS-grad,9,Married-civ-spouse,Craft-repair,Husband,White,Male,0,0,40,United-States,<=50K,55_plus,35_40
30,Private,149368,HS-grad,9,Divorced,Sales,Unmarried,White,Male,1151,0,30,United-States,<=50K,25_34,under_35
49,Private,167523,Bachelors,13,Divorced,Protective-serv,Not-in-family,White,Male,0,0,40,United-States,<=50K,45_54,35_40
40,Federal-gov,171231,Bachelors,13,Never-married,Adm-clerical,Not-in-family,White,Male,0,0,40,Puerto-Rico,<=50K,35_44,35_40
22,Local-gov,50065,Bachelors,13,Never-married,Prof-specialty,Not-in-family,White,Female,0,0,35,United-States,<=50K,under_25,35_40
53,,199665,Bachelors,13,Married-civ-spouse,,Husband,White,Male,0,0,30,United-States,>50K,45_54,under_35
44,Private,159297,HS-grad,9,Married-civ-spouse,Exec-managerial,Wife,Asian-Pac-Islander,Female,0,0,40,,>50K,35_44,35_40
40,Self-emp-not-inc,45093,HS-grad,9,Divorced,Craft-repair,Not-in-family,White,Male,0,0,45,Canada,<=50K,35_44,41_49
37,Private,172571,HS-grad,9,Divorced,Machine-op-inspct,Not-in-family,White,Male,0,0,40,United-States,<=50K,35_44,35_40
28,Private,68021,Some-college,10,Never-married,Other-service,Not-in-family,White,Female,0,0,30,United-States,<=50K,25_34,under_35
52,Self-emp-inc,138497,Bachelors,13,Married-civ-spouse,Exec-managerial,Husband,White,Male,0,0,60,United-States,<=50K,45_54,50_plus
33,Private,104509,HS-grad,9,Divorced,Adm-clerical,Own-child,White,Female,0,0,40,United-States,<=50K,25_34,35_40
26,Private,192302,Some-college,10,Married-civ-spouse,Exec-managerial,Wife,White,Female,0,0,25,United-States,<=50K,25_34,under_35
75,Private,191446,1st-4th,2,Married-civ-spouse,Other-service,Other-relative,Black,Female,0,0,16,United-States,<=50K,55_plus,under_35
43,Self-emp-not-inc,33521,Bachelors,13,Divorced,Prof-specialty,Not-in-family,White,Male,0,0,70,United-States,>50K,35_44,50_plus
64,Private,46087,Bachelors,13,Divorced,Exec-managerial,Not-in-family,White,Female,0,0,50,United-States,<=50K,55_plus,50_plus
46,Private,127089,Some-college,10,Married-civ-spouse,Prof-specialty,Husband,White,Male,5178,0,38,United-States,>50K,45_54,35_40
54,Private,123011,HS-grad,9,Married-civ-spouse,Machine-op-inspct,Husband,White,Male,0,0,40,Poland,>50K,45_54,35_40
19,Private,188008,Some-college,10,Never-married,Sales,Own-child,Black,Female,0,0,20,United-States,<=50K,under_25,under_35
48,Self-emp-inc,56975,HS-grad,9,Divorced,Sales,Unmarried,Asian-Pac-Islander,Female,0,0,84,,<=50K,45_54,50_plus
25,Private,123083,Bachelors,13,Never-married,Prof-specialty,Not-in-family,White,Female,0,0,40,United-States,<=50K,25_34,35_40
40,Private,76487,HS-grad,9,Married-civ-spouse,Machine-op-inspct,Husband,White,Male,0,0,40,United-States,<=50K,35_44,35_40
25,Private,51201,HS-grad,9,Married-civ-spouse,Craft-repair,Husband,White,Male,0,0,35,United-States,<=50K,25_34,35_40
36,Local-gov,192337,HS-grad,9,Never-married,Other-service,Not-in-family,White,Male,0,0,40,United-States,<=50K,35_44,35_40
32,Private,857532,HS-grad,9,Never-married,Machine-op-inspct,Own-child,Black,Male,0,0,40,United-States,<=50K,25_34,35_40
25,Private,138765,Bachelors,13,Never-married,Prof-specialty,Not-in-family,White,Male,0,0,20,United-States,<=50K,25_34,under_35
31,Private,262024,HS-grad,9,Married-civ-spouse,Machine-op-inspct,Husband,Black,Male,0,0,40,United-States,<=50K,25_34,35_40
28,Private,268726,HS-grad,9,Married-civ-spouse,Craft-repair,Husband,White,Male,0,0,46,United-States,<=50K,25_34,41_49
32,Private,370160,Some-college,10,Separated,Exec-managerial,Unmarried,Black,Female,0,0,40,United-States,<=50K,25_34,35_40
24,Private,209782,Bachelors,13,Never-married,Sales,Own-child,White,Female,0,0,40,United-States,<=50K,under_25,35_40
27,Private,166350,HS-grad,9,Never-married,Sales,Not-in-family,White,Male,0,0,50,United-States,<=50K,25_34,50_plus
19,Private,187352,HS-grad,9,Married-civ-spouse,Craft-repair,Husband,White,Male,0,0,40,United-States,<=50K,under_25,35_40
48,Private,101299,HS-grad,9,Married-civ-spouse,Craft-repair,Husband,White,Male,0,0,40,United-States,>50K,45_54,35_40
56,Private,134195,Masters,14,Never-married,Sales,Not-in-family,White,Male,0,0,50,United-States,<=50K,55_plus,50_plus
37,Self-emp-not-inc,218249,11th,7,Divorced,Prof-specialty,Unmarried,Black,Female,0,0,30,United-States,<=50K,35_44,under_35
53,Private,55139,HS-grad,9,Never-married,Farming-fishing,Not-in-family,White,Male,0,0,10,United-States,<=50K,45_54,under_35
61,Self-emp-not-inc,219183,Bachelors,13,Married-civ-spouse,Prof-specialty,Husband,White,Male,0,0,50,United-States,>50K,55_plus,50_plus
60,Self-emp-inc,336188,Prof-school,15,Married-civ-spouse,Prof-specialty,Husband,White,Male,0,2415,80,United-States,>50K,55_plus,50_plus
32,Private,176185,Some-college,10,Divorced,Exec-managerial,Other-relative,White,Male,0,0,60,United-States,<=50K,25_34,50_plus
38,Private,187999,Bachelors,13,Married-civ-spouse,Tech-support,Husband,White,Male,0,0,45,United-States,>50K,35_44,41_49
29,Private,79387,Bachelors,13,Never-married,Exec-managerial,Not-in-family,White,Male,0,0,50,United-States,>50K,25_34,50_plus
80,Private,173488,Some-college,10,Widowed,Adm-clerical,Not-in-family,White,Female,0,0,20,United-States,<=50K,55_plus,under_35
71,State-gov,100063,HS-grad,9,Married-civ-spouse,Craft-repair,Husband,Black,Male,0,0,40,United-States,<=50K,55_plus,35_40
49,Private,194962,11th,7,Married-civ-spouse,Other-service,Wife,White,Female,0,0,6,United-States,<=50K,45_54,under_35
56,Self-emp-not-inc,84774,Assoc-acdm,12,Married-civ-spouse,Farming-fishing,Wife,White,Female,0,0,40,United-States,<=50K,55_plus,35_40
27,Private,267325,HS-grad,9,Married-civ-spouse,Sales,Wife,White,Female,3464,0,40,United-States,<=50K,25_34,35_40
22,Private,110371,HS-grad,9,Married-civ-spouse,Other-service,Own-child,White,Male,0,0,50,United-States,<=50K,under_25,50_plus
43,Local-gov,174491,HS-grad,9,Divorced,Tech-support,Not-in-family,Black,Female,0,0,40,United-States,<=50K,35_44,35_40
47,Local-gov,36169,Masters,14,Married-civ-spouse,Prof-specialty,Husband,White,Male,0,0,60,United-States,>50K,45_54,50_plus
30,Self-emp-not-inc,180859,Some-college,10,Never-married,Craft-repair,Own-child,White,Male,0,0,8,United-States,<=50K,25_34,under_35
37,Private,186434,HS-grad,9,Married-civ-spouse,Other-service,Husband,Black,Male,0,0,40,United-States,>50K,35_44,35_40
41,,217921,9th,5,Married-civ-spouse,,Wife,Asian-Pac-Islander,Female,0,0,40,Hong,<=50K,35_44,35_40
22,Private,374313,HS-grad,9,Married-civ-spouse,Transport-moving,Husband,White,Male,0,0,50,United-States,>50K,under_25,50_plus
51,Private,204447,Some-college,10,Married-civ-spouse,Prof-specialty,Husband,White,Male,0,0,45,United-States,>50K,45_54,41_49
43,Private,144778,HS-grad,9,Married-civ-spouse,Exec-managerial,Husband,White,Male,0,0,50,United-States,>50K,35_44,50_plus
35,Private,117166,Bachelors,13,Never-married,Exec-managerial,Not-in-family,White,Male,0,0,50,United-States,<=50K,35_44,50_plus
51,Private,237630,HS-grad,9,Married-civ-spouse,Tech-support,Husband,White,Male,7298,0,50,United-States,>50K,45_54,50_plus
54,Private,284952,10th,6,Separated,Sales,Unmarried,White,Female,0,0,43,Italy,<=50K,45_54,41_49
67,Local-gov,342175,Masters,14,Divorced,Adm-clerical,Not-in-family,White,Female,2009,0,40,United-States,<=50K,55_plus,35_40
63,,110150,HS-grad,9,Married-civ-spouse,,Husband,White,Male,0,0,55,United-States,>50K,55_plus,50_plus
17,Private,99462,11th,7,Never-married,Other-service,Own-child,Amer-Indian-Eskimo,Female,0,0,20,United-States,<=50K,under_25,under_35
28,Private,70034,7th-8th,4,Never-married,Adm-clerical,Own-child,White,Male,0,0,40,Portugal,<=50K,25_34,35_40
61,Private,223133,HS-grad,9,Divorced,Handlers-cleaners,Not-in-family,Black,Female,0,0,40,United-States,<=50K,55_plus,35_40
39,Private,257942,HS-grad,9,Never-married,Exec-managerial,Not-in-family,White,Male,0,0,40,United-States,<=50K,35_44,35_40
50,Private,185354,Masters,14,Divorced,Exec-managerial,Not-in-family,White,Female,0,0,35,United-States,<=50K,45_54,35_40
82,Private,132870,HS-grad,9,Widowed,Exec-managerial,Not-in-family,White,Female,0,4356,18,United-States,<=50K,55_plus,under_35
39,Private,286026,Bachelors,13,Married-civ-spouse,Adm-clerical,Husband,White,Male,0,0,40,United-States,>50K,35_44,35_40
30,Private,72887,HS-grad,9,Married-civ-spouse,Craft-repair,Own-child,Asian-Pac-Islander,Male,3411,0,40,United-States,<=50K,25_34,35_40
49,Local-gov,163229,HS-grad,9,Married-civ-spouse,Protective-serv,Husband,White,Male,0,0,56,United-States,<=50K,45_54,50_plus
35,Private,184655,Bachelors,13,Never-married,Prof-specialty,Not-in-family,White,Male,0,0,40,United-States,<=50K,35_44,35_40
53,Local-gov,132304,Some-college,10,Divorced,Adm-clerical,Not-in-family,White,Female,0,0,40,United-States,<=50K,45_54,35_40
17,Never-worked,237272,10th,6,Never-married,,Own-child,White,Male,0,0,30,United-States,<=50K,under_25,under_35
27,Private,122922,Bachelors,13,Never-married,Sales,Not-in-family,White,Female,0,0,40,United-States,<=50K,25_34,35_40
32,Private,250354,10th,6,Never-married,Craft-repair,Other-relative,White,Male,0,0,45,United-States,<=50K,25_34,41_49
45,Private,200471,HS-grad,9,Married-civ-spouse,Adm-clerical,Husband,White,Male,0,0,35,United-States,<=50K,45_54,35_40
56,Private,197114,HS-grad,9,Never-married,Handlers-cleaners,Own-child,White,Male,0,0,28,United-States,<=50K,55_plus,under_35
34,Private,345705,HS-grad,9,Divorced,Craft-repair,Not-in-family,White,Male,0,1408,38,United-States,<=50K,25_34,35_40
33,Private,248584,Some-college,10,Married-civ-spouse,Other-service,Husband,White,Male,0,0,50,United-States,<=50K,25_34,50_plus
29,Private,193152,HS-grad,9,Never-married,Handlers-cleaners,Not-in-family,White,Male,0,1408,40,United-States,<=50K,25_34,35_40
73,Self-emp-not-inc,300404,Some-college,10,Married-civ-spouse,Sales,Husband,White,Male,0,0,6,United-States,>50K,55_plus,under_35
21,Private,654141,HS-grad,9,Never-married,Craft-repair,Not-in-family,Black,Male,0,0,32,United-States,<=50K,under_25,under_35
30,Private,252646,Some-college,10,Separated,Transport-moving,Not-in-family,White,Male,0,0,20,United-States,<=50K,25_34,under_35
54,Private,171924,Bachelors,13,Married-civ-spouse,Tech-support,Husband,White,Male,0,0,48,United-States,<=50K,45_54,41_49
53,Private,96062,Bachelors,13,Married-civ-spouse,Exec-managerial,Husband,White,Male,0,0,40,Greece,<=50K,45_54,35_40
26,Private,137658,Some-college,10,Never-married,Adm-clerical,Not-in-family,White,Female,0,0,45,United-States,<=50K,25_34,41_49
38,Private,194538,Assoc-voc,11,Married-civ-spouse,Machine-op-inspct,Husband,White,Male,0,0,48,United-States,>50K,35_44,41_49
29,Private,136077,HS-grad,9,Married-civ-spouse,Sales,Husband,White,Male,0,0,60,United-States,>50K,25_34,50_plus
29,Private,221977,Some-college,10,Married-civ-spouse,Adm-clerical,Wife,White,Female,0,0,40,United-States,>50K,25_34,35_40
48,Private,193775,Bachelors,13,Divorced,Adm-clerical,Own-child,White,Male,0,0,38,United-States,>50K,45_54,35_40
58,,158506,11th,7,Married-civ-spouse,,Husband,White,Male,0,0,16,United-States,<=50K,55_plus,under_35
37,Private,224886,HS-grad,9,Married-civ-spouse,Transport-moving,Husband,White,Male,0,0,42,United-States,<=50K,35_44,41_49
41,Private,262038,5th-6th,3,Married-spouse-absent,Farming-fishing,Not-in-family,White,Male,0,0,35,Mexico,<=50K,35_44,35_40
32,Private,279231,Assoc-voc,11,Married-civ-spouse,Adm-clerical,Husband,White,Male,0,0,40,Italy,<=50K,25_34,35_40
18,Private,169745,7th-8th,4,Never-married,Other-service,Own-child,White,Female,0,0,40,United-States,<=50K,under_25,35_40
43,Federal-gov,19914,Some-college,10,Widowed,Exec-managerial,Unmarried,Amer-Indian-Eskimo,Female,0,0,15,United-States,<=50K,35_44,under_35
19,Private,224241,Some-college,10,Never-married,Sales,Own-child,White,Female,0,0,20,United-States,<=50K,under_25,under_35
23,State-gov,61743,5th-6th,3,Never-married,Transport-moving,Not-in-family,White,Male,0,0,35,United-States,<=50K,under_25,35_40
51,Private,85423,HS-grad,9,Married-civ-spouse,Sales,Husband,White,Male,0,0,55,United-States,>50K,45_54,50_plus
21,Private,277408,Some-college,10,Never-married,Other-service,Unmarried,White,Female,0,0,35,United-States,<=50K,under_25,35_40
39,Self-emp-not-inc,336793,Masters,14,Married-civ-spouse,Craft-repair,Husband,White,Male,0,0,55,United-States,>50K,35_44,50_plus
36,Private,184112,Prof-school,15,Married-civ-spouse,Prof-specialty,Wife,White,Female,15024,0,45,United-States,>50K,35_44,41_49
35,Private,187053,HS-grad,9,Divorced,Transport-moving,Not-in-family,White,Female,0,0,60,United-States,>50K,35_44,50_plus
38,Private,75826,Prof-school,15,Married-civ-spouse,Prof-specialty,Wife,White,Female,0,0,40,United-States,<=50K,35_44,35_40
35,Private,155961,HS-grad,9,Never-married,Other-service,Own-child,Black,Female,0,0,35,Jamaica,<=50K,35_44,35_40
29,,189765,5th-6th,3,Married-civ-spouse,,Wife,White,Female,0,0,40,United-States,<=50K,25_34,35_40
32,Private,193042,Bachelors,13,Married-civ-spouse,Sales,Husband,White,Male,0,0,44,United-States,<=50K,25_34,41_49
50,Local-gov,120190,Masters,14,Divorced,Prof-specialty,Not-in-family,White,Female,0,0,45,United-States,<=50K,45_54,41_49
39,Self-emp-inc,336226,HS-grad,9,Married-civ-spouse,Exec-managerial,Husband,White,Male,3103,0,60,United-States,>50K,35_44,50_plus
25,Private,178843,Bachelors,13,Never-married,Prof-specialty,Own-child,White,Female,0,0,15,United-States,<=50K,25_34,under_35
35,Private,243409,Some-college,10,Married-civ-spouse,Transport-moving,Husband,White,Male,0,0,40,Germany,<=50K,35_44,35_40
52,Private,53497,Assoc-voc,11,Married-civ-spouse,Craft-repair,Husband,White,Male,0,0,40,United-States,<=50K,45_54,35_40
70,,336007,5th-6th,3,Married-civ-spouse,,Husband,White,Male,0,0,20,United-States,<=50K,55_plus,under_35
62,Private,272209,HS-grad,9,Divorced,Priv-house-serv,Unmarried,Black,Female,0,0,99,United-States,<=50K,55_plus,50_plus
52,Private,180195,Bachelors,13,Married-civ-spouse,Sales,Husband,White,Male,0,0,40,United-States,>50K,45_54,35_40
32,Private,309513,HS-grad,9,Married-civ-spouse,Craft-repair,Husband,White,Male,0,0,50,United-States,<=50K,25_34,50_plus
23,Private,242375,HS-grad,9,Never-married,Other-service,Not-in-family,White,Female,0,0,30,United-States,<=50K,under_25,under_35
20,,210781,Some-college,10,Never-married,,Own-child,White,Female,0,0,10,United-States,<=50K,under_25,under_35
46,Federal-gov,207022,Bachelors,13,Married-civ-spouse,Exec-managerial,Husband,White,Male,7688,0,40,United-States,>50K,45_54,35_40
52,Private,123780,HS-grad,9,Married-civ-spouse,Adm-clerical,Wife,White,Female,0,0,38,United-States,<=50K,45_54,35_40
20,Private,374116,HS-grad,9,Never-married,Prof-specialty,Other-relative,White,Female,0,0,40,United-States,<=50K,under_25,35_40
40,Private,242619,Bachelors,13,Never-married,Prof-specialty,Not-in-family,White,Male,4650,0,40,United-States,<=50K,35_44,35_40
27,Private,113635,HS-grad,9,Never-married,Craft-repair,Not-in-family,White,Male,0,0,35,Ireland,<=50K,25_34,35_40
62,Self-emp-inc,245491,Bachelors,13,Divorced,Sales,Not-in-family,White,Male,99999,0,40,United-States,>50K,55_plus,35_40
51,Self-emp-not-inc,276456,Assoc-acdm,12,Married-civ-spouse,Sales,Husband,White,Male,3103,0,30,United-States,>50K,45_54,under_35
41,Private,154668,Some-college,10,Married-civ-spouse,Prof-specialty,Husband,White,Male,0,0,40,United-States,<=50K,35_44,35_40
35,Private,178322,Bachelors,13,Married-civ-spouse,Sales,Husband,White,Male,0,0,40,United-States,>50K,35_44,35_40
26,Private,250066,Assoc-voc,11,Never-married,Other-service,Not-in-family,White,Female,0,0,40,United-States,<=50K,25_34,35_40
34,Private,134737,Bachelors,13,Never-married,Sales,Own-child,White,Male,0,0,40,United-States,>50K,25_34,35_40
30,Private,159442,HS-grad,9,Never-married,Other-service,Not-in-family,White,Female,0,0,40,Ireland,<=50K,25_34,35_40
24,State-gov,61737,Bachelors,13,Never-married,Prof-specialty,Not-in-family,White,Male,0,0,40,United-States,<=50K,under_25,35_40
28,Private,189257,9th,5,Never-married,Handlers-cleaners,Own-child,Black,Female,0,0,24,United-States,<=50K,25_34,under_35
38,Private,169104,Masters,14,Married-civ-spouse,Exec-managerial,Husband,White,Male,0,0,60,United-States,>50K,35_44,50_plus
62,Private,238913,Some-college,10,Married-civ-spouse,Tech-support,Husband,White,Male,2829,0,24,United-States,<=50K,55_plus,under_35
19,Private,249787,HS-grad,9,Never-married,Other-service,Other-relative,Black,Male,0,0,40,United-States,<=50K,under_25,35_40
36,Private,33983,Assoc-voc,11,Never-married,Adm-clerical,Not-in-family,White,Male,0,0,42,United-States,>50K,35_44,41_49
23,Private,306601,Bachelors,13,Never-married,Craft-repair,Not-in-family,Amer-Indian-Eskimo,Male,0,0,40,Mexico,<=50K,under_25,35_40
65,Self-emp-inc,172684,Bachelors,13,Married-civ-spouse,Exec-managerial,Husband,White,Male,0,0,44,Mexico,>50K,55_plus,41_49
54,Private,28518,HS-grad,9,Married-civ-spouse,Sales,Husband,White,Male,0,0,50,United-States,>50K,45_54,50_plus
23,Private,120773,HS-grad,9,Never-married,Adm-clerical,Not-in-family,White,Female,0,0,40,United-States,<=50K,under_25,35_40
73,,243030,Bachelors,13,Married-civ-spouse,,Husband,White,Male,0,0,30,United-States,<=50K,55_plus,under_35
30,Private,277314,HS-grad,9,Separated,Machine-op-inspct,Not-in-family,Black,Male,0,0,40,United-States,<=50K,25_34,35_40
49,Private,39986,9th,5,Married-civ-spouse,Craft-repair,Husband,White,Male,0,0,40,United-States,<=50K,45_54,35_40
44,Private,282062,7th-8th,4,Married-civ-spouse,Craft-repair,Husband,White,Male,0,0,40,United-States,<=50K,35_44,35_40
18,Private,200603,HS-grad,9,Never-married,Adm-clerical,Other-relative,White,Female,0,0,30,United-States,<=50K,under_25,under_35
24,Private,162282,HS-grad,9,Never-married,Craft-repair,Not-in-family,White,Male,0,0,40,United-States,<=50K,under_25,35_40
19,Private,225294,HS-grad,9,Never-married,Other-service,Own-child,Black,Female,0,0,40,United-States,<=50K,under_25,35_40
28,Private,286452,10th,6,Never-married,Machine-op-inspct,Unmarried,White,Female,0,0,40,United-States,<=50K,25_34,35_40
48,Federal-gov,483261,Some-college,10,Never-married,Adm-clerical,Not-in-family,Black,Male,0,0,40,United-States,<=50K,45_54,35_40
67,Private,105216,Some-college,10,Widowed,Prof-specialty,Not-in-family,White,Female,0,0,16,United-States,<=50K,55_plus,under_35
45,Private,101452,Masters,14,Married-civ-spouse,Exec-managerial,Husband,White,Male,15024,0,60,England,>50K,45_54,50_plus
26,Private,165510,HS-grad,9,Divorced,Craft-repair,Unmarried,White,Male,0,0,40,United-States,<=50K,25_34,35_40
40,Private,239708,HS-grad,9,Divorced,Craft-repair,Not-in-family,White,Male,0,0,50,United-States,<=50K,35_44,50_plus
32,Private,230420,HS-grad,9,Never-married,Machine-op-inspct,Not-in-family,White,Male,0,0,45,United-States,<=50K,25_34,41_49
18,,128538,HS-grad,9,Never-married,,Own-child,White,Female,0,0,20,United-States,<=50K,under_25,under_35
42,Private,350387,HS-grad,9,Separated,Machine-op-inspct,Not-in-family,White,Male,0,0,15,United-States,<=50K,35_44,under_35
17,Private,142912,10th,6,Never-married,Other-service,Own-child,White,Male,0,0,40,United-States,<=50K,under_25,35_40
36,Private,149833,HS-grad,9,Married-civ-spouse,Exec-managerial,Wife,White,Female,0,0,40,United-States,<=50K,35_44,35_40
24,Private,283757,Bachelors,13,Never-married,Adm-clerical,Own-child,White,Male,0,0,39,United-States,<=50K,under_25,35_40
36,Private,162302,Some-college,10,Never-married,Adm-clerical,Not-in-family,White,Female,0,0,35,United-States,<=50K,35_44,35_40
37,Private,241174,Bachelors,13,Married-civ-spouse,Prof-specialty,Husband,White,Male,0,0,99,United-States,>50K,35_44,50_plus
30,Self-emp-inc,173858,Some-college,10,Married-civ-spouse,Exec-managerial,Husband,Asian-Pac-Islander,Male,0,1902,40,South,>50K,25_34,35_40
20,Private,113511,11th,7,Never-married,Transport-moving,Own-child,White,Male,0,0,40,United-States,<=50K,under_25,35_40
41,Private,352812,Some-college,10,Married-civ-spouse,Exec-managerial,Wife,White,Female,0,1902,40,United-States,>50K,35_44,35_40
61,Private,423297,Doctorate,16,Married-civ-spouse,Prof-specialty,Husband,White,Male,0,0,40,United-States,>50K,55_plus,35_40
35,Private,340018,10th,6,Never-married,Other-service,Unmarried,Black,Female,0,0,38,United-States,<=50K,35_44,35_40
23,Private,238092,Bachelors,13,Never-married,Prof-specialty,Own-child,White,Male,0,0,40,United-States,<=50K,under_25,35_40
20,Private,228686,11th,7,Married-civ-spouse,Other-service,Husband,White,Male,0,0,40,United-States,<=50K,under_25,35_40
45,Self-emp-not-inc,298130,HS-grad,9,Married-civ-spouse,Exec-managerial,Husband,White,Male,0,0,25,United-States,<=50K,45_54,under_35
26,Private,135645,Bachelors,13,Never-married,Sales,Not-in-family,White,Male,0,0,40,United-States,<=50K,25_34,35_40
21,Private,129674,Some-college,10,Never-married,Exec-managerial,Not-in-family,Black,Male,0,0,48,Mexico,<=50K,under_25,41_49
53,Self-emp-inc,148532,Bachelors,13,Married-civ-spouse,Sales,Husband,White,Male,0,0,60,United-States,>50K,45_54,50_plus
74,Private,91488,1st-4th,2,Married-civ-spouse,Transport-moving,Husband,Black,Male,0,0,20,United-States,<=50K,55_plus,under_35
61,,116230,Bachelors,13,Married-civ-spouse,,Husband,White,Male,0,0,40,United-States,>50K,55_plus,35_40
22,Local-gov,211129,Assoc-voc,11,Never-married,Adm-clerical,Own-child,White,Female,0,0,10,,<=50K,under_25,under_35
41,Private,208470,HS-grad,9,Married-civ-spouse,Exec-managerial,Husband,White,Male,0,0,40,United-States,>50K,35_44,35_40
42,State-gov,83411,HS-grad,9,Married-civ-spouse,Exec-managerial,Husband,White,Male,0,0,40,United-States,>50K,35_44,35_40
59,Self-emp-not-inc,73411,Prof-school,15,Married-civ-spouse,Farming-fishing,Husband,White,Male,0,0,30,United-States,<=50K,55_plus,under_35
35,Private,320451,Masters,14,Married-civ-spouse,Exec-managerial,Husband,Asian-Pac-Islander,Male,0,0,65,Hong,>50K,35_44,50_plus
29,Private,58115,Bachelors,13,Married-civ-spouse,Sales,Husband,White,Male,0,0,41,United-States,<=50K,25_34,41_49
28,Private,219267,HS-grad,9,Never-married,Other-service,Unmarried,White,Female,0,0,28,United-States,<=50K,25_34,under_35
39,Federal-gov,129573,Some-college,10,Married-civ-spouse,Adm-clerical,Husband,White,Male,0,0,50,United-States,<=50K,35_44,50_plus
38,Private,40955,Bachelors,13,Married-civ-spouse,Prof-specialty,Husband,White,Male,0,0,40,England,>50K,35_44,35_40
66,Private,141085,HS-grad,9,Widowed,Priv-house-serv,Not-in-family,White,Female,0,0,8,United-States,<=50K,55_plus,under_35
39,Private,231141,HS-grad,9,Married-civ-spouse,Machine-op-inspct,Husband,White,Male,2829,0,40,United-States,<=50K,35_44,35_40
27,Private,242207,Bachelors,13,Never-married,Tech-support,Own-child,White,Female,0,0,40,United-States,<=50K,25_34,35_40
44,Local-gov,101689,Some-college,10,Divorced,Adm-clerical,Unmarried,White,Female,0,0,40,United-States,<=50K,35_44,35_40
30,Private,342709,HS-grad,9,Married-spouse-absent,Craft-repair,Other-relative,White,Male,0,0,40,United-States,<=50K,25_34,35_40
46,Self-emp-not-inc,368561,Assoc-acdm,12,Divorced,Craft-repair,Not-in-family,White,Male,0,0,40,United-States,<=50K,45_54,35_40
39,Self-emp-inc,116358,Bachelors,13,Married-civ-spouse,Sales,Husband,Asian-Pac-Islander,Male,7688,0,40,,>50K,35_44,35_40
28,Private,217200,HS-grad,9,Never-married,Machine-op-inspct,Not-in-family,White,Male,0,0,50,United-States,<=50K,25_34,50_plus
56,Private,35520,HS-grad,9,Divorced,Craft-repair,Not-in-family,White,Male,0,0,42,United-States,<=50K,55_plus,41_49
36,Private,369843,HS-grad,9,Married-civ-spouse,Other-service,Husband,White,Male,0,0,50,United-States,<=50K,35_44,50_plus
50,Private,248619,HS-grad,9,Married-civ-spouse,Craft-repair,Husband,White,Male,0,0,40,United-States,<=50K,45_54,35_40
23,Private,51985,HS-grad,9,Never-married,Transport-moving,Not-in-family,White,Male,0,0,38,United-States,<=50K,under_25,35_40
31,Private,181091,Bachelors,13,Married-civ-spouse,Sales,Husband,White,Male,0,0,40,United-States,>50K,25_34,35_40
53,State-gov,123011,Masters,14,Married-civ-spouse,Exec-managerial,Husband,White,Male,0,0,60,United-States,>50K,45_54,50_plus
35,Private,210945,HS-grad,9,Married-civ-spouse,Handlers-cleaners,Husband,White,Male,0,0,50,United-States,<=50K,35_44,50_plus
26,Private,248990,HS-grad,9,Married-civ-spouse,Craft-repair,Husband,White,Male,0,0,40,Mexico,<=50K,25_34,35_40
29,Private,94892,Some-college,10,Married-civ-spouse,Prof-specialty,Husband,White,Male,0,0,40,United-States,<=50K,25_34,35_40
53,State-gov,281074,HS-grad,9,Divorced,Exec-managerial,Not-in-family,White,Male,0,1092,40,United-States,<=50K,45_54,35_40
37,Private,167482,10th,6,Never-married,Craft-repair,Own-child,White,Male,0,0,35,United-States,<=50K,35_44,35_40
47,Private,370119,Prof-school,15,Married-civ-spouse,Prof-specialty,Husband,White,Male,0,0,50,United-States,>50K,45_54,50_plus
21,Private,211013,9th,5,Never-married,Other-service,Own-child,White,Female,0,0,50,Mexico,<=50K,under_25,50_plus
19,Private,356272,Some-college,10,Never-married,Adm-clerical,Not-in-family,White,Female,0,0,25,United-States,<=50K,under_25,under_35
24,Private,224716,HS-grad,9,Never-married,Craft-repair,Own-child,White,Male,0,0,40,United-States,<=50K,under_25,35_40
32,Federal-gov,42900,Prof-school,15,Married-civ-spouse,Prof-specialty,Husband,White,Male,15024,0,50,United-States,>50K,25_34,50_plus
24,Private,169532,Assoc-acdm,12,Never-married,Adm-clerical,Own-child,White,Female,0,0,15,United-States,<=50K,under_25,under_35
29,Private,150861,HS-grad,9,Never-married,Adm-clerical,Not-in-family,White,Female,0,0,40,United-States,<=50K,25_34,35_40
18,Private,294253,HS-grad,9,Never-married,Other-service,Own-child,White,Female,0,0,27,United-States,<=50K,under_25,under_35
17,Private,73338,11th,7,Never-married,Sales,Own-child,White,Male,0,0,20,United-States,<=50K,under_25,under_35
27,Private,68037,Some-college,10,Never-married,Exec-managerial,Not-in-family,White,Male,0,0,45,United-States,<=50K,25_34,41_49
26,Federal-gov,85482,HS-grad,9,Never-married,Adm-clerical,Not-in-family,Asian-Pac-Islander,Male,0,0,40,United-States,<=50K,25_34,35_40
49,State-gov,194895,Bachelors,13,Divorced,Prof-specialty,Not-in-family,White,Male,0,0,40,United-States,<=50K,45_54,35_40
23,Private,193586,Some-college,10,Never-married,Adm-clerical,Own-child,White,Female,0,0,25,United-States,<=50K,under_25,under_35
54,Private,227832,Some-college,10,Married-civ-spouse,Adm-clerical,Husband,White,Male,0,0,40,United-States,<=50K,45_54,35_40
23,Private,201680,12th,8,Married-civ-spouse,Craft-repair,Husband,White,Male,0,0,40,United-States,<=50K,under_25,35_40
32,Private,119124,Bachelors,13,Never-married,Prof-specialty,Own-child,White,Male,0,0,40,United-States,<=50K,25_34,35_40
41,Private,277488,7th-8th,4,Married-civ-spouse,Farming-fishing,Husband,White,Male,0,0,36,United-States,<=50K,35_44,35_40
32,Local-gov,190889,Masters,14,Never-married,Prof-specialty,Not-in-family,Other,Female,0,0,40,,<=50K,25_34,35_40
49,Local-gov,31339,HS-grad,9,Married-civ-spouse,Craft-repair,Husband,White,Male,0,0,40,United-States,<=50K,45_54,35_40
47,Private,306183,Some-college,10,Divorced,Other-service,Own-child,White,Female,0,0,44,United-States,<=50K,45_54,41_49
28,Private,69847,Bachelors,13,Never-married,Adm-clerical,Own-child,Asian-Pac-Islander,Female,0,0,30,United-States,<=50K,25_34,under_35
32,Private,164507,HS-grad,9,Never-married,Handlers-cleaners,Not-in-family,White,Male,0,0,40,Columbia,<=50K,25_34,35_40
22,Private,112130,HS-grad,9,Never-married,Other-service,Not-in-family,Black,Female,0,0,40,United-States,<=50K,under_25,35_40
57,Private,308861,Some-college,10,Separated,Sales,Not-in-family,White,Female,0,0,40,United-States,<=50K,55_plus,35_40
38,Self-emp-not-inc,93206,Bachelors,13,Married-civ-spouse,Exec-managerial,Husband,Asian-Pac-Islander,Male,0,1902,65,United-States,>50K,35_44,50_plus
35,Private,170092,HS-grad,9,Married-spouse-absent,Other-service,Unmarried,Black,Female,0,0,20,United-States,<=50K,35_44,under_35
37,Private,99151,HS-grad,9,Married-civ-spouse,Adm-clerical,Wife,White,Female,0,0,40,United-States,>50K,35_44,35_40
28,Private,177119,Masters,14,Never-married,Exec-managerial,Not-in-family,White,Female,0,0,80,,<=50K,25_34,50_plus
28,Self-emp-inc,32922,Assoc-voc,11,Never-married,Sales,Not-in-family,White,Male,0,0,60,United-States,<=50K,25_34,50_plus
59,Private,236731,7th-8th,4,Married-civ-spouse,Protective-serv,Husband,White,Male,0,0,40,Puerto-Rico,<=50K,55_plus,35_40
19,Private,301747,HS-grad,9,Separated,Adm-clerical,Own-child,White,Female,0,0,30,United-States,<=50K,under_25,under_35
30,Private,340917,HS-grad,9,Never-married,Craft-repair,Not-in-family,White,Male,0,0,40,United-States,<=50K,25_34,35_40
35,Private,107125,Bachelors,13,Married-civ-spouse,Prof-specialty,Husband,White,Male,0,0,16,United-States,>50K,35_44,under_35
41,State-gov,293485,Some-college,10,Married-civ-spouse,Adm-clerical,Wife,White,Female,3103,0,40,United-States,>50K,35_44,35_40
58,Private,212864,HS-grad,9,Divorced,Handlers-cleaners,Not-in-family,White,Male,0,0,40,United-States,<=50K,55_plus,35_40
39,Private,30673,Some-college,10,Divorced,Handlers-cleaners,Not-in-family,White,Male,0,0,50,United-States,>50K,35_44,50_plus
69,,248248,1st-4th,2,Married-civ-spouse,,Husband,Asian-Pac-Islander,Male,0,0,34,Philippines,<=50K,55_plus,under_35
28,Private,410351,Some-college,10,Married-civ-spouse,Farming-fishing,Husband,White,Male,0,0,40,United-States,<=50K,25_34,35_40
34,Private,241885,HS-grad,9,Married-civ-spouse,Transport-moving,Husband,White,Male,0,0,45,United-States,<=50K,25_34,41_49
47,Private,344916,Assoc-acdm,12,Divorced,Transport-moving,Not-in-family,Black,Male,0,0,40,United-States,<=50K,45_54,35_40
34,Private,188736,HS-grad,9,Married-civ-spouse,Machine-op-inspct,Other-relative,Other,Female,0,0,20,Columbia,<=50K,25_34,under_35
19,,134974,Some-college,10,Never-married,,Own-child,White,Female,0,0,20,United-States,<=50K,under_25,under_35
41,Private,152742,Assoc-voc,11,Divorced,Tech-support,Not-in-family,White,Female,3325,0,40,United-States,<=50K,35_44,35_40
40,Private,353432,10th,6,Divorced,Machine-op-inspct,Not-in-family,White,Female,0,0,35,United-States,<=50K,35_44,35_40
34,Private,123084,11th,7,Married-civ-spouse,Machine-op-inspct,Own-child,White,Female,0,0,40,United-States,<=50K,25_34,35_40
62,Federal-gov,177295,HS-grad,9,Widowed,Adm-clerical,Unmarried,White,Female,0,0,40,United-States,<=50K,55_plus,35_40
19,,119234,Some-college,10,Never-married,,Other-relative,White,Female,0,0,15,United-States,<=50K,under_25,under_35
34,Private,135785,Bachelors,13,Never-married,Prof-specialty,Not-in-family,White,Female,0,0,36,United-States,<=50K,25_34,35_40
33,Private,251521,11th,7,Never-married,Adm-clerical,Not-in-family,White,Female,0,0,35,United-States,<=50K,25_34,35_40
39,Private,255503,Bachelors,13,Never-married,Exec-managerial,Not-in-family,White,Male,0,0,40,United-States,>50K,35_44,35_40
36,Private,116608,HS-grad,9,Never-married,Adm-clerical,Not-in-family,White,Female,4865,0,40,United-States,<=50K,35_44,35_40
47,Private,101684,HS-grad,9,Married-civ-spouse,Craft-repair,Husband,White,Male,0,0,40,United-States,<=50K,45_54,35_40
41,Local-gov,190786,Bachelors,13,Divorced,Prof-specialty,Not-in-family,White,Male,0,0,20,United-States,<=50K,35_44,under_35
25,Private,194897,HS-grad,9,Never-married,Sales,Own-child,Amer-Indian-Eskimo,Male,6849,0,40,United-States,<=50K,25_34,35_40
19,Private,178147,Some-college,10,Never-married,Handlers-cleaners,Own-child,White,Male,0,0,10,United-States,<=50K,under_25,under_35
31,Private,332379,HS-grad,9,Never-married,Machine-op-inspct,Not-in-family,White,Male,0,0,40,United-States,<=50K,25_34,35_40
52,Private,185283,Masters,14,Never-married,Prof-specialty,Not-in-family,White,Male,0,0,40,United-States,<=50K,45_54,35_40
45,Private,199058,Bachelors,13,Married-civ-spouse,Exec-managerial,Husband,White,Male,0,0,48,,<=50K,45_54,41_49
18,Private,145005,Some-college,10,Never-married,Other-service,Own-child,White,Male,0,0,20,United-States,<=50K,under_25,under_35
29,Private,206250,HS-grad,9,Married-civ-spouse,Craft-repair,Husband,White,Male,0,0,45,United-States,<=50K,25_34,41_49
39,Self-emp-not-inc,160120,Doctorate,16,Divorced,Adm-clerical,Other-relative,Other,Male,0,0,40,,<=50K,35_44,35_40
36,Self-emp-not-inc,408427,Prof-school,15,Married-civ-spouse,Prof-specialty,Husband,White,Male,0,0,60,United-States,>50K,35_44,50_plus
41,Private,205153,Assoc-voc,11,Married-civ-spouse,Exec-managerial,Husband,White,Male,0,0,40,United-States,<=50K,35_44,35_40
45,Private,162606,HS-grad,9,Divorced,Sales,Not-in-family,White,Female,0,0,35,United-States,<=50K,45_54,35_40
51,Self-emp-not-inc,176240,Assoc-acdm,12,Married-civ-spouse,Sales,Husband,White,Male,0,0,40,United-States,>50K,45_54,35_40
50,Private,283676,Some-college,10,Married-civ-spouse,Craft-repair,Husband,White,Male,0,0,40,United-States,>50K,45_54,35_40
34,Local-gov,105540,Bachelors,13,Married-civ-spouse,Prof-specialty,Husband,White,Male,0,2051,40,United-States,<=50K,25_34,35_40
37,Private,177974,Some-college,10,Married-civ-spouse,Machine-op-inspct,Husband,White,Male,0,0,70,United-States,<=50K,35_44,50_plus
34,,177304,10th,6,Divorced,,Not-in-family,White,Male,0,0,40,Columbia,<=50K,25_34,35_40
34,Private,55176,Some-college,10,Married-civ-spouse,Tech-support,Husband,White,Male,0,0,40,United-States,>50K,25_34,35_40
27,Private,169117,HS-grad,9,Married-civ-spouse,Adm-clerical,Wife,Black,Female,0,1887,40,United-States,>50K,25_34,35_40
25,Private,109609,Some-college,10,Never-married,Other-service,Not-in-family,White,Male,0,0,25,United-States,<=50K,25_34,under_35
28,Private,124680,Bachelors,13,Never-married,Exec-managerial,Not-in-family,White,Female,6849,0,60,United-States,<=50K,25_34,50_plus
46,Private,190115,Some-college,10,Married-civ-spouse,Sales,Husband,White,Male,0,1887,40,United-States,>50K,45_54,35_40
39,Private,123945,HS-grad,9,Married-civ-spouse,Adm-clerical,Wife,White,Female,0,0,40,United-States,>50K,35_44,35_40
38,Self-emp-not-inc,37778,HS-grad,9,Never-married,Farming-fishing,Not-in-family,White,Male,0,0,60,United-States,<=50K,35_44,50_plus
40,Private,93955,Some-college,10,Married-civ-spouse,Prof-specialty,Wife,White,Female,0,0,40,United-States,<=50K,35_44,35_40
53,Private,346754,Some-college,10,Married-civ-spouse,Exec-managerial,Wife,White,Female,0,0,40,United-States,>50K,45_54,35_40
43,Private,188436,Assoc-voc,11,Divorced,Prof-specialty,Not-in-family,White,Male,0,0,48,United-States,<=50K,35_44,41_49
22,,214238,7th-8th,4,Never-married,,Unmarried,White,Female,0,0,40,Mexico,<=50K,under_25,35_40
45,Private,199832,Bachelors,13,Married-civ-spouse,Adm-clerical,Husband,White,Male,0,0,15,United-States,<=50K,45_54,under_35
61,Private,122246,12th,8,Married-civ-spouse,Other-service,Wife,White,Female,0,0,40,United-States,<=50K,55_plus,35_40
28,Private,278736,5th-6th,3,Married-civ-spouse,Machine-op-inspct,Husband,White,Male,0,0,40,Mexico,<=50K,25_34,35_40
25,Private,188507,7th-8th,4,Never-married,Machine-op-inspct,Other-relative,White,Female,0,0,40,Dominican-Republic,<=50K,25_34,35_40
49,Private,199058,HS-grad,9,Married-civ-spouse,Adm-clerical,Husband,White,Male,0,0,38,United-States,<=50K,45_54,35_40
38,Private,48093,HS-grad,9,Married-civ-spouse,Handlers-cleaners,Husband,White,Male,0,0,40,United-States,<=50K,35_44,35_40
50,Private,143664,Bachelors,13,Never-married,Exec-managerial,Not-in-family,White,Male,0,0,40,United-States,<=50K,45_54,35_40
55,Private,28735,HS-grad,9,Divorced,Adm-clerical,Unmarried,Amer-Indian-Eskimo,Female,0,0,45,United-States,<=50K,55_plus,41_49
44,Private,153489,HS-grad,9,Never-married,Other-service,Unmarried,White,Male,0,0,40,United-States,<=50K,35_44,35_40
31,Private,118149,Some-college,10,Never-married,Exec-managerial,Not-in-family,Black,Female,0,0,40,United-States,<=50K,25_34,35_40
43,Private,50646,HS-grad,9,Married-civ-spouse,Craft-repair,Husband,White,Male,0,0,70,United-States,<=50K,35_44,50_plus
26,Private,485117,Assoc-acdm,12,Never-married,Craft-repair,Not-in-family,White,Male,0,0,40,United-States,<=50K,25_34,35_40
36,State-gov,210830,Masters,14,Never-married,Prof-specialty,Own-child,White,Female,0,0,30,United-States,<=50K,35_44,under_35
50,Private,113290,HS-grad,9,Married-civ-spouse,Sales,Wife,White,Female,0,0,15,United-States,<=50K,45_54,under_35
25,Private,278404,Bachelors,13,Never-married,Prof-specialty,Not-in-family,White,Male,0,0,40,United-States,<=50K,25_34,35_40
54,Self-emp-not-inc,83311,Prof-school,15,Married-civ-spouse,Prof-specialty,Husband,White,Male,0,0,30,United-States,>50K,45_54,under_35
31,Self-emp-not-inc,156890,7th-8th,4,Married-civ-spouse,Craft-repair,Husband,White,Male,0,0,40,United-States,<=50K,25_34,35_40
24,Private,310380,Some-college,10,Married-spouse-absent,Adm-clerical,Own-child,Black,Female,0,0,45,United-States,<=50K,under_25,41_49
35,Private,172186,Some-college,10,Never-married,Craft-repair,Own-child,White,Male,0,0,40,United-States,<=50K,35_44,35_40
22,Self-emp-not-inc,357612,HS-grad,9,Married-civ-spouse,Craft-repair,Husband,White,Male,0,0,60,United-States,<=50K,under_25,50_plus
23,Private,82777,HS-grad,9,Married-civ-spouse,Exec-managerial,Husband,White,Male,0,0,30,United-States,<=50K,under_25,under_35
25,Private,212522,HS-grad,9,Never-married,Craft-repair,Other-relative,White,Male,0,0,40,United-States,<=50K,25_34,35_40
46,Private,225065,Preschool,1,Married-civ-spouse,Machine-op-inspct,Wife,White,Female,0,0,40,Mexico,<=50K,45_54,35_40
24,Private,228772,5th-6th,3,Never-married,Machine-op-inspct,Other-relative,White,Female,0,0,40,Mexico,<=50K,under_25,35_40
35,Private,29874,Some-college,10,Married-civ-spouse,Handlers-cleaners,Husband,White,Male,0,0,40,United-States,<=50K,35_44,35_40
44,Private,192381,Bachelors,13,Married-civ-spouse,Prof-specialty,Husband,White,Male,0,1848,40,United-States,>50K,35_44,35_40
34,Private,182401,Assoc-acdm,12,Divorced,Adm-clerical,Not-in-family,Black,Male,0,0,40,United-States,<=50K,25_34,35_40
66,Private,234743,Some-college,10,Married-civ-spouse,Exec-managerial,Husband,White,Male,0,0,50,United-States,<=50K,55_plus,50_plus
30,Private,145231,Assoc-acdm,12,Divorced,Adm-clerical,Own-child,White,Female,0,1762,40,United-States,<=50K,25_34,35_40
53,Private,177647,Bachelors,13,Divorced,Exec-managerial,Unmarried,White,Male,0,0,40,United-States,<=50K,45_54,35_40
34,Private,251421,HS-grad,9,Married-civ-spouse,Craft-repair,Husband,White,Male,0,0,40,United-States,<=50K,25_34,35_40
33,Private,120201,HS-grad,9,Divorced,Adm-clerical,Own-child,Other,Female,0,0,65,United-States,<=50K,25_34,50_plus
59,Private,114678,HS-grad,9,Never-married,Craft-repair,Not-in-family,Black,Male,0,0,60,United-States,<=50K,55_plus,50_plus
48,Self-emp-not-inc,162236,Masters,14,Widowed,Exec-managerial,Unmarried,White,Female,0,0,40,,>50K,45_54,35_40
35,Private,283305,Bachelors,13,Never-married,Exec-managerial,Not-in-family,White,Female,0,0,40,United-States,<=50K,35_44,35_40
34,Self-emp-inc,114733,Assoc-acdm,12,Married-civ-spouse,Adm-clerical,Wife,White,Female,0,0,36,United-States,<=50K,25_34,35_40
18,,195981,HS-grad,9,Widowed,,Own-child,White,Male,0,0,40,United-States,<=50K,under_25,35_40
41,Private,156566,Some-college,10,Married-civ-spouse,Craft-repair,Husband,White,Male,0,0,40,United-States,>50K,35_44,35_40
45,Self-emp-inc,151584,Prof-school,15,Married-civ-spouse,Prof-specialty,Husband,White,Male,0,0,35,United-States,>50K,45_54,35_40
47,Self-emp-inc,201699,Assoc-acdm,12,Married-civ-spouse,Exec-managerial,Husband,White,Male,0,0,50,United-States,>50K,45_54,50_plus
42,Self-emp-not-inc,162758,Some-college,10,Married-civ-spouse,Handlers-cleaners,Husband,White,Male,0,0,56,United-States,>50K,35_44,50_plus
50,Self-emp-inc,123429,Bachelors,13,Married-civ-spouse,Prof-specialty,Husband,White,Male,0,0,45,Italy,>50K,45_54,41_49
42,Private,143046,HS-grad,9,Never-married,Other-service,Own-child,White,Female,0,0,40,United-States,<=50K,35_44,35_40
41,Private,183850,HS-grad,9,Divorced,Sales,Not-in-family,White,Male,0,0,50,United-States,<=50K,35_44,50_plus
31,Private,198452,Bachelors,13,Never-married,Adm-clerical,Own-child,White,Female,0,0,40,United-States,<=50K,25_34,35_40
41,Self-emp-inc,495061,Doctorate,16,Married-civ-spouse,Prof-specialty,Husband,White,Male,99999,0,70,United-States,>50K,35_44,50_plus
51,Private,74784,Bachelors,13,Divorced,Sales,Not-in-family,White,Female,0,0,60,United-States,<=50K,45_54,50_plus
38,,338212,Some-college,10,Married-civ-spouse,,Wife,White,Female,0,0,20,United-States,<=50K,35_44,under_35
42,Private,384236,Masters,14,Married-civ-spouse,Prof-specialty,Husband,White,Male,7688,0,40,United-States,>50K,35_44,35_40
26,Local-gov,80485,Bachelors,13,Never-married,Prof-specialty,Not-in-family,White,Female,0,0,38,United-States,<=50K,25_34,35_40
38,Private,383239,10th,6,Married-civ-spouse,Craft-repair,Husband,White,Male,3103,0,40,United-States,>50K,35_44,35_40
28,Private,70034,Bachelors,13,Married-civ-spouse,Sales,Husband,White,Male,0,0,45,United-States,>50K,25_34,41_49
22,Private,204935,HS-grad,9,Never-married,Machine-op-inspct,Own-child,White,Male,0,0,40,United-States,<=50K,under_25,35_40
45,Private,168262,HS-grad,9,Married-civ-spouse,Machine-op-inspct,Husband,White,Male,0,1887,40,United-States,>50K,45_54,35_40
31,,85077,Bachelors,13,Married-civ-spouse,,Wife,White,Female,0,1902,20,United-States,>50K,25_34,under_35
26,Private,343506,HS-grad,9,Never-married,Other-service,Own-child,Black,Female,0,0,40,United-States,<=50K,25_34,35_40
23,,381741,Assoc-acdm,12,Never-married,,Own-child,White,Male,0,1721,20,United-States,<=50K,under_25,under_35
26,Private,101027,HS-grad,9,Married-civ-spouse,Sales,Husband,White,Male,0,0,48,United-States,<=50K,25_34,41_49
73,,84390,Assoc-voc,11,Married-spouse-absent,,Not-in-family,White,Female,0,0,32,United-States,<=50K,55_plus,under_35
47,Private,72880,Masters,14,Never-married,Prof-specialty,Not-in-family,White,Female,0,0,40,United-States,<=50K,45_54,35_40
17,Private,108909,HS-grad,9,Never-married,Sales,Own-child,White,Female,0,0,20,United-States,<=50K,under_25,under_35
23,Private,434894,HS-grad,9,Married-civ-spouse,Handlers-cleaners,Husband,Black,Male,0,0,40,United-States,<=50K,under_25,35_40
35,Private,379959,HS-grad,9,Divorced,Other-service,Not-in-family,White,Female,0,0,40,United-States,<=50K,35_44,35_40
32,Private,95885,11th,7,Never-married,Craft-repair,Not-in-family,Amer-Indian-Eskimo,Male,13550,0,60,United-States,>50K,25_34,50_plus
40,Private,32627,Masters,14,Married-civ-spouse,Prof-specialty,Husband,White,Male,0,0,60,United-States,<=50K,35_44,50_plus
35,Private,81259,Bachelors,13,Never-married,Adm-clerical,Not-in-family,White,Female,0,0,43,United-States,<=50K,35_44,41_49
69,Private,312653,Some-college,10,Married-civ-spouse,Sales,Husband,White,Male,0,0,25,United-States,<=50K,55_plus,under_35
37,Private,245053,Some-college,10,Divorced,Handlers-cleaners,Own-child,White,Male,0,1504,40,United-States,<=50K,35_44,35_40
25,Private,126133,Some-college,10,Never-married,Other-service,Own-child,White,Female,0,0,40,United-States,<=50K,25_34,35_40
29,Private,274969,HS-grad,9,Never-married,Craft-repair,Unmarried,White,Female,0,0,42,United-States,<=50K,25_34,41_49
20,Private,210338,Some-college,10,Never-married,Other-service,Own-child,White,Female,0,0,15,United-States,<=50K,under_25,under_35
17,Private,270587,11th,7,Never-married,Other-service,Own-child,White,Male,0,0,20,England,<=50K,under_25,under_35
52,Private,137428,HS-grad,9,Divorced,Transport-moving,Not-in-family,White,Male,0,0,45,United-States,<=50K,45_54,41_49
32,Private,286689,Assoc-acdm,12,Married-civ-spouse,Tech-support,Husband,White,Male,0,0,42,United-States,>50K,25_34,41_49
39,Private,129150,Bachelors,13,Married-civ-spouse,Tech-support,Husband,White,Male,0,0,50,United-States,>50K,35_44,50_plus
26,Private,188626,HS-grad,9,Married-civ-spouse,Craft-repair,Husband,White,Male,0,0,48,United-States,<=50K,25_34,41_49
18,Private,220836,11th,7,Never-married,Other-service,Not-in-family,White,Female,0,0,20,United-States,<=50K,under_25,under_35
25,Private,29020,Assoc-acdm,12,Divorced,Adm-clerical,Not-in-family,Black,Female,0,0,45,United-States,<=50K,25_34,41_49
44,,136419,10th,6,Married-civ-spouse,,Husband,White,Male,0,0,40,United-States,<=50K,35_44,35_40
71,Private,217971,9th,5,Widowed,Sales,Unmarried,White,Female,0,0,13,United-States,<=50K,55_plus,under_35
75,,248833,HS-grad,9,Married-AF-spouse,,Wife,White,Female,2653,0,14,United-States,<=50K,55_plus,under_35
34,Private,376979,9th,5,Never-married,Craft-repair,Not-in-family,White,Male,0,0,40,United-States,<=50K,25_34,35_40
64,Private,192596,HS-grad,9,Widowed,Adm-clerical,Not-in-family,White,Female,0,0,30,United-States,<=50K,55_plus,under_35
32,Private,216145,Some-college,10,Never-married,Craft-repair,Not-in-family,White,Male,4650,0,45,United-States,<=50K,25_34,41_49
18,Private,252993,12th,8,Never-married,Handlers-cleaners,Own-child,White,Male,0,0,40,Columbia,<=50K,under_25,35_40
29,Private,320451,HS-grad,9,Never-married,Protective-serv,Not-in-family,Asian-Pac-Islander,Male,0,0,40,Philippines,<=50K,25_34,35_40
46,Private,173243,HS-grad,9,Married-civ-spouse,Craft-repair,Husband,White,Male,0,0,40,United-States,<=50K,45_54,35_40
61,Self-emp-inc,139391,Some-college,10,Married-civ-spouse,Sales,Husband,White,Male,0,1902,35,United-States,>50K,55_plus,35_40
38,Private,203761,Assoc-voc,11,Never-married,Tech-support,Not-in-family,White,Female,2354,0,40,United-States,<=50K,35_44,35_40
40,Private,84136,HS-grad,9,Married-civ-spouse,Craft-repair,Husband,White,Male,0,0,25,United-States,<=50K,35_44,under_35
34,State-gov,98995,Assoc-voc,11,Never-married,Prof-specialty,Not-in-family,White,Female,0,0,40,United-States,<=50K,25_34,35_40
50,Private,158948,7th-8th,4,Married-civ-spouse,Craft-repair,Husband,White,Male,3411,0,40,United-States,<=50K,45_54,35_40
21,Private,155818,HS-grad,9,Never-married,Other-service,Own-child,White,Female,0,0,20,United-States,<=50K,under_25,under_35
22,Private,308205,5th-6th,3,Never-married,Farming-fishing,Other-relative,White,Male,0,0,40,Mexico,<=50K,under_25,35_40
23,Private,209770,HS-grad,9,Never-married,Adm-clerical,Own-child,White,Female,0,0,40,United-States,<=50K,under_25,35_40
45,Private,204057,Bachelors,13,Divorced,Adm-clerical,Unmarried,White,Female,0,0,40,Germany,<=50K,45_54,35_40
44,Self-emp-not-inc,201742,Bachelors,13,Married-civ-spouse,Exec-managerial,Husband,White,Male,0,2415,50,United-States,>50K,35_44,50_plus
35,Private,209609,HS-grad,9,Married-civ-spouse,Transport-moving,Husband,White,Male,0,0,60,United-States,<=50K,35_44,50_plus
27,Private,202239,HS-grad,9,Married-civ-spouse,Handlers-cleaners,Husband,White,Male,0,0,40,United-States,<=50K,25_34,35_40
21,Private,244312,9th,5,Never-married,Craft-repair,Own-child,White,Male,0,0,30,El-Salvador,<=50K,under_25,under_35
33,Private,209317,9th,5,Never-married,Other-service,Not-in-family,White,Male,0,0,45,El-Salvador,<=50K,25_34,41_49
52,Self-emp-inc,74712,HS-grad,9,Married-civ-spouse,Sales,Husband,Asian-Pac-Islander,Male,0,0,40,United-States,>50K,45_54,35_40
44,Private,99651,Masters,14,Married-civ-spouse,Exec-managerial,Husband,White,Male,5178,0,40,United-States,>50K,35_44,35_40
30,Private,323054,10th,6,Divorced,Other-service,Not-in-family,Amer-Indian-Eskimo,Male,0,0,40,United-States,<=50K,25_34,35_40
44,Private,230684,HS-grad,9,Married-civ-spouse,Transport-moving,Husband,White,Male,0,0,45,United-States,<=50K,35_44,41_49
41,Private,170866,Bachelors,13,Married-civ-spouse,Exec-managerial,Husband,White,Male,0,0,50,United-States,>50K,35_44,50_plus
25,Private,352806,HS-grad,9,Divorced,Other-service,Not-in-family,White,Female,0,0,40,Mexico,<=50K,25_34,35_40
23,Private,173851,Some-college,10,Married-civ-spouse,Handlers-cleaners,Husband,White,Male,0,0,40,United-States,<=50K,under_25,35_40
33,Private,351810,Bachelors,13,Never-married,Prof-specialty,Not-in-family,White,Female,0,0,45,Mexico,<=50K,25_34,41_49
22,Local-gov,138575,HS-grad,9,Never-married,Protective-serv,Unmarried,White,Male,0,0,56,United-States,<=50K,under_25,50_plus
32,Private,44677,Bachelors,13,Never-married,Adm-clerical,Not-in-family,White,Male,0,0,40,United-States,<=50K,25_34,35_40
28,Private,67218,7th-8th,4,Married-civ-spouse,Sales,Other-relative,White,Male,0,0,40,United-States,<=50K,25_34,35_40
38,Self-emp-not-inc,43712,11th,7,Married-civ-spouse,Exec-managerial,Husband,White,Male,0,1887,45,United-States,>50K,35_44,41_49
21,Private,45607,Some-college,10,Never-married,Other-service,Own-child,White,Female,0,0,40,United-States,<=50K,under_25,35_40
41,Private,111483,HS-grad,9,Married-civ-spouse,Machine-op-inspct,Husband,White,Male,0,0,45,United-States,<=50K,35_44,41_49
36,Self-emp-not-inc,84848,HS-grad,9,Separated,Other-service,Not-in-family,White,Female,0,0,16,United-States,<=50K,35_44,under_35
25,Private,217006,11th,7,Married-civ-spouse,Machine-op-inspct,Husband,White,Male,0,0,40,United-States,<=50K,25_34,35_40
30,Private,75573,Bachelors,13,Never-married,Exec-managerial,Not-in-family,White,Female,0,0,45,Germany,<=50K,25_34,41_49
47,Private,102308,Masters,14,Married-civ-spouse,Exec-managerial,Husband,White,Male,99999,0,50,United-States,>50K,45_54,50_plus
32,Private,154120,HS-grad,9,Married-civ-spouse,Transport-moving,Husband,White,Male,7298,0,40,United-States,>50K,25_34,35_40
30,Private,103642,11th,7,Married-civ-spouse,Craft-repair,Husband,White,Male,0,0,40,United-States,<=50K,25_34,35_40
48,Private,141511,Masters,14,Married-civ-spouse,Exec-managerial,Husband,White,Male,0,0,40,United-States,>50K,45_54,35_40
20,Private,199011,Some-college,10,Never-married,Handlers-cleaners,Own-child,White,Male,0,0,12,United-States,<=50K,under_25,under_35
41,Local-gov,97064,Assoc-voc,11,Divorced,Adm-clerical,Unmarried,White,Female,0,0,44,United-States,<=50K,35_44,41_49
39,Private,141584,Masters,14,Never-married,Sales,Not-in-family,White,Male,0,2444,45,United-States,>50K,35_44,41_49
51,Private,441637,HS-grad,9,Married-civ-spouse,Tech-support,Husband,White,Male,0,0,40,United-States,<=50K,45_54,35_40
35,Private,63921,HS-grad,9,Married-civ-spouse,Machine-op-inspct,Husband,White,Male,0,0,40,United-States,<=50K,35_44,35_40
61,Private,85194,Some-college,10,Married-civ-spouse,Tech-support,Husband,White,Male,0,0,25,United-States,<=50K,55_plus,under_35
39,Private,117683,10th,6,Married-civ-spouse,Handlers-cleaners,Husband,White,Male,0,0,45,United-States,<=50K,35_44,41_49
51,Private,139347,HS-grad,9,Married-civ-spouse,Adm-clerical,Wife,White,Female,7688,0,40,United-States,>50K,45_54,35_40
34,State-gov,227931,Some-college,10,Divorced,Adm-clerical,Not-in-family,White,Female,0,0,38,United-States,<=50K,25_34,35_40
50,Local-gov,139296,11th,7,Never-married,Craft-repair,Unmarried,White,Male,0,0,40,United-States,<=50K,45_54,35_40
39,Private,188038,Some-college,10,Divorced,Handlers-cleaners,Not-in-family,White,Male,0,0,40,United-States,<=50K,35_44,35_40
17,Private,168203,7th-8th,4,Never-married,Farming-fishing,Other-relative,Other,Male,0,0,40,Mexico,<=50K,under_25,35_40
28,Private,190911,HS-grad,9,Married-civ-spouse,Craft-repair,Husband,White,Male,0,0,40,United-States,<=50K,25_34,35_40
55,State-gov,157639,Some-college,10,Married-civ-spouse,Protective-serv,Husband,White,Male,0,0,40,United-States,>50K,55_plus,35_40
43,Private,131899,Bachelors,13,Married-civ-spouse,Exec-managerial,Husband,White,Male,0,0,40,United-States,>50K,35_44,35_40
68,Private,223851,HS-grad,9,Married-civ-spouse,Adm-clerical,Husband,White,Male,0,0,24,United-States,<=50K,55_plus,under_35
28,Federal-gov,281860,Bachelors,13,Never-married,Prof-specialty,Not-in-family,White,Female,0,0,40,United-States,<=50K,25_34,35_40
34,Private,141118,Masters,14,Divorced,Prof-specialty,Own-child,White,Female,0,0,60,United-States,>50K,25_34,50_plus
25,Private,137645,Bachelors,13,Never-married,Sales,Not-in-family,Black,Female,0,0,40,United-States,<=50K,25_34,35_40
49,Private,195956,Bachelors,13,Divorced,Tech-support,Unmarried,White,Female,0,0,35,United-States,<=50K,45_54,35_40
36,Private,49837,Some-college,10,Divorced,Prof-specialty,Not-in-family,White,Female,0,0,40,United-States,<=50K,35_44,35_40
56,Private,329059,HS-grad,9,Married-civ-spouse,Machine-op-inspct,Husband,White,Male,0,0,40,Italy,>50K,55_plus,35_40
55,Self-emp-inc,207489,Bachelors,13,Divorced,Sales,Not-in-family,White,Female,0,0,50,Germany,<=50K,55_plus,50_plus
38,Self-emp-not-inc,77820,HS-grad,9,Married-civ-spouse,Craft-repair,Husband,White,Male,0,0,40,United-States,>50K,35_44,35_40
61,Private,133164,7th-8th,4,Never-married,Other-service,Not-in-family,White,Male,0,0,48,United-States,<=50K,55_plus,41_49
27,Private,181280,Masters,14,Never-married,Handlers-cleaners,Unmarried,White,Male,0,0,30,United-States,<=50K,25_34,under_35
30,Private,93884,Bachelors,13,Married-civ-spouse,Prof-specialty,Husband,White,Male,0,0,45,United-States,>50K,25_34,41_49
38,Private,209609,Some-college,10,Married-civ-spouse,Tech-support,Husband,White,Male,0,0,40,United-States,>50K,35_44,35_40
26,Private,196805,Some-college,10,Married-civ-spouse,Transport-moving,Husband,Black,Male,0,0,65,United-States,<=50K,25_34,50_plus
43,Local-gov,265698,Bachelors,13,Married-civ-spouse,Prof-specialty,Wife,White,Female,0,0,45,United-States,>50K,35_44,41_49
40,Private,187802,Some-college,10,Married-civ-spouse,Handlers-cleaners,Husband,White,Male,0,1887,40,United-States,>50K,35_44,35_40
28,Private,223751,Some-college,10,Married-civ-spouse,Adm-clerical,Husband,White,Male,0,0,40,United-States,>50K,25_34,35_40
39,Private,201410,HS-grad,9,Married-civ-spouse,Handlers-cleaners,Husband,White,Male,0,0,40,United-States,<=50K,35_44,35_40
22,Private,237720,HS-grad,9,Never-married,Craft-repair,Own-child,White,Male,0,0,40,United-States,<=50K,under_25,35_40
41,Private,806552,Some-college,10,Married-civ-spouse,Sales,Husband,White,Male,0,0,50,United-States,>50K,35_44,50_plus
41,Private,150755,Doctorate,16,Married-civ-spouse,Exec-managerial,Husband,White,Male,15024,0,50,Canada,>50K,35_44,50_plus
62,Private,69867,Assoc-voc,11,Married-civ-spouse,Prof-specialty,Husband,White,Male,7298,0,50,United-States,>50K,55_plus,50_plus
31,Private,183043,Masters,14,Married-civ-spouse,Exec-managerial,Husband,White,Male,0,1977,48,United-States,>50K,25_34,41_49
52,Private,89534,HS-grad,9,Married-civ-spouse,Craft-repair,Husband,White,Male,0,0,40,United-States,>50K,45_54,35_40
23,Private,291011,HS-grad,9,Never-married,Craft-repair,Not-in-family,White,Male,0,0,40,United-States,<=50K,under_25,35_40
46,Private,318331,HS-grad,9,Married-civ-spouse,Machine-op-inspct,Husband,White,Male,0,0,40,United-States,<=50K,45_54,35_40
42,Private,403187,HS-grad,9,Divorced,Handlers-cleaners,Unmarried,Black,Female,0,0,40,United-States,<=50K,35_44,35_40
37,Private,219546,Assoc-voc,11,Married-civ-spouse,Craft-repair,Husband,White,Male,4386,0,44,United-States,>50K,35_44,41_49
41,Private,175674,Bachelors,13,Married-civ-spouse,Tech-support,Husband,White,Male,0,0,40,United-States,>50K,35_44,35_40
58,Private,33350,HS-grad,9,Divorced,Other-service,Unmarried,White,Female,0,0,35,United-States,<=50K,55_plus,35_40
35,Local-gov,387777,Assoc-acdm,12,Married-civ-spouse,Protective-serv,Husband,White,Male,0,0,52,United-States,<=50K,35_44,50_plus
44,Self-emp-not-inc,149943,Prof-school,15,Married-civ-spouse,Prof-specialty,Husband,Asian-Pac-Islander,Male,0,0,60,Taiwan,>50K,35_44,50_plus
43,Self-emp-inc,304906,Bachelors,13,Married-civ-spouse,Sales,Husband,White,Male,0,0,45,United-States,>50K,35_44,41_49
30,Private,160784,Some-college,10,Never-married,Sales,Not-in-family,White,Male,0,0,45,United-States,<=50K,25_34,41_49
23,Private,53245,Bachelors,13,Never-married,Sales,Not-in-family,White,Male,0,1602,12,United-States,<=50K,under_25,under_35
30,Private,123397,HS-grad,9,Never-married,Handlers-cleaners,Unmarried,White,Female,0,0,40,United-States,<=50K,25_34,35_40
35,Private,139086,HS-grad,9,Married-civ-spouse,Handlers-cleaners,Husband,White,Male,0,0,40,United-States,<=50K,35_44,35_40
26,Private,359327,Some-college,10,Married-civ-spouse,Sales,Husband,White,Male,0,0,50,,<=50K,25_34,50_plus
44,Self-emp-not-inc,75065,12th,8,Married-civ-spouse,Exec-managerial,Husband,Asian-Pac-Islander,Male,0,0,60,Vietnam,<=50K,35_44,50_plus
18,Private,118938,11th,7,Never-married,Sales,Own-child,White,Male,0,0,18,United-States,<=50K,under_25,under_35
45,Private,178341,Masters,14,Married-civ-spouse,Prof-specialty,Husband,White,Male,0,0,50,United-States,<=50K,45_54,50_plus
35,Private,61343,Some-college,10,Married-civ-spouse,Sales,Husband,White,Male,0,0,45,United-States,<=50K,35_44,41_49
19,Private,172582,Some-college,10,Never-married,Sales,Own-child,White,Male,0,0,30,United-States,<=50K,under_25,under_35
58,Private,156040,Assoc-acdm,12,Married-civ-spouse,Machine-op-inspct,Husband,Black,Male,0,1848,40,United-States,>50K,55_plus,35_40
28,State-gov,381789,Some-college,10,Separated,Exec-managerial,Own-child,White,Male,0,2339,40,United-States,<=50K,25_34,35_40
68,Local-gov,242095,Bachelors,13,Married-civ-spouse,Exec-managerial,Husband,White,Male,20051,0,40,United-States,>50K,55_plus,35_40
33,Private,181091,10th,6,Divorced,Craft-repair,Not-in-family,White,Male,0,0,35,England,<=50K,25_34,35_40
55,Private,181220,HS-grad,9,Married-civ-spouse,Exec-managerial,Husband,White,Male,0,0,50,United-States,<=50K,55_plus,50_plus
27,Private,42734,Some-college,10,Never-married,Other-service,Not-in-family,White,Male,0,0,25,United-States,<=50K,25_34,under_35
33,Local-gov,147921,HS-grad,9,Widowed,Other-service,Unmarried,White,Female,0,0,40,United-States,<=50K,25_34,35_40
34,Federal-gov,172716,12th,8,Married-civ-spouse,Armed-Forces,Husband,White,Male,0,0,40,United-States,<=50K,25_34,35_40
53,Local-gov,293941,Bachelors,13,Married-civ-spouse,Prof-specialty,Husband,White,Male,0,0,40,United-States,<=50K,45_54,35_40
48,Local-gov,378221,Bachelors,13,Married-civ-spouse,Exec-managerial,Husband,White,Male,0,0,60,Mexico,>50K,45_54,50_plus
40,Private,175674,Bachelors,13,Married-civ-spouse,Sales,Husband,White,Male,0,0,50,United-States,>50K,35_44,50_plus
71,Private,77253,HS-grad,9,Never-married,Handlers-cleaners,Not-in-family,White,Male,0,0,17,United-States,<=50K,55_plus,under_35
47,Private,141511,Doctorate,16,Married-civ-spouse,Prof-specialty,Husband,White,Male,0,0,60,United-States,>50K,45_54,50_plus
39,Federal-gov,30916,Some-college,10,Married-civ-spouse,Exec-managerial,Husband,White,Male,0,1902,50,United-States,>50K,35_44,50_plus
34,Federal-gov,436341,Some-college,10,Married-AF-spouse,Adm-clerical,Wife,White,Female,0,0,40,United-States,>50K,25_34,35_40
28,Self-emp-not-inc,190391,Bachelors,13,Never-married,Sales,Not-in-family,White,Male,0,0,50,United-States,<=50K,25_34,50_plus
47,Private,111961,HS-grad,9,Married-civ-spouse,Other-service,Wife,Black,Female,0,0,30,United-States,<=50K,45_54,under_35
24,Private,111445,HS-grad,9,Never-married,Sales,Not-in-family,White,Male,0,0,38,United-States,<=50K,under_25,35_40
33,Private,150154,HS-grad,9,Married-civ-spouse,Craft-repair,Husband,White,Male,0,0,40,United-States,<=50K,25_34,35_40
56,Private,178033,Some-college,10,Widowed,Exec-managerial,Not-in-family,White,Male,4416,0,60,United-States,<=50K,55_plus,50_plus
36,Private,159016,HS-grad,9,Married-civ-spouse,Machine-op-inspct,Husband,White,Male,0,0,38,United-States,<=50K,35_44,35_40
51,Self-emp-not-inc,111283,HS-grad,9,Divorced,Exec-managerial,Not-in-family,White,Female,99999,0,35,United-States,>50K,45_54,35_40
26,Private,168403,HS-grad,9,Married-civ-spouse,Handlers-cleaners,Husband,White,Male,0,0,40,United-States,<=50K,25_34,35_40
44,Self-emp-not-inc,445382,Some-college,10,Divorced,Other-service,Unmarried,White,Male,0,0,40,United-States,<=50K,35_44,35_40
23,Private,278107,HS-grad,9,Married-civ-spouse,Machine-op-inspct,Husband,White,Male,0,1573,30,United-States,<=50K,under_25,under_35
34,Private,101345,Bachelors,13,Married-civ-spouse,Sales,Wife,White,Female,0,0,40,United-States,>50K,25_34,35_40
41,Self-emp-not-inc,147110,HS-grad,9,Married-civ-spouse,Machine-op-inspct,Husband,White,Male,0,0,25,United-States,<=50K,35_44,under_35
30,Local-gov,47085,10th,6,Married-civ-spouse,Craft-repair,Husband,White,Male,0,0,40,United-States,<=50K,25_34,35_40
51,Private,183390,HS-grad,9,Married-civ-spouse,Transport-moving,Husband,White,Male,0,0,40,United-States,<=50K,45_54,35_40
31,Private,291702,HS-grad,9,Married-civ-spouse,Craft-repair,Husband,White,Male,0,0,40,United-States,<=50K,25_34,35_40
31,Private,159123,Bachelors,13,Married-civ-spouse,Prof-specialty,Husband,White,Male,0,0,60,United-States,>50K,25_34,50_plus
23,Private,195532,Bachelors,13,Never-married,Exec-managerial,Own-child,White,Female,0,0,40,United-States,<=50K,under_25,35_40
90,Private,311184,Bachelors,13,Married-civ-spouse,Sales,Husband,White,Male,0,0,20,,<=50K,55_plus,under_35
65,Private,129426,Some-college,10,Widowed,Adm-clerical,Not-in-family,White,Female,0,0,40,United-States,<=50K,55_plus,35_40
48,Self-emp-not-inc,370119,Some-college,10,Married-civ-spouse,Exec-managerial,Husband,White,Male,0,0,40,United-States,>50K,45_54,35_40
42,Local-gov,175642,Bachelors,13,Never-married,Adm-clerical,Not-in-family,White,Female,99999,0,40,United-States,>50K,35_44,35_40
24,Private,183594,HS-grad,9,Never-married,Adm-clerical,Other-relative,White,Male,0,0,40,United-States,<=50K,under_25,35_40
26,Private,269060,Bachelors,13,Never-married,Adm-clerical,Own-child,White,Female,0,0,40,United-States,<=50K,25_34,35_40
23,Private,314539,HS-grad,9,Married-civ-spouse,Sales,Husband,White,Male,0,0,40,United-States,<=50K,under_25,35_40
42,Local-gov,100793,Bachelors,13,Married-civ-spouse,Prof-specialty,Husband,White,Male,0,0,60,United-States,>50K,35_44,50_plus
43,Federal-gov,92775,Assoc-voc,11,Divorced,Craft-repair,Not-in-family,White,Male,0,0,40,United-States,<=50K,35_44,35_40
33,Self-emp-not-inc,33308,Some-college,10,Never-married,Farming-fishing,Not-in-family,White,Male,0,0,70,United-States,<=50K,25_34,50_plus
68,State-gov,493363,Bachelors,13,Married-civ-spouse,Exec-managerial,Husband,White,Male,0,0,20,United-States,<=50K,55_plus,under_35
38,Private,76317,Assoc-voc,11,Married-civ-spouse,Exec-managerial,Husband,White,Male,0,0,55,United-States,>50K,35_44,50_plus
26,Private,463194,HS-grad,9,Married-civ-spouse,Craft-repair,Husband,White,Male,0,0,40,United-States,<=50K,25_34,35_40
24,Private,450695,Some-college,10,Never-married,Sales,Own-child,White,Male,0,0,35,United-States,<=50K,under_25,35_40
43,Private,206833,HS-grad,9,Separated,Handlers-cleaners,Unmarried,Black,Female,0,0,45,United-States,<=50K,35_44,41_49
37,Private,196529,Some-college,10,Widowed,Other-service,Not-in-family,White,Female,2354,0,40,,<=50K,35_44,35_40
31,Private,265706,HS-grad,9,Married-civ-spouse,Craft-repair,Husband,White,Male,7298,0,40,United-States,>50K,25_34,35_40
39,State-gov,179668,Some-college,10,Married-civ-spouse,Protective-serv,Husband,White,Male,0,0,70,United-States,<=50K,35_44,50_plus
39,Private,216149,Prof-school,15,Divorced,Prof-specialty,Not-in-family,White,Male,0,0,70,United-States,>50K,35_44,50_plus
40,,224361,9th,5,Divorced,,Unmarried,White,Female,0,0,5,Cuba,<=50K,35_44,under_35
36,Private,185607,HS-grad,9,Never-married,Other-service,Unmarried,White,Female,0,0,30,United-States,<=50K,35_44,under_35
17,Local-gov,244856,11th,7,Never-married,Prof-specialty,Own-child,White,Female,0,0,40,United-States,<=50K,under_25,35_40
49,Self-emp-not-inc,208872,HS-grad,9,Married-civ-spouse,Farming-fishing,Husband,White,Male,0,1672,98,United-States,<=50K,45_54,50_plus
27,Self-emp-inc,376936,HS-grad,9,Never-married,Sales,Not-in-family,White,Male,0,0,50,United-States,<=50K,25_34,50_plus
19,Private,214678,HS-grad,9,Never-married,Other-service,Own-child,White,Male,0,0,30,United-States,<=50K,under_25,under_35
46,Private,369538,10th,6,Married-civ-spouse,Transport-moving,Husband,White,Male,0,0,40,United-States,>50K,45_54,35_40
43,Federal-gov,156996,Prof-school,15,Married-civ-spouse,Prof-specialty,Husband,Asian-Pac-Islander,Male,0,2415,55,,>50K,35_44,50_plus
35,Private,190194,HS-grad,9,Never-married,Adm-clerical,Not-in-family,White,Female,0,0,40,United-States,<=50K,35_44,35_40
34,Self-emp-inc,174215,Masters,14,Never-married,Exec-managerial,Not-in-family,White,Female,4787,0,45,France,>50K,25_34,41_49
33,Private,315143,HS-grad,9,Married-civ-spouse,Sales,Husband,White,Male,0,0,40,Cuba,>50K,25_34,35_40
23,Private,159709,HS-grad,9,Divorced,Craft-repair,Not-in-family,White,Male,0,0,40,United-States,<=50K,under_25,35_40
39,Self-emp-not-inc,83242,Some-college,10,Married-civ-spouse,Farming-fishing,Husband,White,Male,0,0,60,United-States,<=50K,35_44,50_plus
51,Federal-gov,163671,Bachelors,13,Married-civ-spouse,Exec-managerial,Husband,White,Male,0,1902,40,United-States,<=50K,45_54,35_40
51,Private,137253,HS-grad,9,Divorced,Prof-specialty,Unmarried,White,Female,0,0,40,United-States,>50K,45_54,35_40
23,Private,160968,Some-college,10,Never-married,Prof-specialty,Own-child,White,Male,0,0,10,United-States,<=50K,under_25,under_35
66,Self-emp-not-inc,140456,Bachelors,13,Married-civ-spouse,Sales,Husband,White,Male,0,0,40,United-States,>50K,55_plus,35_40
19,Private,327397,HS-grad,9,Never-married,Prof-specialty,Own-child,White,Male,0,0,30,United-States,<=50K,under_25,under_35
62,Private,319582,HS-grad,9,Widowed,Sales,Not-in-family,White,Female,0,0,32,United-States,<=50K,55_plus,under_35
43,Private,160943,HS-grad,9,Married-civ-spouse,Other-service,Husband,Black,Male,0,0,40,United-States,>50K,35_44,35_40
30,Private,243841,HS-grad,9,Divorced,Other-service,Other-relative,Asian-Pac-Islander,Female,0,0,40,South,<=50K,25_34,35_40
33,Private,174789,Some-college,10,Never-married,Adm-clerical,Not-in-family,White,Male,0,0,50,United-States,<=50K,25_34,50_plus
33,Private,280111,11th,7,Never-married,Adm-clerical,Unmarried,Black,Female,0,0,38,United-States,<=50K,25_34,35_40
25,Private,237865,Some-college,10,Never-married,Other-service,Own-child,Black,Male,0,0,42,United-States,<=50K,25_34,41_49
36,Private,123983,Bachelors,13,Married-civ-spouse,Prof-specialty,Husband,Asian-Pac-Islander,Male,0,0,55,Japan,>50K,35_44,50_plus
53,Private,129525,Bachelors,13,Married-civ-spouse,Exec-managerial,Husband,White,Male,0,0,50,United-States,>50K,45_54,50_plus
38,Private,405284,Bachelors,13,Never-married,Other-service,Own-child,White,Female,0,0,35,United-States,<=50K,35_44,35_40
54,Private,37289,Masters,14,Married-civ-spouse,Exec-managerial,Wife,White,Female,0,0,55,United-States,>50K,45_54,50_plus
23,Private,157951,Some-college,10,Never-married,Exec-managerial,Not-in-family,White,Female,0,0,50,United-States,<=50K,under_25,50_plus
59,Federal-gov,61298,Bachelors,13,Married-spouse-absent,Exec-managerial,Not-in-family,White,Female,0,0,40,United-States,<=50K,55_plus,35_40
46,Self-emp-not-inc,366089,Prof-school,15,Married-civ-spouse,Prof-specialty,Husband,White,Male,15024,0,40,United-States,>50K,45_54,35_40
29,Private,51944,HS-grad,9,Married-civ-spouse,Other-service,Wife,White,Female,4386,0,40,United-States,>50K,25_34,35_40
23,State-gov,279243,Some-college,10,Never-married,Protective-serv,Not-in-family,White,Male,0,0,40,United-States,<=50K,under_25,35_40
35,Private,189382,HS-grad,9,Divorced,Craft-repair,Not-in-family,White,Male,0,0,40,United-States,<=50K,35_44,35_40
46,Private,163021,HS-grad,9,Never-married,Adm-clerical,Own-child,White,Female,0,0,40,United-States,<=50K,45_54,35_40
48,State-gov,118330,Bachelors,13,Married-civ-spouse,Exec-managerial,Husband,White,Male,5178,0,40,United-States,>50K,45_54,35_40
43,Private,302041,HS-grad,9,Never-married,Adm-clerical,Not-in-family,Black,Female,0,0,40,United-States,<=50K,35_44,35_40
48,Private,208748,5th-6th,3,Divorced,Machine-op-inspct,Unmarried,Other,Female,0,0,40,Dominican-Republic,<=50K,45_54,35_40
23,Local-gov,336010,Bachelors,13,Never-married,Adm-clerical,Not-in-family,White,Male,0,0,32,United-States,<=50K,under_25,under_35
45,Local-gov,318280,Some-college,10,Married-civ-spouse,Prof-specialty,Husband,White,Male,7688,0,50,United-States,>50K,45_54,50_plus
43,Self-emp-not-inc,144218,12th,8,Married-civ-spouse,Transport-moving,Husband,White,Male,0,0,60,United-States,<=50K,35_44,50_plus
59,Self-emp-inc,169982,Some-college,10,Married-civ-spouse,Exec-managerial,Husband,White,Male,15024,0,60,United-States,>50K,55_plus,50_plus
51,Local-gov,35211,HS-grad,9,Married-civ-spouse,Transport-moving,Husband,Amer-Indian-Eskimo,Male,0,0,40,United-States,<=50K,45_54,35_40
55,Private,101338,10th,6,Married-civ-spouse,Craft-repair,Husband,White,Male,0,0,40,United-States,<=50K,55_plus,35_40
27,Private,302406,Masters,14,Married-civ-spouse,Prof-specialty,Husband,White,Male,0,0,55,United-States,<=50K,25_34,50_plus
46,Federal-gov,349230,Assoc-voc,11,Married-civ-spouse,Tech-support,Husband,White,Male,0,1848,40,United-States,>50K,45_54,35_40
28,Private,375655,Bachelors,13,Never-married,Sales,Unmarried,White,Male,0,0,50,United-States,<=50K,25_34,50_plus
27,Private,164607,Bachelors,13,Separated,Tech-support,Own-child,White,Male,0,0,50,United-States,<=50K,25_34,50_plus
69,Local-gov,197288,HS-grad,9,Married-civ-spouse,Exec-managerial,Husband,White,Male,0,0,35,United-States,<=50K,55_plus,35_40
17,Self-emp-inc,183784,10th,6,Never-married,Sales,Own-child,White,Male,0,0,15,United-States,<=50K,under_25,under_35
46,Private,353219,9th,5,Divorced,Other-service,Unmarried,White,Female,0,0,40,United-States,<=50K,45_54,35_40
41,Private,126076,Some-college,10,Divorced,Craft-repair,Not-in-family,White,Female,0,0,50,United-States,<=50K,35_44,50_plus
31,Private,156493,HS-grad,9,Never-married,Prof-specialty,Own-child,White,Male,0,0,40,United-States,<=50K,25_34,35_40
26,Private,105787,HS-grad,9,Never-married,Craft-repair,Own-child,White,Male,0,0,36,United-States,<=50K,25_34,35_40
31,,182191,Bachelors,13,Married-civ-spouse,,Wife,White,Female,4064,0,30,Canada,<=50K,25_34,under_35
26,Private,190027,10th,6,Divorced,Handlers-cleaners,Not-in-family,White,Female,0,0,30,United-States,<=50K,25_34,under_35
35,Private,334999,HS-grad,9,Married-civ-spouse,Sales,Husband,White,Male,0,0,45,United-States,<=50K,35_44,41_49
57,Private,104996,Some-college,10,Never-married,Craft-repair,Not-in-family,White,Male,0,0,42,United-States,<=50K,55_plus,41_49
25,Private,75821,Some-college,10,Never-married,Prof-specialty,Own-child,White,Female,0,0,40,United-States,<=50K,25_34,35_40
34,State-gov,221966,Bachelors,13,Never-married,Prof-specialty,Not-in-family,White,Male,0,0,45,United-States,<=50K,25_34,41_49
66,Self-emp-not-inc,174995,Assoc-acdm,12,Married-civ-spouse,Craft-repair,Husband,White,Male,2290,0,30,Hungary,<=50K,55_plus,under_35
73,Private,183213,Assoc-voc,11,Widowed,Prof-specialty,Not-in-family,White,Male,25124,0,60,United-States,>50K,55_plus,50_plus
27,Self-emp-not-inc,116613,Some-college,10,Married-civ-spouse,Other-service,Wife,White,Female,0,0,50,United-States,<=50K,25_34,50_plus
54,Private,138944,HS-grad,9,Married-civ-spouse,Sales,Husband,White,Male,0,0,44,United-States,<=50K,45_54,41_49
26,Local-gov,337867,Bachelors,13,Never-married,Prof-specialty,Own-child,Black,Female,0,0,40,United-States,<=50K,25_34,35_40
41,Private,223548,1st-4th,2,Married-civ-spouse,Machine-op-inspct,Husband,White,Male,0,0,40,Mexico,<=50K,35_44,35_40
55,Private,284095,HS-grad,9,Divorced,Sales,Not-in-family,White,Female,0,0,37,United-States,<=50K,55_plus,35_40
58,,37591,Bachelors,13,Widowed,,Not-in-family,White,Female,0,0,40,United-States,<=50K,55_plus,35_40
18,,163085,HS-grad,9,Separated,,Own-child,White,Male,0,0,20,United-States,<=50K,under_25,under_35
29,Private,150717,Assoc-voc,11,Never-married,Exec-managerial,Not-in-family,White,Male,0,0,40,United-States,<=50K,25_34,35_40
50,Local-gov,153064,HS-grad,9,Married-civ-spouse,Exec-managerial,Husband,White,Male,5178,0,40,United-States,>50K,45_54,35_40
21,Private,399022,HS-grad,9,Never-married,Farming-fishing,Own-child,White,Male,0,0,24,United-States,<=50K,under_25,under_35
47,Private,201865,HS-grad,9,Married-civ-spouse,Transport-moving,Husband,White,Male,0,0,40,United-States,<=50K,45_54,35_40
39,Private,80004,HS-grad,9,Married-civ-spouse,Handlers-cleaners,Husband,White,Male,0,0,40,United-States,<=50K,35_44,35_40
68,Private,195868,Bachelors,13,Married-civ-spouse,Sales,Husband,White,Male,20051,0,40,United-States,>50K,55_plus,35_40
24,Private,276851,HS-grad,9,Divorced,Protective-serv,Own-child,White,Female,0,1762,40,United-States,<=50K,under_25,35_40
47,Private,323798,Prof-school,15,Married-civ-spouse,Prof-specialty,Husband,White,Male,15024,0,55,United-States,>50K,45_54,50_plus
21,Private,251603,HS-grad,9,Never-married,Adm-clerical,Not-in-family,White,Female,0,0,40,United-States,<=50K,under_25,35_40
21,Private,313702,Some-college,10,Never-married,Sales,Not-in-family,White,Male,0,0,40,United-States,<=50K,under_25,35_40
30,Private,366065,Some-college,10,Never-married,Craft-repair,Unmarried,Black,Male,0,0,40,United-States,<=50K,25_34,35_40
57,Private,143030,HS-grad,9,Widowed,Other-service,Unmarried,White,Female,0,0,30,,<=50K,55_plus,under_35
37,Private,170174,HS-grad,9,Married-civ-spouse,Exec-managerial,Husband,White,Male,0,0,46,United-States,>50K,35_44,41_49
19,Private,238474,Some-college,10,Never-married,Sales,Own-child,White,Male,0,0,25,United-States,<=50K,under_25,under_35
45,,119835,7th-8th,4,Divorced,,Not-in-family,Amer-Indian-Eskimo,Male,0,0,48,United-States,<=50K,45_54,41_49
28,Local-gov,296537,HS-grad,9,Married-civ-spouse,Craft-repair,Husband,White,Male,0,0,45,United-States,<=50K,25_34,41_49
23,Federal-gov,55465,Some-college,10,Never-married,Handlers-cleaners,Not-in-family,White,Male,0,0,40,United-States,<=50K,under_25,35_40
52,Self-emp-not-inc,140985,Bachelors,13,Married-civ-spouse,Adm-clerical,Wife,White,Female,99999,0,30,United-States,>50K,45_54,under_35
43,Private,130126,Bachelors,13,Married-civ-spouse,Exec-managerial,Husband,White,Male,15024,0,50,United-States,>50K,35_44,50_plus
21,Private,131473,Some-college,10,Never-married,Sales,Own-child,Asian-Pac-Islander,Male,0,0,20,Vietnam,<=50K,under_25,under_35
62,Local-gov,167889,Doctorate,16,Widowed,Prof-specialty,Unmarried,White,Female,0,0,40,Iran,<=50K,55_plus,35_40
69,,323016,Bachelors,13,Married-civ-spouse,,Husband,White,Male,99999,0,40,United-States,>50K,55_plus,35_40
45,Private,172822,11th,7,Divorced,Transport-moving,Not-in-family,White,Male,0,2824,76,United-States,>50K,45_54,50_plus
27,Private,208725,Bachelors,13,Never-married,Craft-repair,Own-child,White,Male,0,0,40,United-States,<=50K,25_34,35_40
58,Private,114495,HS-grad,9,Married-civ-spouse,Exec-managerial,Husband,White,Male,0,0,40,United-States,<=50K,55_plus,35_40
45,Federal-gov,106910,HS-grad,9,Never-married,Transport-moving,Unmarried,Asian-Pac-Islander,Female,0,0,40,United-States,<=50K,45_54,35_40
67,,163726,5th-6th,3,Married-civ-spouse,,Husband,White,Male,0,0,49,United-States,<=50K,55_plus,41_49
82,,42435,10th,6,Widowed,,Not-in-family,White,Male,0,0,20,United-States,<=50K,55_plus,under_35
29,Private,106179,Bachelors,13,Never-married,Adm-clerical,Not-in-family,White,Female,0,0,35,Canada,<=50K,25_34,35_40
17,Private,29571,12th,8,Never-married,Handlers-cleaners,Own-child,White,Male,0,0,15,United-States,<=50K,under_25,under_35
62,Self-emp-inc,24050,HS-grad,9,Widowed,Sales,Not-in-family,White,Female,0,0,15,United-States,<=50K,55_plus,under_35
40,Private,145160,Doctorate,16,Married-civ-spouse,Prof-specialty,Husband,White,Male,0,0,40,United-States,>50K,35_44,35_40
28,Private,185127,Some-college,10,Never-married,Tech-support,Not-in-family,White,Male,0,0,54,United-States,<=50K,25_34,50_plus
57,Private,71367,HS-grad,9,Divorced,Other-service,Unmarried,White,Female,0,0,40,United-States,<=50K,55_plus,35_40
23,Private,139187,11th,7,Never-married,Handlers-cleaners,Own-child,White,Male,0,0,50,United-States,<=50K,under_25,50_plus
45,Private,164210,Some-college,10,Divorced,Exec-managerial,Not-in-family,White,Female,0,0,40,United-States,<=50K,45_54,35_40
22,,117618,Bachelors,13,Never-married,,Not-in-family,White,Male,0,0,25,United-States,<=50K,under_25,under_35
40,Self-emp-inc,92036,Bachelors,13,Married-civ-spouse,Craft-repair,Husband,White,Male,0,0,40,United-States,<=50K,35_44,35_40
41,,344572,HS-grad,9,Divorced,,Unmarried,White,Female,0,0,40,United-States,<=50K,35_44,35_40
32,Private,178835,HS-grad,9,Never-married,Adm-clerical,Not-in-family,White,Male,0,0,40,United-States,<=50K,25_34,35_40
65,Self-emp-not-inc,139960,HS-grad,9,Married-civ-spouse,Farming-fishing,Husband,White,Male,10605,0,60,United-States,>50K,55_plus,50_plus
30,Private,59496,Some-college,10,Divorced,Prof-specialty,Unmarried,White,Female,0,0,40,United-States,<=50K,25_34,35_40
31,Private,200246,9th,5,Never-married,Other-service,Own-child,White,Male,0,0,40,United-States,<=50K,25_34,35_40
21,Private,400635,Some-college,10,Never-married,Other-service,Not-in-family,White,Female,0,0,20,,<=50K,under_25,under_35
28,,78388,10th,6,Never-married,,Own-child,White,Female,0,0,38,United-States,<=50K,25_34,35_40
23,Private,171705,HS-grad,9,Never-married,Sales,Unmarried,White,Female,0,0,48,United-States,<=50K,under_25,41_49
60,Federal-gov,237317,Assoc-voc,11,Divorced,Prof-specialty,Unmarried,White,Male,4934,0,40,United-States,>50K,55_plus,35_40
38,State-gov,110426,Doctorate,16,Married-civ-spouse,Prof-specialty,Wife,White,Female,7688,0,40,,>50K,35_44,35_40
48,Private,155659,Assoc-voc,11,Married-civ-spouse,Craft-repair,Husband,White,Male,0,0,40,United-States,<=50K,45_54,35_40
72,,76860,HS-grad,9,Married-civ-spouse,,Husband,Asian-Pac-Islander,Male,0,0,1,United-States,<=50K,55_plus,under_35
37,Private,34180,HS-grad,9,Married-civ-spouse,Craft-repair,Husband,White,Male,0,0,40,United-States,<=50K,35_44,35_40
60,Private,125019,Bachelors,13,Divorced,Prof-specialty,Not-in-family,White,Female,8614,0,48,United-States,>50K,55_plus,41_49
29,Private,174645,11th,7,Divorced,Craft-repair,Unmarried,White,Female,0,0,52,United-States,<=50K,25_34,50_plus
43,Private,164693,Assoc-voc,11,Married-civ-spouse,Craft-repair,Husband,White,Male,0,0,50,United-States,<=50K,35_44,50_plus
53,Self-emp-not-inc,257126,12th,8,Married-civ-spouse,Craft-repair,Husband,White,Male,0,0,45,United-States,<=50K,45_54,41_49
28,Private,334368,Assoc-voc,11,Never-married,Prof-specialty,Not-in-family,White,Female,4650,0,40,United-States,<=50K,25_34,35_40
38,Local-gov,188612,Some-college,10,Married-civ-spouse,Craft-repair,Husband,White,Male,0,0,45,United-States,<=50K,35_44,41_49
19,Private,318002,HS-grad,9,Never-married,Adm-clerical,Own-child,White,Male,0,0,40,United-States,<=50K,under_25,35_40
49,Private,411273,10th,6,Divorced,Machine-op-inspct,Not-in-family,Black,Male,0,0,40,United-States,<=50K,45_54,35_40
53,Private,217568,HS-grad,9,Widowed,Craft-repair,Unmarried,Black,Female,0,0,40,United-States,<=50K,45_54,35_40
20,Private,123901,HS-grad,9,Never-married,Craft-repair,Own-child,White,Female,0,0,40,United-States,<=50K,under_25,35_40
45,Self-emp-inc,32356,Bachelors,13,Married-civ-spouse,Exec-managerial,Husband,White,Male,0,0,51,United-States,<=50K,45_54,50_plus
46,Federal-gov,46537,Masters,14,Never-married,Prof-specialty,Not-in-family,White,Female,0,0,40,United-States,<=50K,45_54,35_40
47,Private,205730,HS-grad,9,Married-civ-spouse,Craft-repair,Husband,White,Male,0,0,56,United-States,>50K,45_54,50_plus
81,Self-emp-inc,247232,10th,6,Married-civ-spouse,Exec-managerial,Wife,White,Female,2936,0,28,United-States,<=50K,55_plus,under_35
30,Private,190912,11th,7,Married-civ-spouse,Handlers-cleaners,Husband,Asian-Pac-Islander,Male,0,1651,40,Vietnam,<=50K,25_34,35_40
30,Private,187279,HS-grad,9,Married-civ-spouse,Handlers-cleaners,Husband,White,Male,0,0,44,United-States,<=50K,25_34,41_49
29,Self-emp-not-inc,181466,HS-grad,9,Married-civ-spouse,Sales,Husband,White,Male,0,0,35,United-States,<=50K,25_34,35_40
31,Private,198953,Some-college,10,Separated,Adm-clerical,Unmarried,Black,Female,0,0,38,United-States,<=50K,25_34,35_40
38,Private,66326,HS-grad,9,Married-civ-spouse,Transport-moving,Husband,White,Male,0,0,99,United-States,<=50K,35_44,50_plus
43,Private,216697,Some-college,10,Married-civ-spouse,Protective-serv,Husband,Other,Male,0,0,32,United-States,<=50K,35_44,under_35
24,Private,161198,Bachelors,13,Never-married,Prof-specialty,Not-in-family,White,Male,0,0,25,United-States,<=50K,under_25,under_35
28,,113635,11th,7,Never-married,,Not-in-family,White,Male,0,0,30,United-States,<=50K,25_34,under_35
34,Private,181091,HS-grad,9,Married-civ-spouse,Craft-repair,Husband,White,Male,7688,0,40,United-States,>50K,25_34,35_40
38,Private,309122,10th,6,Divorced,Machine-op-inspct,Not-in-family,White,Female,0,0,40,United-States,<=50K,35_44,35_40
55,Private,205422,10th,6,Married-civ-spouse,Other-service,Wife,Black,Female,0,0,40,United-States,<=50K,55_plus,35_40
30,Local-gov,303485,Some-college,10,Never-married,Transport-moving,Unmarried,Black,Female,0,0,40,United-States,<=50K,25_34,35_40
24,Private,204172,Bachelors,13,Never-married,Sales,Other-relative,White,Female,0,0,40,United-States,<=50K,under_25,35_40
29,Private,197932,Some-college,10,Separated,Priv-house-serv,Not-in-family,White,Female,0,0,30,Guatemala,<=50K,25_34,under_35
43,Private,253759,HS-grad,9,Divorced,Adm-clerical,Unmarried,Black,Female,0,0,45,United-States,<=50K,35_44,41_49
20,Private,218178,HS-grad,9,Never-married,Handlers-cleaners,Not-in-family,White,Male,0,0,40,United-States,<=50K,under_25,35_40
39,Private,51264,11th,7,Divorced,Other-service,Own-child,White,Male,0,0,40,United-States,<=50K,35_44,35_40
34,Private,301591,HS-grad,9,Never-married,Exec-managerial,Unmarried,White,Female,0,0,35,United-States,<=50K,25_34,35_40
50,Private,204447,Masters,14,Married-civ-spouse,Exec-managerial,Husband,White,Male,15024,0,65,United-States,>50K,45_54,50_plus
21,Private,43475,HS-grad,9,Never-married,Protective-serv,Not-in-family,White,Male,0,0,40,United-States,<=50K,under_25,35_40
49,,52590,HS-grad,9,Never-married,,Not-in-family,Black,Male,0,0,40,United-States,<=50K,45_54,35_40
52,Private,208302,HS-grad,9,Divorced,Other-service,Other-relative,White,Male,0,0,30,United-States,<=50K,45_54,under_35
56,Local-gov,104996,HS-grad,9,Married-civ-spouse,Transport-moving,Husband,White,Male,0,0,40,United-States,<=50K,55_plus,35_40
41,Self-emp-inc,114967,Assoc-voc,11,Married-civ-spouse,Exec-managerial,Husband,Black,Male,0,0,40,United-States,>50K,35_44,35_40
43,Local-gov,143046,Some-college,10,Divorced,Other-service,Unmarried,White,Female,0,0,20,United-States,<=50K,35_44,under_35
66,Self-emp-inc,112376,7th-8th,4,Married-civ-spouse,Craft-repair,Husband,White,Male,0,0,40,United-States,>50K,55_plus,35_40
70,,346053,HS-grad,9,Married-civ-spouse,,Husband,White,Male,0,0,40,United-States,<=50K,55_plus,35_40
41,Private,183105,HS-grad,9,Separated,Machine-op-inspct,Unmarried,White,Female,0,0,44,Cuba,<=50K,35_44,41_49
38,Local-gov,86643,Bachelors,13,Married-civ-spouse,Prof-specialty,Husband,White,Male,0,0,45,United-States,>50K,35_44,41_49
49,Self-emp-not-inc,102110,HS-grad,9,Married-civ-spouse,Tech-support,Husband,White,Male,0,0,30,United-States,>50K,45_54,under_35
58,Federal-gov,244830,Bachelors,13,Separated,Prof-specialty,Not-in-family,White,Male,4787,0,40,United-States,>50K,55_plus,35_40
18,Private,378707,10th,6,Never-married,Sales,Own-child,White,Female,0,0,20,United-States,<=50K,under_25,under_35
50,Self-emp-inc,302708,Bachelors,13,Married-civ-spouse,Exec-managerial,Husband,Asian-Pac-Islander,Male,7688,0,50,Japan,>50K,45_54,50_plus
90,Private,226968,7th-8th,4,Married-civ-spouse,Machine-op-inspct,Husband,White,Male,0,0,40,United-States,<=50K,55_plus,35_40
32,Private,178615,HS-grad,9,Married-civ-spouse,Craft-repair,Husband,White,Male,2407,0,40,United-States,<=50K,25_34,35_40
22,,228480,HS-grad,9,Married-civ-spouse,,Own-child,White,Female,0,0,20,United-States,<=50K,under_25,under_35
23,Self-emp-not-inc,289116,HS-grad,9,Divorced,Other-service,Unmarried,White,Female,0,0,50,United-States,<=50K,under_25,50_plus
23,Local-gov,210781,Bachelors,13,Never-married,Prof-specialty,Own-child,White,Female,0,0,15,United-States,<=50K,under_25,under_35
20,Private,493443,11th,7,Never-married,Handlers-cleaners,Not-in-family,White,Male,0,0,40,United-States,<=50K,under_25,35_40
36,Private,86459,Assoc-voc,11,Married-civ-spouse,Exec-managerial,Husband,White,Male,0,1887,50,United-States,>50K,35_44,50_plus
32,Self-emp-not-inc,129497,Some-college,10,Married-civ-spouse,Craft-repair,Husband,White,Male,0,0,55,United-States,>50K,25_34,50_plus
32,Self-emp-not-inc,443546,HS-grad,9,Never-married,Craft-repair,Not-in-family,White,Male,0,0,40,United-States,<=50K,25_34,35_40
37,Private,281751,Some-college,10,Divorced,Other-service,Unmarried,White,Female,0,0,30,United-States,<=50K,35_44,under_35
26,Private,292692,12th,8,Never-married,Craft-repair,Not-in-family,White,Male,0,0,40,Mexico,<=50K,25_34,35_40
34,Private,430554,Some-college,10,Married-civ-spouse,Exec-managerial,Husband,White,Male,0,0,50,United-States,>50K,25_34,50_plus
35,Private,187089,Assoc-voc,11,Married-civ-spouse,Exec-managerial,Wife,White,Female,0,0,42,United-States,>50K,35_44,41_49
49,,407495,HS-grad,9,Married-spouse-absent,,Not-in-family,White,Male,0,0,70,United-States,<=50K,45_54,50_plus
45,Private,287190,Assoc-acdm,12,Divorced,Adm-clerical,Unmarried,Black,Male,0,0,35,United-States,<=50K,45_54,35_40
23,Private,174413,Bachelors,13,Never-married,Exec-managerial,Not-in-family,White,Female,0,0,40,United-States,<=50K,under_25,35_40
54,Private,198546,Masters,14,Widowed,Adm-clerical,Unmarried,White,Female,0,0,38,United-States,<=50K,45_54,35_40
21,Private,82497,Some-college,10,Never-married,Other-service,Not-in-family,White,Female,0,0,30,United-States,<=50K,under_25,under_35
55,Private,208451,Masters,14,Married-civ-spouse,Exec-managerial,Husband,White,Male,0,0,40,United-States,>50K,55_plus,35_40
53,Private,96827,Bachelors,13,Never-married,Other-service,Not-in-family,White,Male,0,0,40,Canada,<=50K,45_54,35_40
23,Private,186813,HS-grad,9,Never-married,Protective-serv,Own-child,Amer-Indian-Eskimo,Male,0,0,40,United-States,<=50K,under_25,35_40
29,Private,162312,Assoc-voc,11,Never-married,Machine-op-inspct,Not-in-family,Other,Male,0,0,40,United-States,<=50K,25_34,35_40
58,Private,196643,HS-grad,9,Divorced,Sales,Not-in-family,White,Female,0,0,15,United-States,<=50K,55_plus,under_35
57,Private,35884,HS-grad,9,Divorced,Other-service,Not-in-family,White,Female,0,0,40,United-States,<=50K,55_plus,35_40
32,Private,158416,HS-grad,9,Divorced,Sales,Not-in-family,White,Male,0,0,50,United-States,<=50K,25_34,50_plus
19,Private,162954,12th,8,Never-married,Other-service,Own-child,White,Female,0,0,20,United-States,<=50K,under_25,under_35
23,Local-gov,324637,Some-college,10,Never-married,Adm-clerical,Not-in-family,White,Male,0,0,30,United-States,<=50K,under_25,under_35
23,State-gov,283499,HS-grad,9,Never-married,Protective-serv,Own-child,White,Male,0,0,40,United-States,<=50K,under_25,35_40
32,Private,286675,Some-college,10,Never-married,Exec-managerial,Other-relative,White,Male,0,0,40,United-States,<=50K,25_34,35_40
36,Private,132879,HS-grad,9,Divorced,Exec-managerial,Unmarried,White,Male,0,0,45,United-States,<=50K,35_44,41_49
31,Private,164190,10th,6,Married-civ-spouse,Transport-moving,Husband,White,Male,0,0,40,United-States,<=50K,25_34,35_40
27,Private,236481,Prof-school,15,Never-married,Prof-specialty,Not-in-family,Asian-Pac-Islander,Male,0,0,10,India,<=50K,25_34,under_35
39,Private,119272,10th,6,Divorced,Transport-moving,Not-in-family,White,Male,0,0,40,United-States,<=50K,35_44,35_40
21,Private,211601,Some-college,10,Never-married,Adm-clerical,Own-child,Black,Female,0,0,40,United-States,<=50K,under_25,35_40
19,Private,199495,HS-grad,9,Never-married,Craft-repair,Own-child,White,Male,0,0,40,United-States,<=50K,under_25,35_40
45,Private,175262,9th,5,Married-civ-spouse,Handlers-cleaners,Husband,Asian-Pac-Islander,Male,0,0,40,India,<=50K,45_54,35_40
45,Private,145636,Masters,14,Married-civ-spouse,Exec-managerial,Husband,White,Male,0,1977,43,United-States,>50K,45_54,41_49
20,Private,39477,Some-college,10,Never-married,Prof-specialty,Not-in-family,White,Female,0,0,30,United-States,<=50K,under_25,under_35
20,Private,117767,Some-college,10,Never-married,Adm-clerical,Own-child,White,Male,0,0,25,United-States,<=50K,under_25,under_35
72,Private,268861,7th-8th,4,Widowed,Other-service,Not-in-family,White,Female,0,0,99,,<=50K,55_plus,50_plus
56,Self-emp-not-inc,60166,1st-4th,2,Never-married,Exec-managerial,Not-in-family,Amer-Indian-Eskimo,Male,0,0,65,United-States,<=50K,55_plus,50_plus
25,Self-emp-inc,454934,Some-college,10,Never-married,Sales,Own-child,White,Female,0,0,35,United-States,<=50K,25_34,35_40
52,Private,232132,12th,8,Married-civ-spouse,Machine-op-inspct,Husband,White,Male,0,0,45,United-States,>50K,45_54,41_49
49,,296892,HS-grad,9,Married-civ-spouse,,Husband,White,Male,0,0,40,Puerto-Rico,<=50K,45_54,35_40
48,Local-gov,317360,Masters,14,Married-civ-spouse,Prof-specialty,Wife,White,Female,0,0,40,United-States,>50K,45_54,35_40
58,Private,174040,Some-college,10,Never-married,Farming-fishing,Not-in-family,White,Male,0,0,40,United-States,<=50K,55_plus,35_40
50,Private,183173,HS-grad,9,Married-civ-spouse,Prof-specialty,Husband,White,Male,99999,0,40,United-States,>50K,45_54,35_40
56,Local-gov,170217,HS-grad,9,Married-civ-spouse,Craft-repair,Husband,White,Male,0,0,40,United-States,<=50K,55_plus,35_40
26,Private,164488,Masters,14,Married-civ-spouse,Prof-specialty,Husband,White,Male,0,1887,40,United-States,>50K,25_34,35_40
21,,228424,10th,6,Never-married,,Own-child,Black,Male,0,0,40,United-States,<=50K,under_25,35_40
52,Private,38795,HS-grad,9,Divorced,Craft-repair,Not-in-family,White,Male,0,0,40,United-States,>50K,45_54,35_40
44,Private,67065,Assoc-voc,11,Never-married,Priv-house-serv,Not-in-family,White,Male,594,0,25,United-States,<=50K,35_44,under_35
31,Private,120857,HS-grad,9,Married-civ-spouse,Sales,Wife,White,Female,0,0,18,United-States,<=50K,25_34,under_35
62,Self-emp-not-inc,158712,HS-grad,9,Never-married,Other-service,Unmarried,White,Female,0,0,6,United-States,<=50K,55_plus,under_35
68,Local-gov,233954,Masters,14,Widowed,Prof-specialty,Unmarried,Black,Female,0,0,40,United-States,>50K,55_plus,35_40
26,Private,306513,Some-college,10,Never-married,Handlers-cleaners,Own-child,White,Male,0,0,40,United-States,<=50K,25_34,35_40
41,Federal-gov,106982,Some-college,10,Divorced,Prof-specialty,Unmarried,White,Female,0,0,40,United-States,>50K,35_44,35_40
29,Private,107812,Some-college,10,Never-married,Prof-specialty,Not-in-family,White,Male,0,0,15,United-States,<=50K,25_34,under_35
48,Private,185143,Masters,14,Married-civ-spouse,Exec-managerial,Husband,White,Male,0,0,40,United-States,<=50K,45_54,35_40
63,Self-emp-not-inc,289741,Masters,14,Married-civ-spouse,Farming-fishing,Husband,White,Male,41310,0,50,United-States,<=50K,55_plus,50_plus
37,Private,240837,HS-grad,9,Divorced,Other-service,Not-in-family,White,Female,0,0,30,United-States,<=50K,35_44,under_35
36,State-gov,223020,Some-college,10,Divorced,Other-service,Unmarried,Black,Female,0,0,20,United-States,<=50K,35_44,under_35
39,Private,115076,Some-college,10,Married-civ-spouse,Machine-op-inspct,Husband,White,Male,0,0,40,United-States,<=50K,35_44,35_40
30,Private,178841,Bachelors,13,Never-married,Exec-managerial,Not-in-family,White,Female,0,0,40,United-States,<=50K,25_34,35_40
33,Self-emp-inc,144949,Bachelors,13,Married-civ-spouse,Sales,Husband,White,Male,0,0,65,United-States,<=50K,25_34,50_plus
43,State-gov,126701,Bachelors,13,Married-civ-spouse,Exec-managerial,Husband,White,Male,0,0,35,United-States,>50K,35_44,35_40
41,Self-emp-not-inc,197176,Bachelors,13,Married-civ-spouse,Farming-fishing,Husband,White,Male,0,0,75,United-States,>50K,35_44,50_plus
65,State-gov,215908,HS-grad,9,Married-civ-spouse,Adm-clerical,Husband,White,Male,0,2174,40,United-States,>50K,55_plus,35_40
48,Private,212120,HS-grad,9,Married-civ-spouse,Machine-op-inspct,Husband,White,Male,0,0,40,United-States,>50K,45_54,35_40
52,Private,138944,11th,7,Married-civ-spouse,Craft-repair,Husband,White,Male,0,0,40,United-States,>50K,45_54,35_40
49,Private,177211,Bachelors,13,Married-civ-spouse,Exec-managerial,Husband,White,Male,0,0,50,United-States,>50K,45_54,50_plus
48,Private,195437,11th,7,Married-civ-spouse,Transport-moving,Husband,White,Male,0,0,40,United-States,>50K,45_54,35_40
47,Private,249935,11th,7,Divorced,Craft-repair,Own-child,White,Male,0,0,8,United-States,<=50K,45_54,under_35
41,Private,256647,HS-grad,9,Married-civ-spouse,Machine-op-inspct,Husband,Black,Male,0,0,40,United-States,<=50K,35_44,35_40
44,Federal-gov,113597,Some-college,10,Married-civ-spouse,Exec-managerial,Husband,White,Male,0,0,55,United-States,>50K,35_44,50_plus
24,Private,176189,HS-grad,9,Married-civ-spouse,Machine-op-inspct,Husband,White,Male,0,0,40,United-States,<=50K,under_25,35_40
23,,296613,Some-college,10,Never-married,,Own-child,White,Female,0,0,32,United-States,<=50K,under_25,under_35
47,Local-gov,109705,HS-grad,9,Divorced,Exec-managerial,Not-in-family,White,Female,0,0,40,United-States,<=50K,45_54,35_40
27,Private,178709,Masters,14,Never-married,Machine-op-inspct,Not-in-family,White,Female,0,0,40,United-States,<=50K,25_34,35_40
27,Private,212506,Some-college,10,Divorced,Adm-clerical,Unmarried,Black,Female,0,0,40,United-States,<=50K,25_34,35_40
26,Private,216010,HS-grad,9,Separated,Exec-managerial,Own-child,White,Female,0,0,40,United-States,<=50K,25_34,35_40
21,Private,184568,HS-grad,9,Never-married,Machine-op-inspct,Not-in-family,White,Male,0,0,40,United-States,<=50K,under_25,35_40
65,Private,212562,11th,7,Married-civ-spouse,Handlers-cleaners,Husband,White,Male,0,0,20,United-States,<=50K,55_plus,under_35
34,State-gov,177331,Some-college,10,Married-civ-spouse,Prof-specialty,Husband,Black,Male,4386,0,40,United-States,>50K,25_34,35_40
37,Private,355856,Bachelors,13,Married-civ-spouse,Craft-repair,Husband,Asian-Pac-Islander,Male,0,0,40,Cambodia,>50K,35_44,35_40
22,Private,297380,HS-grad,9,Never-married,Sales,Own-child,Black,Female,0,0,40,United-States,<=50K,under_25,35_40
49,Private,170165,HS-grad,9,Divorced,Machine-op-inspct,Other-relative,White,Female,0,0,55,United-States,<=50K,45_54,50_plus
36,Private,41624,10th,6,Married-civ-spouse,Craft-repair,Husband,White,Male,0,0,70,Mexico,<=50K,35_44,50_plus
46,Private,26781,HS-grad,9,Married-civ-spouse,Craft-repair,Husband,Amer-Indian-Eskimo,Male,0,0,40,United-States,<=50K,45_54,35_40
59,Private,31782,10th,6,Married-civ-spouse,Transport-moving,Husband,White,Male,0,0,45,United-States,>50K,55_plus,41_49
29,Private,74500,Bachelors,13,Married-civ-spouse,Sales,Husband,White,Male,0,0,40,United-States,>50K,25_34,35_40
43,Local-gov,598995,Bachelors,13,Divorced,Prof-specialty,Unmarried,Black,Female,0,0,42,United-States,<=50K,35_44,41_49
43,Self-emp-not-inc,34007,Bachelors,13,Married-civ-spouse,Farming-fishing,Husband,White,Male,0,0,70,United-States,>50K,35_44,50_plus
24,Private,327518,Assoc-voc,11,Married-civ-spouse,Craft-repair,Husband,White,Male,0,0,45,United-States,<=50K,under_25,41_49
31,State-gov,59969,HS-grad,9,Married-civ-spouse,Adm-clerical,Other-relative,White,Female,0,0,35,United-States,<=50K,25_34,35_40
67,Self-emp-not-inc,179285,Bachelors,13,Married-civ-spouse,Sales,Husband,White,Male,0,0,30,United-States,<=50K,55_plus,under_35
27,Self-emp-not-inc,37302,11th,7,Married-civ-spouse,Exec-managerial,Husband,White,Male,0,0,50,United-States,<=50K,25_34,50_plus
35,Self-emp-not-inc,230268,Some-college,10,Married-civ-spouse,Other-service,Husband,White,Male,0,0,40,United-States,<=50K,35_44,35_40
42,Local-gov,182302,HS-grad,9,Married-civ-spouse,Craft-repair,Husband,White,Male,0,0,40,United-States,<=50K,35_44,35_40
36,Private,218948,9th,5,Separated,Other-service,Unmarried,Black,Female,0,0,40,,<=50K,35_44,35_40
51,Federal-gov,217647,Some-college,10,Divorced,Prof-specialty,Not-in-family,Black,Female,0,0,40,United-States,<=50K,45_54,35_40
20,Private,33087,Assoc-voc,11,Never-married,Farming-fishing,Own-child,White,Male,0,0,40,United-States,<=50K,under_25,35_40
40,Federal-gov,241895,HS-grad,9,Married-civ-spouse,Adm-clerical,Husband,White,Male,0,0,40,United-States,<=50K,35_44,35_40
37,Private,34378,Some-college,10,Married-civ-spouse,Craft-repair,Husband,White,Male,0,0,35,United-States,<=50K,35_44,35_40
47,State-gov,306473,Assoc-acdm,12,Married-civ-spouse,Transport-moving,Husband,White,Male,0,0,40,United-States,<=50K,45_54,35_40
33,Private,165235,Bachelors,13,Never-married,Other-service,Not-in-family,Asian-Pac-Islander,Female,0,0,35,Thailand,<=50K,25_34,35_40
28,Local-gov,50512,Bachelors,13,Never-married,Prof-specialty,Not-in-family,White,Female,2202,0,50,United-States,<=50K,25_34,50_plus
52,Private,155433,5th-6th,3,Never-married,Machine-op-inspct,Not-in-family,White,Female,0,0,40,,<=50K,45_54,35_40
37,Self-emp-inc,199265,Some-college,10,Married-civ-spouse,Exec-managerial,Husband,White,Male,0,0,50,United-States,<=50K,35_44,50_plus
22,Private,195075,Some-college,10,Never-married,Other-service,Own-child,White,Female,0,0,38,United-States,<=50K,under_25,35_40
20,Private,105244,Some-college,10,Never-married,Handlers-cleaners,Not-in-family,White,Male,0,0,50,United-States,<=50K,under_25,50_plus
26,Private,242768,Bachelors,13,Never-married,Prof-specialty,Not-in-family,White,Male,0,0,38,United-States,<=50K,25_34,35_40
18,Local-gov,159032,7th-8th,4,Never-married,Farming-fishing,Own-child,White,Male,0,0,40,United-States,<=50K,under_25,35_40
30,Private,149568,9th,5,Never-married,Farming-fishing,Other-relative,Black,Male,0,0,40,United-States,<=50K,25_34,35_40
40,Private,309311,HS-grad,9,Married-civ-spouse,Farming-fishing,Husband,White,Male,0,0,40,United-States,<=50K,35_44,35_40
55,Private,190514,7th-8th,4,Married-civ-spouse,Adm-clerical,Husband,White,Male,0,0,75,United-States,<=50K,55_plus,50_plus
28,Private,378460,Bachelors,13,Never-married,Adm-clerical,Not-in-family,White,Male,10520,0,60,United-States,>50K,25_34,50_plus
71,Private,193530,11th,7,Never-married,Priv-house-serv,Not-in-family,White,Female,0,0,75,United-States,<=50K,55_plus,50_plus
22,,22966,Some-college,10,Married-civ-spouse,,Husband,White,Male,0,0,6,United-States,<=50K,under_25,under_35
21,Private,43535,Some-college,10,Never-married,Sales,Not-in-family,White,Female,0,0,40,United-States,<=50K,under_25,35_40
31,Private,113364,Assoc-acdm,12,Married-civ-spouse,Machine-op-inspct,Husband,White,Male,0,0,20,United-States,<=50K,25_34,under_35
51,Private,104748,Some-college,10,Married-civ-spouse,Exec-managerial,Husband,White,Male,0,0,45,United-States,<=50K,45_54,41_49
20,Private,258298,Some-college,10,Never-married,Handlers-cleaners,Own-child,White,Male,0,0,20,United-States,<=50K,under_25,under_35
56,Federal-gov,156842,Some-college,10,Separated,Other-service,Not-in-family,Black,Male,0,0,40,United-States,<=50K,55_plus,35_40
20,Private,482732,HS-grad,9,Never-married,Adm-clerical,Other-relative,White,Male,0,0,24,United-States,<=50K,under_25,under_35
52,Private,194259,HS-grad,9,Divorced,Sales,Not-in-family,White,Female,0,0,40,Germany,<=50K,45_54,35_40
36,Private,220696,HS-grad,9,Divorced,Machine-op-inspct,Not-in-family,White,Male,0,0,40,United-States,<=50K,35_44,35_40
26,Private,345405,HS-grad,9,Married-civ-spouse,Sales,Husband,White,Male,2885,0,40,United-States,<=50K,25_34,35_40
56,Self-emp-not-inc,94156,Prof-school,15,Married-civ-spouse,Prof-specialty,Husband,White,Male,0,1977,50,United-States,>50K,55_plus,50_plus
55,Self-emp-not-inc,126117,HS-grad,9,Widowed,Sales,Not-in-family,White,Male,0,0,40,United-States,<=50K,55_plus,35_40
42,Private,296749,Some-college,10,Divorced,Machine-op-inspct,Not-in-family,White,Male,0,0,45,United-States,<=50K,35_44,41_49
79,,142171,7th-8th,4,Married-civ-spouse,,Husband,White,Male,1409,0,35,United-States,<=50K,55_plus,35_40
47,Federal-gov,192894,HS-grad,9,Married-civ-spouse,Transport-moving,Husband,Black,Male,0,0,50,United-States,>50K,45_54,50_plus
25,Private,161478,Bachelors,13,Never-married,Prof-specialty,Not-in-family,Asian-Pac-Islander,Female,0,0,40,United-States,<=50K,25_34,35_40
42,Private,124692,Masters,14,Married-civ-spouse,Exec-managerial,Husband,White,Male,0,0,40,United-States,>50K,35_44,35_40
45,Private,259323,Some-college,10,Married-civ-spouse,Craft-repair,Husband,White,Male,0,0,40,United-States,<=50K,45_54,35_40
23,Local-gov,177265,HS-grad,9,Never-married,Other-service,Own-child,White,Female,0,0,45,United-States,<=50K,under_25,41_49
22,Private,142566,HS-grad,9,Never-married,Sales,Not-in-family,White,Male,0,0,40,United-States,<=50K,under_25,35_40
59,Private,340591,10th,6,Married-civ-spouse,Handlers-cleaners,Husband,White,Male,3942,0,40,United-States,<=50K,55_plus,35_40
29,Private,262208,Some-college,10,Never-married,Other-service,Not-in-family,Black,Female,0,0,30,Jamaica,<=50K,25_34,under_35
21,,205940,Some-college,10,Never-married,,Own-child,White,Female,0,0,40,United-States,<=50K,under_25,35_40
19,Private,231972,11th,7,Never-married,Adm-clerical,Own-child,White,Female,0,0,20,United-States,<=50K,under_25,under_35
57,State-gov,111224,Bachelors,13,Divorced,Machine-op-inspct,Not-in-family,Black,Male,0,0,39,United-States,<=50K,55_plus,35_40
22,State-gov,309348,Some-college,10,Never-married,Adm-clerical,Not-in-family,White,Female,0,0,15,United-States,<=50K,under_25,under_35
25,Private,383306,Bachelors,13,Never-married,Sales,Not-in-family,White,Male,0,0,40,United-States,<=50K,25_34,35_40
25,Private,161007,HS-grad,9,Never-married,Machine-op-inspct,Own-child,White,Male,0,0,40,United-States,<=50K,25_34,35_40
32,Federal-gov,145983,Some-college,10,Married-civ-spouse,Tech-support,Wife,White,Female,0,0,40,United-States,<=50K,25_34,35_40
52,Private,163998,HS-grad,9,Married-civ-spouse,Sales,Husband,White,Male,99999,0,45,United-States,>50K,45_54,41_49
47,Private,157901,11th,7,Married-civ-spouse,Other-service,Husband,Amer-Indian-Eskimo,Male,0,0,36,United-States,<=50K,45_54,35_40
38,Local-gov,167440,HS-grad,9,Married-civ-spouse,Transport-moving,Husband,White,Male,0,0,20,United-States,<=50K,35_44,under_35
28,Local-gov,127491,HS-grad,9,Separated,Adm-clerical,Not-in-family,White,Female,5721,0,40,United-States,<=50K,25_34,35_40
25,Private,117833,Bachelors,13,Never-married,Prof-specialty,Not-in-family,White,Female,0,1876,40,United-States,<=50K,25_34,35_40
34,Private,163110,Bachelors,13,Married-civ-spouse,Craft-repair,Husband,White,Male,0,0,45,United-States,>50K,25_34,41_49
27,Private,321896,HS-grad,9,Never-married,Other-service,Not-in-family,White,Male,0,0,40,United-States,<=50K,25_34,35_40
31,Private,145791,Assoc-voc,11,Divorced,Tech-support,Unmarried,White,Female,0,0,40,United-States,<=50K,25_34,35_40
31,Private,131425,Bachelors,13,Married-civ-spouse,Craft-repair,Husband,White,Male,0,0,40,United-States,<=50K,25_34,35_40
20,Private,494784,HS-grad,9,Never-married,Sales,Other-relative,Black,Female,0,0,35,United-States,<=50K,under_25,35_40
44,Self-emp-not-inc,172479,HS-grad,9,Married-civ-spouse,Farming-fishing,Husband,White,Male,15024,0,60,United-States,>50K,35_44,50_plus
41,Local-gov,26669,Some-college,10,Divorced,Exec-managerial,Not-in-family,White,Female,0,0,40,United-States,<=50K,35_44,35_40
59,Local-gov,105866,Bachelors,13,Married-civ-spouse,Protective-serv,Husband,Black,Male,0,0,30,United-States,<=50K,55_plus,under_35
39,Private,347814,Assoc-acdm,12,Never-married,Other-service,Own-child,White,Female,0,0,56,United-States,<=50K,35_44,50_plus
24,Private,51973,Bachelors,13,Never-married,Prof-specialty,Own-child,White,Female,0,0,20,United-States,<=50K,under_25,under_35
22,Private,88126,Bachelors,13,Never-married,Exec-managerial,Own-child,White,Male,0,0,40,United-States,<=50K,under_25,35_40
34,Private,226296,HS-grad,9,Married-civ-spouse,Other-service,Husband,White,Male,0,0,40,United-States,>50K,25_34,35_40
53,Federal-gov,186087,HS-grad,9,Divorced,Tech-support,Unmarried,White,Male,0,0,40,United-States,<=50K,45_54,35_40
46,Private,306183,HS-grad,9,Never-married,Adm-clerical,Unmarried,White,Female,0,0,37,United-States,<=50K,45_54,35_40
39,Private,348521,Some-college,10,Married-civ-spouse,Farming-fishing,Husband,White,Male,0,2415,99,United-States,>50K,35_44,50_plus
40,Private,222756,Some-college,10,Married-civ-spouse,Machine-op-inspct,Husband,White,Male,0,0,40,United-States,>50K,35_44,35_40
63,Self-emp-inc,110610,10th,6,Married-civ-spouse,Farming-fishing,Husband,White,Male,0,0,50,United-States,<=50K,55_plus,50_plus
36,Private,162424,HS-grad,9,Married-civ-spouse,Craft-repair,Husband,White,Male,0,0,45,United-States,<=50K,35_44,41_49
74,State-gov,117017,Some-college,10,Separated,Sales,Not-in-family,White,Male,0,0,16,United-States,<=50K,55_plus,under_35
32,State-gov,481096,5th-6th,3,Never-married,Machine-op-inspct,Own-child,White,Female,0,0,10,United-States,<=50K,25_34,under_35
38,Private,186145,Some-college,10,Married-civ-spouse,Sales,Wife,White,Female,0,0,40,United-States,>50K,35_44,35_40
24,Local-gov,187397,Some-college,10,Never-married,Protective-serv,Unmarried,Other,Male,1151,0,40,United-States,<=50K,under_25,35_40
40,Private,107306,Bachelors,13,Married-civ-spouse,Exec-managerial,Husband,White,Male,0,0,40,United-States,>50K,35_44,35_40
50,Private,158680,Masters,14,Married-civ-spouse,Exec-managerial,Husband,White,Male,0,0,50,United-States,>50K,45_54,50_plus
32,Self-emp-inc,99309,HS-grad,9,Married-civ-spouse,Exec-managerial,Husband,White,Male,0,0,40,United-States,>50K,25_34,35_40
51,Self-emp-inc,194995,Some-college,10,Married-civ-spouse,Exec-managerial,Husband,White,Male,0,0,45,United-States,>50K,45_54,41_49
58,Self-emp-inc,258883,Bachelors,13,Married-civ-spouse,Prof-specialty,Husband,White,Male,0,0,60,United-States,>50K,55_plus,50_plus
31,Private,182162,HS-grad,9,Married-civ-spouse,Adm-clerical,Wife,White,Female,0,0,37,United-States,<=50K,25_34,35_40
19,,252752,HS-grad,9,Never-married,,Own-child,Black,Male,0,0,35,United-States,<=50K,under_25,35_40
32,Private,272376,Assoc-acdm,12,Never-married,Adm-clerical,Not-in-family,White,Female,0,0,40,United-States,<=50K,25_34,35_40
51,Self-emp-inc,124963,Masters,14,Married-civ-spouse,Sales,Husband,White,Male,0,0,40,United-States,>50K,45_54,35_40
50,Private,107265,HS-grad,9,Married-civ-spouse,Transport-moving,Husband,White,Male,0,0,50,United-States,>50K,45_54,50_plus
19,Private,194905,Some-college,10,Never-married,Other-service,Own-child,White,Female,0,0,12,United-States,<=50K,under_25,under_35
47,Local-gov,183486,Bachelors,13,Married-civ-spouse,Prof-specialty,Wife,White,Female,0,0,50,United-States,>50K,45_54,50_plus
50,Private,146310,9th,5,Married-civ-spouse,Machine-op-inspct,Husband,White,Male,0,0,40,United-States,<=50K,45_54,35_40
62,Self-emp-inc,134768,Masters,14,Married-civ-spouse,Sales,Husband,White,Male,0,0,35,United-States,<=50K,55_plus,35_40
35,Private,556902,HS-grad,9,Divorced,Other-service,Not-in-family,Black,Male,0,0,40,United-States,<=50K,35_44,35_40
32,Private,184833,10th,6,Separated,Craft-repair,Unmarried,White,Female,0,0,40,United-States,<=50K,25_34,35_40
30,Private,54608,Some-college,10,Married-civ-spouse,Machine-op-inspct,Husband,White,Male,0,0,48,United-States,<=50K,25_34,41_49
29,Private,85572,Bachelors,13,Married-civ-spouse,Exec-managerial,Wife,White,Female,0,0,42,United-States,>50K,25_34,41_49
40,Local-gov,34540,Masters,14,Divorced,Prof-specialty,Unmarried,White,Female,0,0,44,United-States,<=50K,35_44,41_49
35,Local-gov,211073,Some-college,10,Married-civ-spouse,Protective-serv,Husband,White,Male,0,0,61,United-States,>50K,35_44,50_plus
54,Private,175262,7th-8th,4,Married-civ-spouse,Machine-op-inspct,Husband,White,Male,0,0,40,United-States,<=50K,45_54,35_40
77,,174887,Some-college,10,Married-civ-spouse,,Husband,White,Male,0,0,6,United-States,<=50K,55_plus,under_35
26,Private,354784,Some-college,10,Never-married,Adm-clerical,Own-child,White,Male,0,0,20,United-States,<=50K,25_34,under_35
42,Federal-gov,294431,Masters,14,Married-civ-spouse,Prof-specialty,Husband,White,Male,0,0,40,United-States,<=50K,35_44,35_40
62,Self-emp-inc,236096,HS-grad,9,Divorced,Exec-managerial,Not-in-family,Black,Male,0,0,40,United-States,<=50K,55_plus,35_40
37,Private,329980,Some-college,10,Married-civ-spouse,Craft-repair,Husband,White,Male,0,0,40,United-States,<=50K,35_44,35_40
22,Private,125010,Assoc-voc,11,Never-married,Priv-house-serv,Not-in-family,White,Female,0,0,30,United-States,<=50K,under_25,under_35
39,Federal-gov,206190,HS-grad,9,Never-married,Exec-managerial,Unmarried,White,Female,0,0,45,United-States,<=50K,35_44,41_49
31,Private,133861,Assoc-acdm,12,Divorced,Exec-managerial,Not-in-family,White,Male,0,0,40,United-States,<=50K,25_34,35_40
39,Private,243409,HS-grad,9,Married-civ-spouse,Exec-managerial,Husband,White,Male,0,0,60,United-States,>50K,35_44,50_plus
42,Private,210275,Masters,14,Divorced,Tech-support,Unmarried,Black,Female,4687,0,35,United-States,>50K,35_44,35_40
28,,127833,HS-grad,9,Never-married,,Unmarried,Black,Female,0,0,40,United-States,<=50K,25_34,35_40
23,Federal-gov,41031,Some-college,10,Never-married,Sales,Not-in-family,White,Female,0,0,35,United-States,<=50K,under_25,35_40
33,Private,53042,12th,8,Never-married,Craft-repair,Own-child,Black,Male,0,0,40,United-States,<=50K,25_34,35_40
45,Private,216626,HS-grad,9,Widowed,Machine-op-inspct,Unmarried,Other,Male,0,0,40,Columbia,<=50K,45_54,35_40
35,Private,93034,HS-grad,9,Never-married,Machine-op-inspct,Not-in-family,Asian-Pac-Islander,Male,0,0,40,Cambodia,<=50K,35_44,35_40
33,Private,118551,HS-grad,9,Divorced,Adm-clerical,Unmarried,White,Female,0,0,40,United-States,<=50K,25_34,35_40
47,Federal-gov,323798,Bachelors,13,Married-civ-spouse,Exec-managerial,Husband,White,Male,0,0,40,United-States,>50K,45_54,35_40
17,,241021,12th,8,Never-married,,Own-child,Other,Female,0,0,40,United-States,<=50K,under_25,35_40
19,Federal-gov,215891,Some-college,10,Never-married,Adm-clerical,Own-child,White,Female,0,0,10,United-States,<=50K,under_25,under_35
30,Private,33688,HS-grad,9,Never-married,Transport-moving,Unmarried,White,Female,0,1669,70,United-States,<=50K,25_34,50_plus
28,Private,202239,7th-8th,4,Married-civ-spouse,Prof-specialty,Husband,White,Male,0,0,55,United-States,<=50K,25_34,50_plus
59,Private,196482,HS-grad,9,Widowed,Adm-clerical,Unmarried,White,Female,0,0,40,United-States,<=50K,55_plus,35_40
20,Private,117210,HS-grad,9,Never-married,Handlers-cleaners,Own-child,White,Male,0,0,40,United-States,<=50K,under_25,35_40
19,Private,248749,Some-college,10,Never-married,Sales,Own-child,White,Male,0,0,20,United-States,<=50K,under_25,under_35
34,Private,175856,Bachelors,13,Married-civ-spouse,Exec-managerial,Husband,White,Male,3103,0,55,United-States,>50K,25_34,50_plus
23,Private,289909,Some-college,10,Never-married,Adm-clerical,Not-in-family,White,Male,0,0,45,United-States,<=50K,under_25,41_49
30,Private,251120,Assoc-acdm,12,Never-married,Sales,Not-in-family,White,Male,0,0,40,England,<=50K,25_34,35_40
25,State-gov,152503,Some-college,10,Never-married,Tech-support,Not-in-family,Black,Male,0,0,40,United-States,<=50K,25_34,35_40
36,Private,215503,HS-grad,9,Never-married,Craft-repair,Not-in-family,White,Male,0,0,65,United-States,<=50K,35_44,50_plus
29,Private,238680,Some-college,10,Never-married,Sales,Not-in-family,Black,Male,0,0,55,Outlying-US(Guam-USVI-etc),<=50K,25_34,50_plus
22,State-gov,157332,Some-college,10,Never-married,Other-service,Own-child,White,Female,0,0,15,United-States,<=50K,under_25,under_35
34,Private,209101,Bachelors,13,Married-civ-spouse,Exec-managerial,Husband,White,Male,5178,0,55,United-States,>50K,25_34,50_plus
27,Federal-gov,214385,HS-grad,9,Never-married,Adm-clerical,Not-in-family,Black,Female,0,0,40,United-States,<=50K,25_34,35_40
47,Private,173271,HS-grad,9,Divorced,Adm-clerical,Unmarried,White,Female,0,0,40,United-States,<=50K,45_54,35_40
24,Private,86153,Some-college,10,Never-married,Adm-clerical,Not-in-family,White,Female,0,0,40,United-States,<=50K,under_25,35_40
49,State-gov,247378,Some-college,10,Divorced,Prof-specialty,Not-in-family,White,Female,0,0,20,United-States,<=50K,45_54,under_35
26,Private,252565,10th,6,Married-civ-spouse,Craft-repair,Husband,White,Male,0,0,55,United-States,<=50K,25_34,50_plus
37,Private,179088,Some-college,10,Divorced,Adm-clerical,Not-in-family,White,Female,0,0,40,United-States,<=50K,35_44,35_40
27,Self-emp-inc,399904,HS-grad,9,Never-married,Craft-repair,Other-relative,White,Male,0,0,50,Mexico,<=50K,25_34,50_plus
33,Private,609789,Assoc-acdm,12,Married-spouse-absent,Machine-op-inspct,Unmarried,White,Male,0,0,40,United-States,<=50K,25_34,35_40
30,Private,104052,HS-grad,9,Never-married,Machine-op-inspct,Not-in-family,White,Male,0,1741,42,United-States,<=50K,25_34,41_49
38,,212048,Prof-school,15,Divorced,,Not-in-family,White,Female,0,0,30,United-States,<=50K,35_44,under_35
18,Private,188616,11th,7,Never-married,Sales,Own-child,White,Male,0,0,15,United-States,<=50K,under_25,under_35
57,Self-emp-not-inc,35561,HS-grad,9,Married-civ-spouse,Farming-fishing,Husband,White,Male,0,0,60,United-States,>50K,55_plus,50_plus
23,Private,359759,HS-grad,9,Never-married,Craft-repair,Own-child,Asian-Pac-Islander,Male,0,0,40,Philippines,<=50K,under_25,35_40
18,,261276,Some-college,10,Never-married,,Own-child,Black,Female,0,1602,40,Cambodia,<=50K,under_25,35_40
36,Private,147548,HS-grad,9,Married-civ-spouse,Machine-op-inspct,Husband,White,Male,0,0,85,United-States,<=50K,35_44,50_plus
24,Private,230229,5th-6th,3,Never-married,Machine-op-inspct,Other-relative,White,Male,0,0,40,Mexico,<=50K,under_25,35_40
65,Private,23580,Bachelors,13,Divorced,Adm-clerical,Not-in-family,White,Female,0,0,40,United-States,<=50K,55_plus,35_40
40,Private,225660,Bachelors,13,Married-civ-spouse,Exec-managerial,Wife,White,Female,0,0,45,United-States,>50K,35_44,41_49
23,Self-emp-not-inc,409230,1st-4th,2,Married-civ-spouse,Sales,Other-relative,White,Male,0,0,40,United-States,<=50K,under_25,35_40
22,Private,416356,Some-college,10,Never-married,Craft-repair,Unmarried,White,Male,0,0,40,United-States,<=50K,under_25,35_40
36,State-gov,205555,Prof-school,15,Divorced,Prof-specialty,Own-child,Asian-Pac-Islander,Female,0,0,40,Philippines,<=50K,35_44,35_40
63,Self-emp-not-inc,33487,7th-8th,4,Married-civ-spouse,Craft-repair,Husband,White,Male,0,0,40,United-States,<=50K,55_plus,35_40
28,Private,106951,HS-grad,9,Never-married,Handlers-cleaners,Not-in-family,White,Male,0,0,42,United-States,<=50K,25_34,41_49
36,Private,292570,11th,7,Never-married,Machine-op-inspct,Unmarried,White,Female,0,0,40,United-States,<=50K,35_44,35_40
22,Private,136873,Some-college,10,Never-married,Craft-repair,Not-in-family,White,Male,0,0,40,United-States,<=50K,under_25,35_40
48,Private,135525,Assoc-acdm,12,Divorced,Adm-clerical,Not-in-family,White,Female,0,0,40,United-States,<=50K,45_54,35_40
32,Private,228357,Assoc-voc,11,Divorced,Other-service,Unmarried,White,Female,0,0,40,,<=50K,25_34,35_40
50,Local-gov,124963,HS-grad,9,Married-civ-spouse,Craft-repair,Husband,White,Male,0,1977,35,United-States,>50K,45_54,35_40
23,Private,176123,HS-grad,9,Never-married,Tech-support,Other-relative,Asian-Pac-Islander,Male,0,0,40,Vietnam,<=50K,under_25,35_40
32,Private,235862,Some-college,10,Divorced,Exec-managerial,Not-in-family,White,Female,0,0,45,United-States,<=50K,25_34,41_49
30,Local-gov,211654,Masters,14,Married-civ-spouse,Prof-specialty,Husband,White,Male,0,0,40,United-States,>50K,25_34,35_40
25,Private,247025,Bachelors,13,Never-married,Sales,Not-in-family,White,Male,3325,0,48,United-States,<=50K,25_34,41_49
58,Private,111394,Bachelors,13,Married-civ-spouse,Prof-specialty,Husband,White,Male,0,0,40,United-States,>50K,55_plus,35_40
67,,209137,Bachelors,13,Married-civ-spouse,,Husband,White,Male,0,0,40,United-States,<=50K,55_plus,35_40
25,Private,28473,Assoc-voc,11,Married-civ-spouse,Craft-repair,Husband,White,Male,0,0,40,United-States,<=50K,25_34,35_40
56,Private,165315,10th,6,Married-civ-spouse,Craft-repair,Husband,White,Male,0,0,70,,<=50K,55_plus,50_plus
41,Local-gov,185057,HS-grad,9,Divorced,Exec-managerial,Unmarried,White,Female,0,0,40,United-States,<=50K,35_44,35_40
37,Private,36425,HS-grad,9,Never-married,Other-service,Not-in-family,White,Female,0,0,40,United-States,<=50K,35_44,35_40
26,Private,229613,HS-grad,9,Divorced,Machine-op-inspct,Not-in-family,White,Female,0,0,40,United-States,<=50K,25_34,35_40
33,State-gov,290614,HS-grad,9,Married-civ-spouse,Other-service,Husband,White,Male,0,0,40,United-States,<=50K,25_34,35_40
52,Self-emp-not-inc,199265,HS-grad,9,Divorced,Craft-repair,Not-in-family,Black,Male,0,0,40,United-States,<=50K,45_54,35_40
29,Private,54932,Some-college,10,Divorced,Craft-repair,Unmarried,White,Male,0,0,35,United-States,>50K,25_34,35_40
30,Private,39054,HS-grad,9,Married-civ-spouse,Exec-managerial,Husband,White,Male,0,0,65,United-States,>50K,25_34,50_plus
42,Private,188808,Bachelors,13,Divorced,Adm-clerical,Unmarried,White,Male,0,0,30,United-States,<=50K,35_44,under_35
41,Private,22201,Bachelors,13,Married-civ-spouse,Exec-managerial,Husband,Asian-Pac-Islander,Male,0,0,40,Japan,>50K,35_44,35_40
35,Self-emp-inc,187046,Masters,14,Married-civ-spouse,Adm-clerical,Husband,White,Male,0,0,50,United-States,<=50K,35_44,50_plus
46,State-gov,55377,Bachelors,13,Married-civ-spouse,Prof-specialty,Husband,Black,Male,0,0,40,United-States,>50K,45_54,35_40
27,Private,217530,HS-grad,9,Married-civ-spouse,Machine-op-inspct,Husband,White,Male,0,0,40,Mexico,<=50K,25_34,35_40
40,Self-emp-inc,144371,Bachelors,13,Married-civ-spouse,Craft-repair,Husband,White,Male,0,0,15,United-States,<=50K,35_44,under_35
42,Private,169383,Masters,14,Married-civ-spouse,Prof-specialty,Husband,White,Male,0,0,40,United-States,>50K,35_44,35_40
53,Self-emp-not-inc,159876,HS-grad,9,Married-civ-spouse,Craft-repair,Husband,Black,Male,3103,0,72,United-States,<=50K,45_54,50_plus
46,Private,160474,HS-grad,9,Divorced,Adm-clerical,Unmarried,White,Female,0,1590,43,United-States,<=50K,45_54,41_49
47,Private,191957,HS-grad,9,Married-civ-spouse,Sales,Husband,Black,Male,0,0,40,United-States,>50K,45_54,35_40
53,State-gov,197184,Masters,14,Married-civ-spouse,Exec-managerial,Husband,White,Male,0,0,70,United-States,>50K,45_54,50_plus
56,Private,187295,Bachelors,13,Married-civ-spouse,Prof-specialty,Husband,White,Male,0,0,40,United-States,>50K,55_plus,35_40
34,Private,79637,Bachelors,13,Never-married,Exec-managerial,Own-child,Amer-Indian-Eskimo,Female,0,0,40,United-States,<=50K,25_34,35_40
28,Private,233796,Some-college,10,Married-civ-spouse,Adm-clerical,Wife,White,Female,7298,0,32,United-States,>50K,25_34,under_35
19,Private,139466,Some-college,10,Never-married,Sales,Own-child,White,Female,0,0,25,United-States,<=50K,under_25,under_35
50,Private,172175,Prof-school,15,Married-civ-spouse,Prof-specialty,Husband,White,Male,0,0,50,United-States,>50K,45_54,50_plus
54,Self-emp-inc,147239,Doctorate,16,Married-civ-spouse,Prof-specialty,Husband,White,Male,0,0,60,United-States,>50K,45_54,50_plus
38,Private,159179,Some-college,10,Married-civ-spouse,Exec-managerial,Husband,White,Male,0,1902,50,United-States,>50K,35_44,50_plus
53,Private,155963,Bachelors,13,Married-civ-spouse,Sales,Husband,White,Male,0,0,30,United-States,<=50K,45_54,under_35
22,Private,162667,HS-grad,9,Never-married,Handlers-cleaners,Own-child,White,Male,0,0,50,Portugal,<=50K,under_25,50_plus
30,Private,203258,HS-grad,9,Never-married,Other-service,Not-in-family,White,Female,0,0,35,United-States,<=50K,25_34,35_40
53,Private,304353,Some-college,10,Married-civ-spouse,Craft-repair,Husband,White,Male,0,0,36,United-States,>50K,45_54,35_40
24,Private,205839,Some-college,10,Never-married,Handlers-cleaners,Own-child,White,Male,0,0,40,United-States,<=50K,under_25,35_40
37,Private,184498,HS-grad,9,Married-civ-spouse,Transport-moving,Husband,White,Male,0,0,40,United-States,<=50K,35_44,35_40
47,Private,23545,Some-college,10,Married-civ-spouse,Handlers-cleaners,Husband,White,Male,0,0,40,United-States,<=50K,45_54,35_40
31,Private,189759,Masters,14,Married-civ-spouse,Sales,Husband,White,Male,0,0,40,United-States,>50K,25_34,35_40
32,Private,339482,5th-6th,3,Separated,Farming-fishing,Other-relative,White,Male,0,0,60,Mexico,<=50K,25_34,50_plus
68,Private,45508,5th-6th,3,Married-spouse-absent,Sales,Not-in-family,White,Male,0,0,22,United-States,<=50K,55_plus,under_35
31,Private,193477,HS-grad,9,Married-civ-spouse,Craft-repair,Husband,White,Male,0,0,55,United-States,<=50K,25_34,50_plus
45,Private,129371,9th,5,Separated,Other-service,Unmarried,Other,Female,0,0,40,Trinadad&Tobago,<=50K,45_54,35_40
20,Private,219262,9th,5,Never-married,Transport-moving,Not-in-family,White,Male,0,0,50,United-States,<=50K,under_25,50_plus
32,State-gov,111363,Prof-school,15,Married-civ-spouse,Prof-specialty,Husband,White,Male,0,0,75,United-States,>50K,25_34,50_plus
19,Private,456572,HS-grad,9,Never-married,Farming-fishing,Other-relative,White,Male,0,0,35,United-States,<=50K,under_25,35_40
38,Private,331395,7th-8th,4,Married-civ-spouse,Farming-fishing,Husband,White,Male,3942,0,84,Portugal,<=50K,35_44,50_plus
40,Local-gov,261497,HS-grad,9,Married-civ-spouse,Craft-repair,Husband,Black,Male,0,0,35,United-States,<=50K,35_44,35_40
58,Private,365511,Some-college,10,Divorced,Machine-op-inspct,Not-in-family,Other,Male,0,0,40,Mexico,<=50K,55_plus,35_40
26,Local-gov,190350,Bachelors,13,Never-married,Prof-specialty,Own-child,Black,Female,0,0,35,United-States,<=50K,25_34,35_40
43,Private,178780,Assoc-acdm,12,Married-civ-spouse,Exec-managerial,Husband,White,Male,0,0,45,United-States,>50K,35_44,41_49
42,Self-emp-inc,23813,Some-college,10,Married-civ-spouse,Prof-specialty,Husband,Amer-Indian-Eskimo,Male,2885,0,30,United-States,<=50K,35_44,under_35
46,Private,155659,11th,7,Married-civ-spouse,Craft-repair,Husband,White,Male,0,1902,40,United-States,>50K,45_54,35_40
59,Private,138370,10th,6,Married-spouse-absent,Protective-serv,Not-in-family,Asian-Pac-Islander,Male,0,0,40,India,<=50K,55_plus,35_40
32,Private,197457,HS-grad,9,Divorced,Tech-support,Unmarried,White,Female,1471,0,38,United-States,<=50K,25_34,35_40
65,Private,36209,10th,6,Married-civ-spouse,Handlers-cleaners,Husband,White,Male,0,0,22,United-States,>50K,55_plus,under_35
59,Private,131869,HS-grad,9,Widowed,Other-service,Not-in-family,White,Female,0,0,35,United-States,<=50K,55_plus,35_40
20,Private,173736,9th,5,Never-married,Machine-op-inspct,Own-child,White,Male,0,0,40,United-States,<=50K,under_25,35_40
44,Private,187720,HS-grad,9,Married-civ-spouse,Craft-repair,Husband,White,Male,0,0,41,United-States,<=50K,35_44,41_49
30,Private,329425,HS-grad,9,Married-civ-spouse,Craft-repair,Husband,White,Male,0,0,40,United-States,<=50K,25_34,35_40
52,Private,373367,11th,7,Widowed,Craft-repair,Not-in-family,White,Male,0,0,40,United-States,<=50K,45_54,35_40
30,Private,156890,HS-grad,9,Married-civ-spouse,Machine-op-inspct,Husband,White,Male,0,0,45,United-States,<=50K,25_34,41_49
31,Private,156763,HS-grad,9,Married-civ-spouse,Sales,Husband,White,Male,2829,0,40,United-States,<=50K,25_34,35_40
43,Private,244172,HS-grad,9,Married-civ-spouse,Machine-op-inspct,Husband,White,Male,0,0,35,,<=50K,35_44,35_40
25,Private,193051,HS-grad,9,Never-married,Exec-managerial,Own-child,White,Male,0,0,25,United-States,<=50K,25_34,under_35
55,Self-emp-not-inc,95149,Some-college,10,Married-civ-spouse,Transport-moving,Husband,White,Male,0,0,99,United-States,<=50K,55_plus,50_plus
63,Self-emp-not-inc,27653,HS-grad,9,Married-civ-spouse,Farming-fishing,Husband,White,Male,0,0,35,United-States,<=50K,55_plus,35_40
53,Private,48641,12th,8,Never-married,Other-service,Not-in-family,Other,Female,0,0,35,United-States,<=50K,45_54,35_40
47,Private,341471,HS-grad,9,Divorced,Priv-house-serv,Not-in-family,White,Female,0,0,4,United-States,<=50K,45_54,under_35
41,Private,163322,11th,7,Divorced,Exec-managerial,Unmarried,White,Female,0,0,36,United-States,<=50K,35_44,35_40
53,Local-gov,287192,1st-4th,2,Married-civ-spouse,Other-service,Husband,White,Male,0,0,32,Mexico,<=50K,45_54,under_35
55,Private,162205,HS-grad,9,Married-civ-spouse,Transport-moving,Husband,White,Male,5178,0,72,United-States,>50K,55_plus,50_plus
39,Private,103260,Bachelors,13,Married-civ-spouse,Craft-repair,Wife,White,Female,0,0,30,United-States,>50K,35_44,under_35
32,Private,143604,HS-grad,9,Divorced,Other-service,Not-in-family,Black,Female,0,0,16,United-States,<=50K,25_34,under_35
47,,99127,Assoc-voc,11,Married-civ-spouse,,Husband,White,Male,0,0,40,United-States,>50K,45_54,35_40
23,Self-emp-inc,215395,Assoc-voc,11,Never-married,Craft-repair,Not-in-family,White,Male,0,0,50,United-States,<=50K,under_25,50_plus
44,State-gov,183829,Bachelors,13,Never-married,Adm-clerical,Not-in-family,White,Female,0,0,38,United-States,<=50K,35_44,35_40
53,Private,200190,Some-college,10,Divorced,Craft-repair,Not-in-family,White,Male,0,0,40,United-States,>50K,45_54,35_40
31,Private,142675,Some-college,10,Never-married,Exec-managerial,Own-child,White,Male,0,0,40,United-States,<=50K,25_34,35_40
47,Self-emp-not-inc,88500,HS-grad,9,Married-civ-spouse,Farming-fishing,Husband,White,Male,0,0,35,United-States,<=50K,45_54,35_40
35,Local-gov,145308,Some-college,10,Married-civ-spouse,Other-service,Husband,White,Male,0,0,40,United-States,<=50K,35_44,35_40
33,Private,288273,12th,8,Separated,Adm-clerical,Unmarried,White,Female,1471,0,40,United-States,<=50K,25_34,35_40
53,Private,94081,Bachelors,13,Married-civ-spouse,Exec-managerial,Husband,White,Male,0,0,44,United-States,>50K,45_54,41_49
46,Private,375606,Doctorate,16,Never-married,Prof-specialty,Not-in-family,White,Male,0,0,40,United-States,>50K,45_54,35_40
41,Private,288679,HS-grad,9,Married-civ-spouse,Craft-repair,Husband,White,Male,0,0,40,United-States,<=50K,35_44,35_40
18,Self-emp-inc,117372,11th,7,Never-married,Sales,Own-child,White,Male,0,0,15,United-States,<=50K,under_25,under_35
25,Private,404616,Bachelors,13,Married-civ-spouse,Exec-managerial,Husband,White,Male,0,0,40,United-States,>50K,25_34,35_40
33,Private,399088,HS-grad,9,Divorced,Transport-moving,Unmarried,White,Female,0,0,40,United-States,<=50K,25_34,35_40
26,,167835,Bachelors,13,Married-civ-spouse,,Wife,White,Female,0,0,20,United-States,<=50K,25_34,under_35
71,Private,110380,HS-grad,9,Married-civ-spouse,Sales,Husband,White,Male,0,2467,52,United-States,<=50K,55_plus,50_plus
34,Private,106541,Some-college,10,Married-civ-spouse,Machine-op-inspct,Husband,White,Male,0,0,40,United-States,<=50K,25_34,35_40
39,Private,138192,Bachelors,13,Married-civ-spouse,Craft-repair,Husband,White,Male,0,0,40,United-States,>50K,35_44,35_40
65,Private,149131,11th,7,Divorced,Machine-op-inspct,Other-relative,White,Male,0,0,40,United-States,<=50K,55_plus,35_40
35,Private,90406,11th,7,Married-civ-spouse,Sales,Wife,White,Female,0,0,40,United-States,<=50K,35_44,35_40
27,Private,221252,HS-grad,9,Never-married,Adm-clerical,Not-in-family,Amer-Indian-Eskimo,Female,0,0,8,United-States,<=50K,25_34,under_35
53,Private,161691,HS-grad,9,Widowed,Sales,Not-in-family,White,Female,0,0,35,United-States,<=50K,45_54,35_40
25,,126797,HS-grad,9,Married-spouse-absent,,Not-in-family,White,Male,0,0,40,United-States,<=50K,25_34,35_40
42,Private,52849,Some-college,10,Married-civ-spouse,Machine-op-inspct,Husband,White,Male,0,0,40,United-States,<=50K,35_44,35_40
53,Private,172991,Some-college,10,Married-civ-spouse,Sales,Husband,White,Male,0,0,25,United-States,<=50K,45_54,under_35
28,Private,54042,Assoc-voc,11,Never-married,Other-service,Not-in-family,White,Female,2463,0,35,United-States,<=50K,25_34,35_40
34,Private,554206,HS-grad,9,Separated,Transport-moving,Not-in-family,Black,Male,0,0,20,United-States,<=50K,25_34,under_35
54,Private,202415,HS-grad,9,Married-civ-spouse,Craft-repair,Husband,White,Male,0,0,40,United-States,>50K,45_54,35_40
20,,129240,Some-college,10,Never-married,,Own-child,White,Female,0,0,25,United-States,<=50K,under_25,under_35
88,Private,68539,Some-college,10,Divorced,Adm-clerical,Unmarried,White,Female,0,0,40,United-States,<=50K,55_plus,35_40
19,Private,126501,11th,7,Never-married,Adm-clerical,Own-child,Amer-Indian-Eskimo,Female,0,0,15,South,<=50K,under_25,under_35
41,Self-emp-not-inc,150533,Prof-school,15,Married-civ-spouse,Prof-specialty,Husband,White,Male,0,0,50,United-States,>50K,35_44,50_plus
24,Private,196943,HS-grad,9,Never-married,Sales,Own-child,White,Male,0,0,40,United-States,<=50K,under_25,35_40
51,Private,233149,Assoc-acdm,12,Married-civ-spouse,Exec-managerial,Husband,White,Male,0,0,45,United-States,>50K,45_54,41_49
20,Private,387779,11th,7,Never-married,Transport-moving,Own-child,White,Male,0,0,15,United-States,<=50K,under_25,under_35
40,Private,83859,HS-grad,9,Widowed,Machine-op-inspct,Own-child,White,Female,0,0,30,United-States,<=50K,35_44,under_35
34,Private,351810,Bachelors,13,Never-married,Prof-specialty,Not-in-family,White,Female,0,0,45,Cuba,<=50K,25_34,41_49
17,Private,54257,11th,7,Never-married,Adm-clerical,Own-child,White,Female,0,0,20,United-States,<=50K,under_25,under_35
51,Federal-gov,20795,HS-grad,9,Married-civ-spouse,Transport-moving,Husband,White,Male,7688,0,40,United-States,>50K,45_54,35_40
58,,97634,5th-6th,3,Married-civ-spouse,,Husband,White,Male,0,0,40,United-States,<=50K,55_plus,35_40
30,Private,170065,Some-college,10,Married-civ-spouse,Craft-repair,Husband,White,Male,0,0,40,United-States,<=50K,25_34,35_40
56,Private,193453,Bachelors,13,Married-civ-spouse,Prof-specialty,Husband,White,Male,0,1902,65,United-States,>50K,55_plus,50_plus
40,Private,694812,Some-college,10,Never-married,Craft-repair,Not-in-family,White,Male,0,0,40,United-States,<=50K,35_44,35_40
27,Private,329426,Masters,14,Never-married,Exec-managerial,Not-in-family,White,Male,0,0,37,United-States,<=50K,25_34,35_40
19,,174871,Some-college,10,Never-married,,Own-child,White,Male,0,0,23,United-States,<=50K,under_25,under_35
35,Private,216473,Some-college,10,Married-civ-spouse,Adm-clerical,Husband,White,Male,0,0,50,United-States,>50K,35_44,50_plus
23,Private,293565,10th,6,Never-married,Handlers-cleaners,Not-in-family,White,Male,0,0,40,United-States,<=50K,under_25,35_40
39,Private,129495,Some-college,10,Separated,Adm-clerical,Unmarried,Black,Female,0,0,40,United-States,<=50K,35_44,35_40
53,Private,355802,Some-college,10,Widowed,Sales,Unmarried,White,Female,0,0,30,United-States,<=50K,45_54,under_35
44,Self-emp-not-inc,112507,5th-6th,3,Married-civ-spouse,Craft-repair,Husband,White,Male,0,0,40,United-States,<=50K,35_44,35_40
32,Private,213750,Assoc-voc,11,Never-married,Other-service,Not-in-family,White,Male,0,0,45,United-States,<=50K,25_34,41_49
20,Private,124751,Some-college,10,Never-married,Adm-clerical,Own-child,White,Female,0,0,24,United-States,<=50K,under_25,under_35
27,Private,98769,Bachelors,13,Never-married,Sales,Not-in-family,White,Male,0,0,45,United-States,<=50K,25_34,41_49
20,Private,243178,HS-grad,9,Never-married,Handlers-cleaners,Own-child,White,Male,0,0,28,United-States,<=50K,under_25,under_35
44,Local-gov,277144,Bachelors,13,Never-married,Prof-specialty,Own-child,White,Male,0,0,60,United-States,<=50K,35_44,50_plus
37,Local-gov,217689,Some-college,10,Married-civ-spouse,Other-service,Husband,Amer-Indian-Eskimo,Male,0,0,32,United-States,<=50K,35_44,under_35
43,Self-emp-not-inc,73883,Bachelors,13,Divorced,Sales,Unmarried,White,Male,0,0,45,United-States,<=50K,35_44,41_49
42,Private,188693,Some-college,10,Married-civ-spouse,Craft-repair,Husband,White,Male,0,0,40,United-States,<=50K,35_44,35_40
41,Private,162140,HS-grad,9,Divorced,Craft-repair,Not-in-family,White,Male,0,2339,40,United-States,<=50K,35_44,35_40
41,Private,196456,Masters,14,Never-married,Prof-specialty,Not-in-family,White,Female,0,0,40,United-States,<=50K,35_44,35_40
59,Private,147989,Some-college,10,Married-civ-spouse,Tech-support,Husband,White,Male,0,0,50,United-States,>50K,55_plus,50_plus
46,Private,96080,9th,5,Separated,Craft-repair,Unmarried,White,Female,0,0,40,United-States,<=50K,45_54,35_40
27,Private,224105,HS-grad,9,Married-civ-spouse,Machine-op-inspct,Husband,White,Male,7298,0,40,United-States,>50K,25_34,35_40
26,Private,67257,Bachelors,13,Widowed,Exec-managerial,Not-in-family,White,Female,0,0,55,United-States,<=50K,25_34,50_plus
24,Private,62952,HS-grad,9,Never-married,Craft-repair,Own-child,White,Male,0,0,40,United-States,<=50K,under_25,35_40
25,Private,111058,Some-college,10,Never-married,Adm-clerical,Not-in-family,White,Male,0,1980,40,United-States,<=50K,25_34,35_40
24,Private,464103,HS-grad,9,Never-married,Adm-clerical,Not-in-family,White,Male,0,0,50,United-States,<=50K,under_25,50_plus
49,,271346,Bachelors,13,Married-civ-spouse,,Husband,White,Male,15024,0,60,United-States,>50K,45_54,50_plus
49,Self-emp-not-inc,189123,HS-grad,9,Married-civ-spouse,Craft-repair,Husband,White,Male,5013,0,50,United-States,<=50K,45_54,50_plus
55,Private,104996,7th-8th,4,Married-civ-spouse,Transport-moving,Husband,White,Male,0,0,50,United-States,<=50K,55_plus,50_plus
72,Private,158092,Bachelors,13,Divorced,Sales,Not-in-family,White,Male,0,0,30,United-States,<=50K,55_plus,under_35
54,Self-emp-inc,304570,Bachelors,13,Married-civ-spouse,Machine-op-inspct,Husband,Asian-Pac-Islander,Male,7688,0,40,,>50K,45_54,35_40
24,Private,89347,11th,7,Never-married,Machine-op-inspct,Not-in-family,White,Female,0,0,40,United-States,<=50K,under_25,35_40
23,Private,122272,HS-grad,9,Never-married,Craft-repair,Own-child,White,Female,0,0,40,United-States,<=50K,under_25,35_40
58,Private,248739,HS-grad,9,Married-civ-spouse,Farming-fishing,Husband,White,Male,0,0,53,United-States,>50K,55_plus,50_plus
20,Private,224238,12th,8,Never-married,Craft-repair,Own-child,White,Male,0,0,40,United-States,<=50K,under_25,35_40
38,Private,391040,Assoc-voc,11,Separated,Tech-support,Unmarried,White,Female,0,0,20,United-States,<=50K,35_44,under_35
37,Private,178948,Bachelors,13,Married-civ-spouse,Exec-managerial,Wife,White,Female,7688,0,45,United-States,>50K,35_44,41_49
34,Private,340458,HS-grad,9,Divorced,Machine-op-inspct,Unmarried,White,Female,0,0,40,United-States,<=50K,25_34,35_40
66,Self-emp-not-inc,427422,Doctorate,16,Married-civ-spouse,Sales,Husband,White,Male,0,2377,25,United-States,>50K,55_plus,under_35
29,Private,326330,Some-college,10,Divorced,Exec-managerial,Own-child,White,Female,1831,0,40,United-States,<=50K,25_34,35_40
71,State-gov,26109,Prof-school,15,Married-civ-spouse,Other-service,Husband,White,Male,0,0,28,United-States,<=50K,55_plus,under_35
20,Private,179423,Some-college,10,Never-married,Handlers-cleaners,Own-child,White,Female,0,0,8,United-States,<=50K,under_25,under_35
45,Private,329144,Some-college,10,Married-civ-spouse,Sales,Husband,White,Male,0,0,40,United-States,>50K,45_54,35_40
44,Private,268098,12th,8,Never-married,Transport-moving,Not-in-family,Black,Male,0,0,36,United-States,<=50K,35_44,35_40
21,,380219,Some-college,10,Never-married,,Own-child,Black,Female,0,0,40,United-States,<=50K,under_25,35_40
24,,172152,Bachelors,13,Never-married,,Not-in-family,Asian-Pac-Islander,Male,0,0,25,Taiwan,<=50K,under_25,under_35
76,Private,199949,Bachelors,13,Married-civ-spouse,Adm-clerical,Husband,White,Male,20051,0,50,United-States,>50K,55_plus,50_plus
24,Self-emp-not-inc,83374,Some-college,10,Never-married,Prof-specialty,Not-in-family,Asian-Pac-Islander,Male,0,0,30,United-States,>50K,under_25,under_35
24,Private,215243,Bachelors,13,Never-married,Adm-clerical,Not-in-family,White,Female,0,0,42,United-States,<=50K,under_25,41_49
25,Private,219130,Some-college,10,Never-married,Other-service,Not-in-family,Other,Female,0,0,40,United-States,<=50K,25_34,35_40
53,Local-gov,200190,Masters,14,Married-civ-spouse,Prof-specialty,Husband,White,Male,0,1977,55,United-States,>50K,45_54,50_plus
52,Local-gov,205767,Masters,14,Married-civ-spouse,Prof-specialty,Husband,Black,Male,0,0,40,United-States,>50K,45_54,35_40
30,Private,94413,Some-college,10,Divorced,Transport-moving,Not-in-family,White,Male,0,0,30,United-States,<=50K,25_34,under_35
48,Private,102597,Some-college,10,Separated,Adm-clerical,Unmarried,White,Female,0,0,44,United-States,<=50K,45_54,41_49
62,,113234,Masters,14,Married-civ-spouse,,Wife,White,Female,0,0,40,United-States,<=50K,55_plus,35_40
45,Private,260490,Masters,14,Married-civ-spouse,Exec-managerial,Husband,White,Male,0,0,50,United-States,>50K,45_54,50_plus
39,Private,186130,Prof-school,15,Married-civ-spouse,Exec-managerial,Husband,White,Male,0,0,55,United-States,>50K,35_44,50_plus
35,Private,126675,HS-grad,9,Married-civ-spouse,Exec-managerial,Husband,White,Male,0,0,48,United-States,<=50K,35_44,41_49
43,Self-emp-inc,83348,HS-grad,9,Married-civ-spouse,Craft-repair,Husband,White,Male,0,0,60,United-States,<=50K,35_44,50_plus
24,Local-gov,196816,Some-college,10,Never-married,Protective-serv,Not-in-family,White,Male,0,0,50,United-States,<=50K,under_25,50_plus
42,Local-gov,193537,7th-8th,4,Married-spouse-absent,Other-service,Not-in-family,White,Female,0,0,35,Puerto-Rico,<=50K,35_44,35_40
22,Private,298227,HS-grad,9,Never-married,Handlers-cleaners,Unmarried,White,Male,0,0,35,United-States,<=50K,under_25,35_40
38,Private,439592,Some-college,10,Never-married,Other-service,Own-child,Black,Female,0,0,40,United-States,<=50K,35_44,35_40
24,Private,73928,Assoc-voc,11,Never-married,Adm-clerical,Own-child,Asian-Pac-Islander,Female,0,0,20,United-States,<=50K,under_25,under_35
28,Private,96020,Bachelors,13,Never-married,Exec-managerial,Not-in-family,White,Female,0,0,40,United-States,<=50K,25_34,35_40
31,Private,329874,Some-college,10,Never-married,Adm-clerical,Not-in-family,White,Male,0,0,40,United-States,<=50K,25_34,35_40
28,State-gov,277635,Some-college,10,Never-married,Adm-clerical,Not-in-family,White,Female,0,0,50,United-States,<=50K,25_34,50_plus
51,Private,57698,HS-grad,9,Married-spouse-absent,Other-service,Unmarried,White,Female,0,0,40,United-States,<=50K,45_54,35_40
59,Private,98350,HS-grad,9,Divorced,Other-service,Not-in-family,Asian-Pac-Islander,Male,0,0,40,China,<=50K,55_plus,35_40
37,Private,243409,HS-grad,9,Married-civ-spouse,Transport-moving,Husband,White,Male,0,0,50,United-States,<=50K,35_44,50_plus
48,Private,107373,10th,6,Married-civ-spouse,Transport-moving,Husband,White,Male,0,0,40,United-States,>50K,45_54,35_40
37,Private,61778,Bachelors,13,Never-married,Farming-fishing,Not-in-family,White,Male,0,0,30,United-States,<=50K,35_44,under_35
53,State-gov,58913,Masters,14,Married-civ-spouse,Exec-managerial,Husband,White,Male,0,0,42,United-States,>50K,45_54,41_49
31,,213771,HS-grad,9,Widowed,,Unmarried,White,Female,0,0,36,United-States,<=50K,25_34,35_40
39,Private,315565,HS-grad,9,Married-civ-spouse,Transport-moving,Husband,Black,Male,0,0,40,Cuba,<=50K,35_44,35_40
19,Private,260333,HS-grad,9,Never-married,Other-service,Own-child,White,Female,0,0,20,United-States,<=50K,under_25,under_35
23,Private,325921,Assoc-voc,11,Never-married,Prof-specialty,Not-in-family,White,Female,0,0,36,United-States,<=50K,under_25,35_40
28,Private,77009,7th-8th,4,Divorced,Other-service,Unmarried,White,Female,0,0,50,United-States,<=50K,25_34,50_plus
59,,424468,Bachelors,13,Married-civ-spouse,,Husband,White,Male,0,0,40,United-States,>50K,55_plus,35_40
29,Private,176723,Some-college,10,Never-married,Sales,Unmarried,White,Female,0,0,25,United-States,<=50K,25_34,under_35
18,Private,195372,11th,7,Never-married,Other-service,Own-child,White,Female,0,0,20,United-States,<=50K,under_25,under_35
24,Private,282604,Some-college,10,Married-civ-spouse,Protective-serv,Other-relative,White,Male,0,0,24,United-States,<=50K,under_25,under_35
51,Federal-gov,254211,Masters,14,Widowed,Sales,Unmarried,White,Male,0,0,50,El-Salvador,>50K,45_54,50_plus
18,Private,184277,HS-grad,9,Never-married,Sales,Own-child,White,Female,0,0,25,United-States,<=50K,under_25,under_35
23,Private,294701,HS-grad,9,Never-married,Adm-clerical,Unmarried,White,Female,0,0,40,United-States,<=50K,under_25,35_40
53,Private,126386,HS-grad,9,Divorced,Machine-op-inspct,Own-child,White,Male,0,0,40,United-States,<=50K,45_54,35_40
23,Private,118693,Assoc-voc,11,Never-married,Tech-support,Not-in-family,White,Male,0,0,40,United-States,<=50K,under_25,35_40
28,Private,416577,HS-grad,9,Married-civ-spouse,Craft-repair,Husband,Black,Male,2829,0,40,United-States,<=50K,25_34,35_40
34,Self-emp-inc,127651,Bachelors,13,Divorced,Farming-fishing,Not-in-family,White,Male,0,0,60,United-States,<=50K,25_34,50_plus
47,Self-emp-not-inc,191175,5th-6th,3,Married-civ-spouse,Sales,Husband,White,Male,0,2179,50,Mexico,<=50K,45_54,50_plus
25,Private,212793,Assoc-acdm,12,Never-married,Prof-specialty,Not-in-family,White,Male,0,0,50,United-States,>50K,25_34,50_plus
58,Private,141807,5th-6th,3,Married-civ-spouse,Machine-op-inspct,Husband,White,Male,0,0,40,Italy,<=50K,55_plus,35_40
41,,211873,Assoc-voc,11,Married-civ-spouse,,Wife,White,Female,0,1628,5,,<=50K,35_44,under_35
28,Private,249541,Some-college,10,Married-civ-spouse,Craft-repair,Husband,White,Male,0,0,40,United-States,<=50K,25_34,35_40
26,Self-emp-not-inc,221626,HS-grad,9,Married-civ-spouse,Other-service,Wife,White,Female,0,1579,20,United-States,<=50K,25_34,under_35
43,Private,183891,HS-grad,9,Divorced,Exec-managerial,Unmarried,White,Female,0,0,40,United-States,<=50K,35_44,35_40
33,Local-gov,152351,Some-college,10,Married-civ-spouse,Protective-serv,Husband,White,Male,3908,0,40,United-States,<=50K,25_34,35_40
72,,271352,10th,6,Divorced,,Not-in-family,White,Male,0,0,12,United-States,<=50K,55_plus,under_35
27,Private,223751,Some-college,10,Never-married,Craft-repair,Not-in-family,White,Male,0,0,45,United-States,<=50K,25_34,41_49
31,Local-gov,219883,HS-grad,9,Never-married,Protective-serv,Not-in-family,Black,Male,0,0,40,United-States,<=50K,25_34,35_40
47,Private,33865,Some-college,10,Divorced,Exec-managerial,Not-in-family,White,Female,0,0,48,United-States,<=50K,45_54,41_49
49,Private,348751,7th-8th,4,Married-civ-spouse,Machine-op-inspct,Husband,White,Male,0,0,40,United-States,<=50K,45_54,35_40
51,Private,203435,HS-grad,9,Never-married,Handlers-cleaners,Own-child,White,Female,0,0,40,United-States,<=50K,45_54,35_40
46,Private,87250,Bachelors,13,Separated,Tech-support,Unmarried,White,Female,0,0,40,United-States,<=50K,45_54,35_40
17,Private,82041,11th,7,Never-married,Handlers-cleaners,Own-child,White,Male,0,0,40,Canada,<=50K,under_25,35_40
26,Self-emp-not-inc,68729,HS-grad,9,Never-married,Sales,Other-relative,Asian-Pac-Islander,Male,0,0,50,United-States,>50K,25_34,50_plus
42,Private,99373,HS-grad,9,Divorced,Machine-op-inspct,Not-in-family,White,Female,0,0,40,United-States,<=50K,35_44,35_40
25,Private,367306,Some-college,10,Never-married,Tech-support,Own-child,White,Female,0,0,40,United-States,<=50K,25_34,35_40
42,State-gov,367292,Some-college,10,Married-civ-spouse,Protective-serv,Husband,White,Male,0,0,40,United-States,>50K,35_44,35_40
26,Private,112847,HS-grad,9,Never-married,Handlers-cleaners,Not-in-family,White,Male,0,0,40,United-States,<=50K,25_34,35_40
19,Private,316797,7th-8th,4,Married-civ-spouse,Handlers-cleaners,Own-child,White,Male,0,0,45,Mexico,<=50K,under_25,41_49
38,State-gov,188303,Some-college,10,Married-civ-spouse,Protective-serv,Husband,White,Male,7688,0,40,United-States,>50K,35_44,35_40
68,,40956,Bachelors,13,Married-civ-spouse,,Husband,White,Male,0,0,25,United-States,<=50K,55_plus,under_35
17,Private,178953,12th,8,Never-married,Sales,Own-child,White,Female,0,0,20,United-States,<=50K,under_25,under_35
49,Private,138370,Masters,14,Married-spouse-absent,Protective-serv,Not-in-family,Asian-Pac-Islander,Male,0,0,40,India,<=50K,45_54,35_40
43,Private,91949,HS-grad,9,Divorced,Machine-op-inspct,Not-in-family,Black,Female,0,0,40,United-States,<=50K,35_44,35_40
50,Local-gov,196307,Some-college,10,Married-civ-spouse,Craft-repair,Husband,White,Male,7688,0,40,United-States,>50K,45_54,35_40
40,Private,140559,HS-grad,9,Married-civ-spouse,Priv-house-serv,Wife,White,Female,0,0,45,United-States,<=50K,35_44,41_49
20,,358783,Some-college,10,Never-married,,Own-child,White,Female,0,0,35,United-States,<=50K,under_25,35_40
29,Private,423024,5th-6th,3,Married-civ-spouse,Farming-fishing,Husband,White,Male,0,0,40,Mexico,<=50K,25_34,35_40
62,Private,88055,Some-college,10,Married-civ-spouse,Adm-clerical,Husband,White,Male,0,0,60,United-States,>50K,55_plus,50_plus
38,Private,682947,Bachelors,13,Divorced,Exec-managerial,Not-in-family,White,Male,0,0,55,United-States,>50K,35_44,50_plus
77,Private,123959,HS-grad,9,Widowed,Adm-clerical,Not-in-family,White,Female,0,0,32,United-States,<=50K,55_plus,under_35
59,Private,81929,Doctorate,16,Married-civ-spouse,Prof-specialty,Husband,White,Male,0,2415,45,United-States,>50K,55_plus,41_49
31,Private,144064,HS-grad,9,Married-civ-spouse,Craft-repair,Husband,White,Male,0,0,48,United-States,>50K,25_34,41_49
28,Private,109621,Assoc-acdm,12,Married-civ-spouse,Transport-moving,Husband,White,Male,0,0,40,United-States,<=50K,25_34,35_40
70,,149040,HS-grad,9,Widowed,,Not-in-family,White,Female,2964,0,12,United-States,<=50K,55_plus,under_35
33,Private,296538,HS-grad,9,Married-civ-spouse,Sales,Husband,White,Male,0,0,45,United-States,>50K,25_34,41_49
44,Self-emp-not-inc,282722,Prof-school,15,Married-civ-spouse,Prof-specialty,Husband,White,Male,99999,0,50,United-States,>50K,35_44,50_plus
17,Private,231439,11th,7,Never-married,Handlers-cleaners,Own-child,White,Male,0,0,30,United-States,<=50K,under_25,under_35
21,Private,364685,11th,7,Never-married,Tech-support,Own-child,White,Female,0,0,35,United-States,<=50K,under_25,35_40
52,Self-emp-not-inc,104501,Some-college,10,Married-civ-spouse,Tech-support,Husband,White,Male,0,0,60,United-States,>50K,45_54,50_plus
42,Private,36271,Bachelors,13,Married-civ-spouse,Sales,Husband,White,Male,0,0,40,United-States,>50K,35_44,35_40
39,Local-gov,193815,Some-college,10,Married-civ-spouse,Protective-serv,Husband,White,Male,0,0,40,United-States,>50K,35_44,35_40
28,Private,141957,Assoc-acdm,12,Married-civ-spouse,Tech-support,Husband,White,Male,0,1887,70,United-States,>50K,25_34,50_plus
27,Private,118230,Some-college,10,Never-married,Adm-clerical,Own-child,White,Female,0,0,40,United-States,<=50K,25_34,35_40
90,Self-emp-not-inc,82628,HS-grad,9,Never-married,Exec-managerial,Not-in-family,White,Male,2964,0,12,United-States,<=50K,55_plus,under_35
51,Private,205100,Some-college,10,Divorced,Sales,Not-in-family,White,Female,0,0,45,United-States,>50K,45_54,41_49
47,Self-emp-not-inc,235646,Masters,14,Married-civ-spouse,Prof-specialty,Husband,White,Male,0,0,40,United-States,>50K,45_54,35_40
32,Private,53277,Masters,14,Married-civ-spouse,Exec-managerial,Husband,White,Male,0,0,60,United-States,>50K,25_34,50_plus
48,,199763,Some-college,10,Married-civ-spouse,,Wife,White,Female,0,0,20,United-States,<=50K,45_54,under_35
47,,308242,HS-grad,9,Married-civ-spouse,,Husband,White,Male,0,0,40,United-States,<=50K,45_54,35_40
40,Private,341204,Some-college,10,Divorced,Exec-managerial,Unmarried,White,Female,1831,0,30,United-States,<=50K,35_44,under_35
31,Private,91964,Bachelors,13,Never-married,Exec-managerial,Not-in-family,White,Male,0,0,40,United-States,<=50K,25_34,35_40
23,Private,595461,7th-8th,4,Never-married,Craft-repair,Not-in-family,White,Male,0,0,40,Mexico,<=50K,under_25,35_40
52,Private,284329,Assoc-voc,11,Married-civ-spouse,Prof-specialty,Husband,White,Male,15024,0,40,United-States,>50K,45_54,35_40
35,Private,196899,Bachelors,13,Never-married,Handlers-cleaners,Not-in-family,Asian-Pac-Islander,Female,0,0,50,Haiti,<=50K,35_44,50_plus
39,Private,237943,Bachelors,13,Married-civ-spouse,Exec-managerial,Husband,White,Male,99999,0,70,United-States,>50K,35_44,50_plus
59,Private,100313,HS-grad,9,Married-civ-spouse,Exec-managerial,Husband,White,Male,0,1887,40,United-States,>50K,55_plus,35_40
27,,194024,9th,5,Separated,,Unmarried,White,Female,0,0,50,United-States,<=50K,25_34,50_plus
18,Private,294387,11th,7,Never-married,Handlers-cleaners,Not-in-family,White,Male,0,0,40,United-States,<=50K,under_25,35_40
47,Private,266860,Some-college,10,Married-civ-spouse,Sales,Husband,White,Male,0,0,65,United-States,>50K,45_54,50_plus
46,Private,185291,11th,7,Married-civ-spouse,Handlers-cleaners,Husband,White,Male,0,0,45,United-States,>50K,45_54,41_49
50,Self-emp-not-inc,145419,Masters,14,Married-civ-spouse,Sales,Husband,White,Male,7688,0,45,United-States,>50K,45_54,41_49
38,Private,359001,Assoc-voc,11,Married-civ-spouse,Prof-specialty,Husband,White,Male,0,0,42,United-States,<=50K,35_44,41_49
51,Private,282549,HS-grad,9,Married-civ-spouse,Machine-op-inspct,Husband,Black,Male,3137,0,40,United-States,<=50K,45_54,35_40
28,Private,204600,HS-grad,9,Separated,Protective-serv,Other-relative,White,Male,0,0,40,United-States,<=50K,25_34,35_40
62,Private,131117,7th-8th,4,Divorced,Tech-support,Unmarried,White,Female,0,0,38,Columbia,<=50K,55_plus,35_40
20,,210474,Some-college,10,Never-married,,Own-child,White,Female,0,0,15,United-States,<=50K,under_25,under_35
65,,191380,10th,6,Married-civ-spouse,,Husband,White,Male,9386,0,50,United-States,>50K,55_plus,50_plus
36,Private,189670,HS-grad,9,Married-civ-spouse,Machine-op-inspct,Wife,White,Female,0,0,50,United-States,<=50K,35_44,50_plus
27,Private,404421,Some-college,10,Never-married,Handlers-cleaners,Not-in-family,Black,Male,0,0,40,United-States,<=50K,25_34,35_40
43,State-gov,164790,Some-college,10,Divorced,Adm-clerical,Not-in-family,Black,Male,0,0,50,United-States,>50K,35_44,50_plus
29,Private,160512,HS-grad,9,Separated,Adm-clerical,Own-child,White,Female,0,0,40,United-States,<=50K,25_34,35_40
31,Private,340880,Prof-school,15,Married-civ-spouse,Prof-specialty,Husband,White,Male,0,0,60,United-States,>50K,25_34,50_plus
20,State-gov,147280,HS-grad,9,Never-married,Other-service,Other-relative,Other,Male,0,0,40,United-States,<=50K,under_25,35_40
37,Private,167613,HS-grad,9,Married-civ-spouse,Other-service,Husband,White,Male,0,0,40,United-States,<=50K,35_44,35_40
42,Private,42703,HS-grad,9,Divorced,Adm-clerical,Unmarried,White,Female,0,0,40,United-States,<=50K,35_44,35_40
40,Private,374137,HS-grad,9,Divorced,Adm-clerical,Own-child,White,Male,0,0,40,United-States,<=50K,35_44,35_40
31,Private,136651,HS-grad,9,Married-civ-spouse,Craft-repair,Husband,White,Male,0,0,40,Mexico,<=50K,25_34,35_40
31,Local-gov,209103,Some-college,10,Married-civ-spouse,Protective-serv,Husband,White,Male,3464,0,45,United-States,<=50K,25_34,41_49
18,Private,165316,HS-grad,9,Never-married,Transport-moving,Own-child,White,Male,0,0,30,United-States,<=50K,under_25,under_35
21,Private,126613,HS-grad,9,Never-married,Sales,Not-in-family,White,Female,0,0,40,United-States,<=50K,under_25,35_40
38,Private,165472,Bachelors,13,Married-civ-spouse,Prof-specialty,Husband,White,Male,0,0,40,United-States,>50K,35_44,35_40
38,Private,115289,HS-grad,9,Married-civ-spouse,Machine-op-inspct,Husband,White,Male,0,0,40,United-States,<=50K,35_44,35_40
83,Self-emp-inc,153183,Bachelors,13,Married-civ-spouse,Exec-managerial,Husband,White,Male,0,2392,55,United-States,>50K,55_plus,50_plus
25,Private,181896,Bachelors,13,Never-married,Adm-clerical,Own-child,White,Female,0,0,40,United-States,<=50K,25_34,35_40
60,Private,121127,10th,6,Widowed,Sales,Not-in-family,White,Female,0,0,40,United-States,<=50K,55_plus,35_40
20,Private,71475,Some-college,10,Never-married,Adm-clerical,Own-child,White,Female,0,0,40,United-States,<=50K,under_25,35_40
62,,199198,11th,7,Divorced,,Not-in-family,Black,Female,0,0,40,United-States,<=50K,55_plus,35_40
25,Private,196771,HS-grad,9,Never-married,Handlers-cleaners,Not-in-family,White,Male,0,0,65,United-States,<=50K,25_34,50_plus
33,Self-emp-not-inc,134886,Bachelors,13,Married-civ-spouse,Prof-specialty,Wife,White,Female,0,0,50,United-States,>50K,25_34,50_plus
26,Private,196899,Assoc-acdm,12,Separated,Craft-repair,Not-in-family,Other,Female,0,0,40,United-States,<=50K,25_34,35_40
27,Private,185127,Assoc-voc,11,Never-married,Exec-managerial,Own-child,White,Male,0,0,40,United-States,<=50K,25_34,35_40
31,Private,263561,Masters,14,Married-civ-spouse,Exec-managerial,Husband,White,Male,0,0,40,United-States,>50K,25_34,35_40
42,Self-emp-not-inc,185129,Prof-school,15,Married-civ-spouse,Prof-specialty,Husband,White,Male,0,1887,40,United-States,>50K,35_44,35_40
63,,310396,9th,5,Married-civ-spouse,,Husband,White,Male,5178,0,40,United-States,>50K,55_plus,35_40
29,Federal-gov,37933,Some-college,10,Never-married,Adm-clerical,Unmarried,Black,Female,2174,0,40,United-States,<=50K,25_34,35_40
30,Private,101283,Some-college,10,Never-married,Other-service,Not-in-family,White,Female,0,0,40,United-States,<=50K,25_34,35_40
29,Private,192384,HS-grad,9,Never-married,Craft-repair,Not-in-family,White,Male,0,0,40,United-States,<=50K,25_34,35_40
47,Private,278322,Some-college,10,Married-civ-spouse,Prof-specialty,Husband,White,Male,7688,0,40,United-States,>50K,45_54,35_40
56,Private,199713,9th,5,Married-civ-spouse,Craft-repair,Husband,White,Male,0,0,40,United-States,<=50K,55_plus,35_40
21,Private,113106,Some-college,10,Never-married,Other-service,Own-child,White,Female,0,0,30,United-States,<=50K,under_25,under_35
45,Private,199625,Some-college,10,Divorced,Prof-specialty,Unmarried,White,Female,0,0,20,United-States,<=50K,45_54,under_35
22,Private,213902,HS-grad,9,Never-married,Adm-clerical,Unmarried,White,Female,0,0,40,Mexico,<=50K,under_25,35_40
53,Self-emp-inc,134793,Some-college,10,Married-civ-spouse,Exec-managerial,Husband,White,Male,15024,0,50,United-States,>50K,45_54,50_plus
48,Private,176732,9th,5,Divorced,Sales,Not-in-family,White,Female,0,0,40,United-States,<=50K,45_54,35_40
46,Private,551962,HS-grad,9,Separated,Handlers-cleaners,Unmarried,White,Female,0,0,50,Peru,<=50K,45_54,50_plus
39,Private,257942,Bachelors,13,Married-civ-spouse,Sales,Husband,White,Male,0,0,60,United-States,>50K,35_44,50_plus
34,Private,62124,HS-grad,9,Separated,Other-service,Not-in-family,Black,Male,0,0,40,United-States,<=50K,25_34,35_40
18,Private,83451,HS-grad,9,Never-married,Other-service,Own-child,White,Female,0,0,30,United-States,<=50K,under_25,under_35
81,Private,98116,Bachelors,13,Widowed,Sales,Not-in-family,White,Male,0,0,50,United-States,>50K,55_plus,50_plus
35,Private,150042,HS-grad,9,Married-civ-spouse,Exec-managerial,Wife,White,Female,0,0,40,United-States,>50K,35_44,35_40
34,Private,48014,Bachelors,13,Separated,Exec-managerial,Not-in-family,White,Female,0,0,35,United-States,<=50K,25_34,35_40
29,Local-gov,177398,Masters,14,Married-civ-spouse,Prof-specialty,Wife,White,Female,0,0,40,United-States,>50K,25_34,35_40
45,Private,473171,HS-grad,9,Married-civ-spouse,Craft-repair,Husband,White,Male,0,0,40,United-States,<=50K,45_54,35_40
33,Private,189265,Bachelors,13,Never-married,Exec-managerial,Not-in-family,White,Female,0,0,40,United-States,<=50K,25_34,35_40
33,Private,284531,Bachelors,13,Never-married,Sales,Not-in-family,White,Female,0,0,40,United-States,<=50K,25_34,35_40
49,Private,126754,Bachelors,13,Never-married,Exec-managerial,Not-in-family,White,Male,0,0,45,United-States,>50K,45_54,41_49
22,Private,56582,HS-grad,9,Never-married,Farming-fishing,Not-in-family,White,Male,0,0,50,United-States,<=50K,under_25,50_plus
37,Self-emp-not-inc,35330,HS-grad,9,Married-civ-spouse,Other-service,Husband,White,Male,0,0,42,United-States,<=50K,35_44,41_49
34,Private,176648,HS-grad,9,Divorced,Adm-clerical,Not-in-family,Black,Male,0,0,42,United-States,<=50K,25_34,41_49
24,,32616,Bachelors,13,Divorced,,Not-in-family,White,Female,0,0,40,United-States,<=50K,under_25,35_40
28,Private,162298,HS-grad,9,Never-married,Craft-repair,Own-child,White,Male,0,0,40,United-States,<=50K,25_34,35_40
36,Self-emp-not-inc,167691,Some-college,10,Never-married,Other-service,Unmarried,White,Female,0,0,50,United-States,<=50K,35_44,50_plus
47,Self-emp-inc,206947,Assoc-acdm,12,Widowed,Exec-managerial,Not-in-family,White,Female,0,0,67,United-States,<=50K,45_54,50_plus
29,State-gov,159782,Masters,14,Married-civ-spouse,Prof-specialty,Wife,White,Female,0,0,45,United-States,>50K,25_34,41_49
31,Private,209101,Prof-school,15,Married-civ-spouse,Prof-specialty,Husband,White,Male,0,0,25,United-States,>50K,25_34,under_35
42,Private,236323,HS-grad,9,Divorced,Craft-repair,Unmarried,White,Female,0,0,40,United-States,<=50K,35_44,35_40
44,Private,77313,Some-college,10,Divorced,Adm-clerical,Unmarried,White,Female,0,0,38,United-States,<=50K,35_44,35_40
17,,212125,10th,6,Never-married,,Own-child,White,Female,0,0,20,United-States,<=50K,under_25,under_35
19,Private,196857,Some-college,10,Never-married,Sales,Own-child,White,Female,0,0,20,United-States,<=50K,under_25,under_35
22,Private,82393,9th,5,Never-married,Handlers-cleaners,Own-child,Asian-Pac-Islander,Male,0,0,40,Philippines,<=50K,under_25,35_40
46,Private,72896,9th,5,Married-civ-spouse,Machine-op-inspct,Husband,White,Male,0,0,43,United-States,<=50K,45_54,41_49
27,Private,230563,HS-grad,9,Never-married,Adm-clerical,Own-child,White,Female,0,0,40,United-States,<=50K,25_34,35_40
53,Private,113176,HS-grad,9,Divorced,Sales,Not-in-family,White,Female,2597,0,40,United-States,<=50K,45_54,35_40
33,Private,259301,Some-college,10,Married-civ-spouse,Transport-moving,Husband,White,Male,0,0,41,United-States,<=50K,25_34,41_49
37,Private,120590,HS-grad,9,Married-civ-spouse,Craft-repair,Husband,White,Male,0,0,45,United-States,>50K,35_44,41_49
18,Private,89419,HS-grad,9,Never-married,Tech-support,Own-child,White,Female,0,0,10,United-States,<=50K,under_25,under_35
54,Private,231482,Bachelors,13,Married-civ-spouse,Exec-managerial,Husband,White,Male,0,0,40,United-States,<=50K,45_54,35_40
37,Private,89559,HS-grad,9,Married-civ-spouse,Adm-clerical,Wife,White,Female,0,0,40,United-States,<=50K,35_44,35_40
19,Private,175507,HS-grad,9,Never-married,Other-service,Not-in-family,White,Female,0,0,30,United-States,<=50K,under_25,under_35
36,Private,206253,Some-college,10,Never-married,Other-service,Not-in-family,White,Female,0,1617,40,United-States,<=50K,35_44,35_40
51,Private,21698,HS-grad,9,Never-married,Adm-clerical,Not-in-family,White,Female,0,0,40,United-States,<=50K,45_54,35_40
74,Self-emp-not-inc,206682,Some-college,10,Married-civ-spouse,Prof-specialty,Husband,White,Male,0,1648,35,United-States,<=50K,55_plus,35_40
22,Private,264874,Some-college,10,Never-married,Tech-support,Other-relative,White,Female,0,0,40,United-States,<=50K,under_25,35_40
39,State-gov,183092,Doctorate,16,Divorced,Prof-specialty,Not-in-family,White,Female,0,0,40,United-States,>50K,35_44,35_40
29,,142443,Bachelors,13,Married-civ-spouse,,Husband,White,Male,0,0,25,United-States,<=50K,25_34,under_35
49,Local-gov,31267,Bachelors,13,Married-civ-spouse,Prof-specialty,Husband,White,Male,0,0,50,United-States,<=50K,45_54,50_plus
31,Private,168782,HS-grad,9,Divorced,Handlers-cleaners,Not-in-family,White,Male,0,0,40,United-States,<=50K,25_34,35_40
45,Federal-gov,183804,Some-college,10,Never-married,Adm-clerical,Own-child,White,Male,0,0,40,United-States,<=50K,45_54,35_40
27,Private,172009,Bachelors,13,Never-married,Exec-managerial,Not-in-family,White,Female,0,0,40,United-States,<=50K,25_34,35_40
25,Private,44363,HS-grad,9,Never-married,Handlers-cleaners,Not-in-family,White,Male,0,0,35,United-States,<=50K,25_34,35_40
48,Private,336540,HS-grad,9,Married-civ-spouse,Sales,Husband,White,Male,0,0,40,United-States,<=50K,45_54,35_40
55,State-gov,117357,Doctorate,16,Married-civ-spouse,Prof-specialty,Husband,Asian-Pac-Islander,Male,0,0,70,,>50K,55_plus,50_plus
46,Local-gov,207677,Bachelors,13,Married-civ-spouse,Protective-serv,Husband,White,Male,0,0,40,United-States,>50K,45_54,35_40
51,Private,355551,HS-grad,9,Never-married,Craft-repair,Unmarried,White,Female,0,0,45,Mexico,<=50K,45_54,41_49
21,Private,184543,HS-grad,9,Never-married,Sales,Not-in-family,White,Female,0,0,40,United-States,<=50K,under_25,35_40
28,Private,130067,Bachelors,13,Married-civ-spouse,Prof-specialty,Wife,White,Female,0,0,40,United-States,>50K,25_34,35_40
40,Local-gov,306495,Bachelors,13,Married-civ-spouse,Prof-specialty,Husband,White,Male,0,0,35,United-States,<=50K,35_44,35_40
44,Private,184378,Assoc-voc,11,Married-civ-spouse,Exec-managerial,Husband,White,Male,0,0,40,United-States,<=50K,35_44,35_40
68,Private,208478,Masters,14,Married-civ-spouse,Prof-specialty,Husband,White,Male,0,0,18,,<=50K,55_plus,under_35
48,Private,70209,Some-college,10,Divorced,Prof-specialty,Unmarried,White,Female,0,0,20,United-States,<=50K,45_54,under_35
25,Private,178478,Bachelors,13,Never-married,Adm-clerical,Own-child,White,Female,0,0,40,United-States,<=50K,25_34,35_40
25,Private,259300,Bachelors,13,Never-married,Sales,Not-in-family,White,Female,0,0,16,United-States,<=50K,25_34,under_35
24,Private,230248,7th-8th,4,Separated,Machine-op-inspct,Own-child,White,Male,0,0,40,United-States,<=50K,under_25,35_40
38,Private,133454,Assoc-acdm,12,Never-married,Craft-repair,Not-in-family,White,Male,0,0,40,United-States,<=50K,35_44,35_40
35,Private,112158,10th,6,Married-civ-spouse,Craft-repair,Husband,White,Male,0,0,40,United-States,<=50K,35_44,35_40
17,Private,100828,11th,7,Never-married,Other-service,Not-in-family,White,Male,0,0,20,United-States,<=50K,under_25,under_35
33,Private,133503,HS-grad,9,Married-civ-spouse,Sales,Husband,White,Male,0,1977,45,United-States,>50K,25_34,41_49
28,Private,129624,HS-grad,9,Never-married,Handlers-cleaners,Not-in-family,White,Male,0,0,40,,<=50K,25_34,35_40
21,Private,162228,HS-grad,9,Never-married,Sales,Own-child,White,Male,0,0,30,United-States,<=50K,under_25,under_35
35,Private,188041,Some-college,10,Married-civ-spouse,Exec-managerial,Husband,White,Male,0,0,50,United-States,<=50K,35_44,50_plus
38,Private,257735,9th,5,Married-civ-spouse,Handlers-cleaners,Husband,White,Male,0,0,40,United-States,<=50K,35_44,35_40
33,Private,1161363,Some-college,10,Separated,Tech-support,Unmarried,White,Female,0,0,50,Columbia,<=50K,25_34,50_plus
35,Self-emp-not-inc,108808,HS-grad,9,Divorced,Craft-repair,Not-in-family,White,Male,0,0,50,United-States,<=50K,35_44,50_plus
40,Private,209547,Bachelors,13,Married-civ-spouse,Prof-specialty,Husband,White,Male,0,0,60,United-States,>50K,35_44,50_plus
31,Private,91666,HS-grad,9,Never-married,Exec-managerial,Own-child,White,Male,0,0,60,United-States,<=50K,25_34,50_plus
50,Local-gov,191025,Masters,14,Divorced,Exec-managerial,Not-in-family,White,Female,4650,0,70,United-States,<=50K,45_54,50_plus
27,Private,191230,Some-college,10,Never-married,Handlers-cleaners,Not-in-family,Black,Male,0,0,25,United-States,<=50K,25_34,under_35
57,Local-gov,143910,Bachelors,13,Divorced,Exec-managerial,Not-in-family,White,Male,0,0,40,United-States,<=50K,55_plus,35_40
33,Private,123920,Some-college,10,Never-married,Exec-managerial,Not-in-family,Black,Female,0,0,40,United-States,<=50K,25_34,35_40
44,Private,75012,HS-grad,9,Married-civ-spouse,Farming-fishing,Husband,White,Male,0,0,80,United-States,<=50K,35_44,50_plus
19,Private,361341,12th,8,Never-married,Prof-specialty,Not-in-family,Asian-Pac-Islander,Female,0,0,25,Thailand,<=50K,under_25,under_35
35,Private,78247,Assoc-voc,11,Married-civ-spouse,Craft-repair,Husband,White,Male,0,0,50,United-States,<=50K,35_44,50_plus
19,Private,43003,Some-college,10,Never-married,Other-service,Own-child,White,Male,0,0,20,United-States,<=50K,under_25,under_35
50,Private,104501,HS-grad,9,Married-civ-spouse,Craft-repair,Husband,White,Male,0,0,40,United-States,>50K,45_54,35_40
27,Private,173611,Assoc-acdm,12,Never-married,Sales,Not-in-family,White,Female,0,0,40,United-States,<=50K,25_34,35_40
29,Private,34796,HS-grad,9,Never-married,Exec-managerial,Not-in-family,White,Male,0,0,40,United-States,<=50K,25_34,35_40
24,Private,124963,HS-grad,9,Never-married,Machine-op-inspct,Own-child,White,Male,0,0,30,United-States,<=50K,under_25,under_35
23,Private,240049,Preschool,1,Never-married,Other-service,Not-in-family,Asian-Pac-Islander,Female,0,0,40,Laos,<=50K,under_25,35_40
38,Private,179314,HS-grad,9,Married-civ-spouse,Handlers-cleaners,Husband,White,Male,0,0,40,United-States,<=50K,35_44,35_40
23,Private,32950,Some-college,10,Never-married,Transport-moving,Not-in-family,White,Male,4101,0,40,United-States,<=50K,under_25,35_40
36,Private,31438,HS-grad,9,Divorced,Transport-moving,Unmarried,White,Male,0,0,43,,<=50K,35_44,41_49
18,Self-emp-not-inc,29582,11th,7,Never-married,Craft-repair,Own-child,White,Male,0,0,40,United-States,<=50K,under_25,35_40
40,Private,70761,Assoc-acdm,12,Never-married,Tech-support,Not-in-family,Black,Male,0,0,40,United-States,<=50K,35_44,35_40
58,,53481,Bachelors,13,Married-civ-spouse,,Husband,White,Male,0,0,70,United-States,<=50K,55_plus,50_plus
46,Private,130779,Some-college,10,Married-civ-spouse,Adm-clerical,Husband,White,Male,0,0,40,United-States,<=50K,45_54,35_40
69,Private,114801,HS-grad,9,Married-civ-spouse,Other-service,Husband,White,Male,0,0,20,United-States,<=50K,55_plus,under_35
90,,175444,7th-8th,4,Separated,,Not-in-family,White,Female,0,0,15,United-States,<=50K,55_plus,under_35
33,Private,178429,Bachelors,13,Married-civ-spouse,Prof-specialty,Husband,White,Male,0,0,40,United-States,>50K,25_34,35_40
47,Private,185866,Prof-school,15,Married-civ-spouse,Prof-specialty,Husband,White,Male,0,0,60,,>50K,45_54,50_plus
31,Private,144064,Some-college,10,Married-civ-spouse,Exec-managerial,Husband,White,Male,0,0,40,United-States,<=50K,25_34,35_40
60,Private,139586,Assoc-voc,11,Widowed,Exec-managerial,Unmarried,Asian-Pac-Islander,Female,0,0,40,United-States,>50K,55_plus,35_40
32,Private,419691,12th,8,Married-civ-spouse,Sales,Husband,White,Male,0,0,40,United-States,>50K,25_34,35_40
27,Private,131310,HS-grad,9,Married-civ-spouse,Other-service,Wife,White,Female,0,0,40,United-States,>50K,25_34,35_40
54,Federal-gov,27432,HS-grad,9,Married-civ-spouse,Adm-clerical,Husband,White,Male,0,0,40,United-States,>50K,45_54,35_40
32,Private,188154,Some-college,10,Divorced,Machine-op-inspct,Unmarried,White,Female,0,0,40,United-States,<=50K,25_34,35_40
18,Private,110142,HS-grad,9,Never-married,Adm-clerical,Own-child,White,Female,0,0,30,United-States,<=50K,under_25,under_35
36,Private,186415,HS-grad,9,Married-civ-spouse,Handlers-cleaners,Husband,White,Male,0,0,65,United-States,<=50K,35_44,50_plus
37,Private,175720,10th,6,Never-married,Handlers-cleaners,Not-in-family,White,Male,0,0,40,United-States,<=50K,35_44,35_40
25,Self-emp-inc,160261,Bachelors,13,Never-married,Exec-managerial,Own-child,Asian-Pac-Islander,Male,0,0,35,Taiwan,<=50K,25_34,35_40
24,Private,153542,Some-college,10,Never-married,Sales,Other-relative,White,Male,0,0,35,United-States,<=50K,under_25,35_40
23,Private,183945,Some-college,10,Never-married,Adm-clerical,Not-in-family,White,Female,0,0,60,United-States,<=50K,under_25,50_plus
26,Private,98155,HS-grad,9,Married-AF-spouse,Sales,Husband,White,Male,0,0,55,United-States,<=50K,25_34,50_plus
21,Private,102766,Some-college,10,Divorced,Craft-repair,Own-child,White,Male,0,0,40,United-States,<=50K,under_25,35_40
48,Local-gov,148549,Bachelors,13,Married-civ-spouse,Prof-specialty,Husband,White,Male,0,0,40,United-States,<=50K,45_54,35_40
57,Private,127779,HS-grad,9,Married-civ-spouse,Exec-managerial,Husband,White,Male,0,0,40,United-States,<=50K,55_plus,35_40
28,Private,452808,10th,6,Never-married,Handlers-cleaners,Not-in-family,White,Male,0,0,40,United-States,<=50K,25_34,35_40
31,Private,87891,Some-college,10,Married-civ-spouse,Adm-clerical,Husband,White,Male,0,0,40,United-States,<=50K,25_34,35_40
26,Private,181666,Assoc-acdm,12,Married-civ-spouse,Adm-clerical,Own-child,White,Female,0,0,40,,<=50K,25_34,35_40
43,Self-emp-not-inc,147269,10th,6,Married-civ-spouse,Craft-repair,Husband,White,Male,0,0,60,,<=50K,35_44,50_plus
27,Local-gov,163862,HS-grad,9,Married-civ-spouse,Transport-moving,Husband,White,Male,0,0,60,United-States,<=50K,25_34,50_plus
38,State-gov,321943,Doctorate,16,Married-civ-spouse,Prof-specialty,Husband,White,Male,0,0,40,United-States,>50K,35_44,35_40
28,Private,168514,Assoc-acdm,12,Married-civ-spouse,Exec-managerial,Wife,White,Female,0,0,40,United-States,<=50K,25_34,35_40
30,Private,251411,Some-college,10,Divorced,Adm-clerical,Unmarried,White,Female,0,0,40,United-States,<=50K,25_34,35_40
29,Private,176027,Bachelors,13,Never-married,Prof-specialty,Not-in-family,White,Female,0,0,40,United-States,<=50K,25_34,35_40
54,Self-emp-inc,196328,Bachelors,13,Married-civ-spouse,Sales,Husband,Black,Male,0,0,40,Jamaica,<=50K,45_54,35_40
27,Local-gov,332249,HS-grad,9,Never-married,Farming-fishing,Own-child,White,Male,0,0,40,United-States,<=50K,25_34,35_40
26,Private,358124,HS-grad,9,Never-married,Other-service,Other-relative,Black,Female,0,0,40,United-States,<=50K,25_34,35_40
41,Private,207779,HS-grad,9,Separated,Other-service,Not-in-family,White,Female,0,0,40,United-States,<=50K,35_44,35_40
23,Private,152140,HS-grad,9,Never-married,Sales,Not-in-family,White,Female,0,0,40,United-States,<=50K,under_25,35_40
45,Local-gov,287920,Masters,14,Married-civ-spouse,Prof-specialty,Husband,White,Male,0,0,50,United-States,>50K,45_54,50_plus
34,State-gov,20057,Some-college,10,Married-spouse-absent,Adm-clerical,Unmarried,Asian-Pac-Islander,Female,0,0,38,Philippines,<=50K,25_34,35_40
73,,177773,HS-grad,9,Married-civ-spouse,,Husband,White,Male,0,0,15,United-States,<=50K,55_plus,under_35
28,Private,148429,HS-grad,9,Married-civ-spouse,Machine-op-inspct,Husband,White,Male,2885,0,40,United-States,<=50K,25_34,35_40
58,Federal-gov,243929,Bachelors,13,Never-married,Prof-specialty,Not-in-family,White,Male,0,0,48,United-States,<=50K,55_plus,41_49
21,Private,215039,HS-grad,9,Never-married,Craft-repair,Own-child,White,Male,0,0,13,,<=50K,under_25,under_35
46,Private,128460,10th,6,Married-civ-spouse,Handlers-cleaners,Husband,White,Male,0,0,40,United-States,<=50K,45_54,35_40
28,Private,288598,HS-grad,9,Married-civ-spouse,Craft-repair,Husband,White,Male,0,0,35,United-States,<=50K,25_34,35_40
61,Self-emp-not-inc,117387,11th,7,Married-civ-spouse,Exec-managerial,Husband,White,Male,0,0,20,United-States,<=50K,55_plus,under_35
51,Local-gov,186416,Bachelors,13,Divorced,Adm-clerical,Not-in-family,White,Female,0,0,40,United-States,<=50K,45_54,35_40
21,Private,89991,Some-college,10,Never-married,Adm-clerical,Own-child,White,Female,0,0,40,United-States,<=50K,under_25,35_40
59,Private,365390,Some-college,10,Married-civ-spouse,Craft-repair,Husband,White,Male,0,0,40,United-States,<=50K,55_plus,35_40
35,,195946,Some-college,10,Married-civ-spouse,,Husband,Asian-Pac-Islander,Male,0,0,40,Philippines,>50K,35_44,35_40
40,Federal-gov,73883,Some-college,10,Married-civ-spouse,Tech-support,Husband,White,Male,0,0,40,United-States,>50K,35_44,35_40
60,Self-emp-not-inc,166153,Some-college,10,Married-civ-spouse,Sales,Husband,White,Male,0,0,50,United-States,<=50K,55_plus,50_plus
59,Private,214865,HS-grad,9,Widowed,Exec-managerial,Unmarried,White,Female,0,0,50,United-States,<=50K,55_plus,50_plus
24,Private,186213,Some-college,10,Married-civ-spouse,Tech-support,Husband,White,Male,0,0,50,United-States,>50K,under_25,50_plus
52,Federal-gov,125796,HS-grad,9,Never-married,Adm-clerical,Not-in-family,Black,Male,0,0,40,United-States,<=50K,45_54,35_40
32,Private,183304,Assoc-voc,11,Married-civ-spouse,Transport-moving,Husband,White,Male,0,0,99,United-States,>50K,25_34,50_plus
40,Private,241895,Some-college,10,Married-civ-spouse,Adm-clerical,Husband,White,Male,0,0,40,United-States,<=50K,35_44,35_40
64,Private,98586,Doctorate,16,Married-civ-spouse,Prof-specialty,Husband,White,Male,0,0,60,United-States,>50K,55_plus,50_plus
41,Self-emp-inc,146659,Some-college,10,Divorced,Machine-op-inspct,Not-in-family,White,Female,0,0,40,Honduras,<=50K,35_44,35_40
21,,77665,Some-college,10,Never-married,,Own-child,White,Male,0,0,35,United-States,<=50K,under_25,35_40
24,Private,373718,Some-college,10,Never-married,Farming-fishing,Not-in-family,White,Male,0,0,20,United-States,<=50K,under_25,under_35
48,State-gov,120131,HS-grad,9,Divorced,Craft-repair,Own-child,White,Male,8614,0,40,United-States,>50K,45_54,35_40
20,Private,472789,1st-4th,2,Never-married,Farming-fishing,Not-in-family,White,Male,0,0,30,El-Salvador,<=50K,under_25,under_35
60,Self-emp-not-inc,27886,Some-college,10,Married-civ-spouse,Exec-managerial,Husband,White,Male,0,0,40,United-States,>50K,55_plus,35_40
17,Private,239947,11th,7,Never-married,Adm-clerical,Own-child,White,Male,0,0,40,United-States,<=50K,under_25,35_40
67,Private,105252,Masters,14,Married-civ-spouse,Exec-managerial,Husband,White,Male,0,0,40,United-States,>50K,55_plus,35_40
27,Private,142075,Some-college,10,Never-married,Other-service,Own-child,White,Male,0,0,24,United-States,<=50K,25_34,under_35
37,Private,259089,Bachelors,13,Divorced,Exec-managerial,Not-in-family,White,Male,0,0,40,United-States,<=50K,35_44,35_40
46,Local-gov,207946,Masters,14,Divorced,Prof-specialty,Unmarried,White,Female,0,0,43,United-States,<=50K,45_54,41_49
54,Self-emp-inc,206964,Some-college,10,Married-civ-spouse,Sales,Husband,White,Male,0,1977,40,United-States,>50K,45_54,35_40
34,Private,198091,HS-grad,9,Married-civ-spouse,Craft-repair,Husband,White,Male,0,0,72,United-States,<=50K,25_34,50_plus
62,Private,588484,Bachelors,13,Married-civ-spouse,Sales,Husband,White,Male,0,0,20,United-States,>50K,55_plus,under_35
27,Private,190525,Assoc-voc,11,Never-married,Machine-op-inspct,Unmarried,White,Male,0,0,45,United-States,<=50K,25_34,41_49
53,Private,194501,11th,7,Widowed,Other-service,Own-child,White,Female,0,0,47,United-States,<=50K,45_54,41_49
39,Local-gov,249392,Masters,14,Married-civ-spouse,Prof-specialty,Husband,White,Male,0,0,72,United-States,<=50K,35_44,50_plus
31,Private,173495,HS-grad,9,Married-civ-spouse,Craft-repair,Husband,White,Male,0,0,40,United-States,<=50K,25_34,35_40
17,,64785,10th,6,Never-married,,Own-child,White,Male,0,0,30,United-States,<=50K,under_25,under_35
29,Private,367329,HS-grad,9,Married-civ-spouse,Machine-op-inspct,Husband,White,Male,0,0,40,United-States,<=50K,25_34,35_40
47,Local-gov,149700,Masters,14,Married-civ-spouse,Prof-specialty,Husband,White,Male,15024,0,35,United-States,>50K,45_54,35_40
43,Private,393354,Some-college,10,Married-civ-spouse,Adm-clerical,Wife,Black,Female,0,0,38,United-States,>50K,35_44,35_40
67,Private,228200,HS-grad,9,Married-civ-spouse,Priv-house-serv,Wife,Black,Female,0,0,20,United-States,<=50K,55_plus,under_35
41,Private,43945,7th-8th,4,Married-civ-spouse,Craft-repair,Husband,White,Male,0,0,40,,<=50K,35_44,35_40
31,Private,165949,HS-grad,9,Divorced,Other-service,Unmarried,White,Female,0,0,40,United-States,<=50K,25_34,35_40
53,,150393,HS-grad,9,Never-married,,Not-in-family,White,Male,0,1504,35,United-States,<=50K,45_54,35_40
28,Private,51672,HS-grad,9,Never-married,Craft-repair,Not-in-family,White,Male,0,0,35,United-States,<=50K,25_34,35_40
46,Private,380162,HS-grad,9,Married-civ-spouse,Tech-support,Husband,Black,Male,0,0,40,United-States,>50K,45_54,35_40
33,Private,182926,Bachelors,13,Married-civ-spouse,Exec-managerial,Husband,White,Male,15024,0,50,United-States,>50K,25_34,50_plus
24,Private,278130,Assoc-voc,11,Never-married,Machine-op-inspct,Not-in-family,White,Male,0,0,40,United-States,<=50K,under_25,35_40
37,State-gov,482927,Some-college,10,Divorced,Other-service,Not-in-family,White,Male,0,0,65,United-States,<=50K,35_44,50_plus
30,Self-emp-not-inc,87561,Some-college,10,Never-married,Adm-clerical,Not-in-family,White,Female,0,0,60,United-States,<=50K,25_34,50_plus
19,Private,574271,Some-college,10,Never-married,Sales,Own-child,White,Male,0,0,35,United-States,<=50K,under_25,35_40
24,Private,235071,11th,7,Married-civ-spouse,Craft-repair,Husband,White,Male,0,0,50,United-States,>50K,under_25,50_plus
21,Private,170456,Assoc-acdm,12,Never-married,Handlers-cleaners,Own-child,White,Male,0,0,15,United-States,<=50K,under_25,under_35
48,Self-emp-not-inc,115971,HS-grad,9,Married-civ-spouse,Sales,Husband,White,Male,0,0,50,United-States,<=50K,45_54,50_plus
56,Private,98630,7th-8th,4,Never-married,Adm-clerical,Not-in-family,White,Male,0,0,40,United-States,<=50K,55_plus,35_40
61,Self-emp-not-inc,221884,Some-college,10,Married-civ-spouse,Adm-clerical,Husband,White,Male,0,0,50,United-States,>50K,55_plus,50_plus
44,Private,112262,Bachelors,13,Married-civ-spouse,Tech-support,Husband,White,Male,5178,0,40,United-States,>50K,35_44,35_40
56,Private,213105,HS-grad,9,Married-civ-spouse,Sales,Husband,White,Male,0,0,36,United-States,>50K,55_plus,35_40
38,Private,215419,HS-grad,9,Married-civ-spouse,Adm-clerical,Wife,White,Female,0,0,36,United-States,>50K,35_44,35_40
59,Self-emp-not-inc,247552,HS-grad,9,Married-civ-spouse,Exec-managerial,Husband,White,Male,0,0,40,United-States,<=50K,55_plus,35_40
50,Federal-gov,184007,Some-college,10,Married-civ-spouse,Adm-clerical,Husband,White,Male,0,0,40,United-States,<=50K,45_54,35_40
22,Self-emp-not-inc,197387,HS-grad,9,Never-married,Farming-fishing,Own-child,White,Male,0,0,40,United-States,<=50K,under_25,35_40
17,Local-gov,175587,11th,7,Never-married,Protective-serv,Own-child,White,Male,0,0,30,United-States,<=50K,under_25,under_35
21,Private,216129,HS-grad,9,Never-married,Other-service,Own-child,White,Male,0,0,35,United-States,<=50K,under_25,35_40
51,Self-emp-not-inc,183173,HS-grad,9,Married-civ-spouse,Sales,Husband,White,Male,0,0,40,United-States,>50K,45_54,35_40
34,Private,226443,Prof-school,15,Married-civ-spouse,Prof-specialty,Husband,White,Male,0,0,55,United-States,>50K,25_34,50_plus
40,,165309,7th-8th,4,Separated,,Not-in-family,White,Female,0,0,8,United-States,<=50K,35_44,under_35
25,Private,120238,Bachelors,13,Never-married,Exec-managerial,Not-in-family,White,Male,0,0,40,United-States,<=50K,25_34,35_40
32,Private,167990,HS-grad,9,Married-civ-spouse,Exec-managerial,Husband,White,Male,0,0,40,Ireland,<=50K,25_34,35_40
17,Self-emp-not-inc,174120,12th,8,Never-married,Handlers-cleaners,Own-child,White,Male,0,0,15,United-States,<=50K,under_25,under_35
48,Private,85341,HS-grad,9,Married-civ-spouse,Craft-repair,Husband,White,Male,0,0,40,United-States,<=50K,45_54,35_40
42,Local-gov,97277,Masters,14,Divorced,Prof-specialty,Unmarried,White,Female,0,0,40,United-States,<=50K,35_44,35_40
48,Private,67725,Bachelors,13,Married-civ-spouse,Sales,Husband,White,Male,0,0,45,United-States,<=50K,45_54,41_49
28,State-gov,200775,Masters,14,Married-civ-spouse,Exec-managerial,Wife,White,Female,0,0,40,United-States,<=50K,25_34,35_40
36,Local-gov,61299,Some-college,10,Married-civ-spouse,Craft-repair,Husband,White,Male,0,0,40,United-States,<=50K,35_44,35_40
27,Private,32519,Some-college,10,Married-civ-spouse,Sales,Husband,Asian-Pac-Islander,Male,0,0,55,South,<=50K,25_34,50_plus
36,Private,195385,HS-grad,9,Married-civ-spouse,Transport-moving,Husband,Amer-Indian-Eskimo,Male,0,0,40,United-States,<=50K,35_44,35_40
66,,314347,HS-grad,9,Married-civ-spouse,,Husband,Black,Male,0,0,40,United-States,<=50K,55_plus,35_40
64,Self-emp-not-inc,47462,Some-college,10,Never-married,Prof-specialty,Not-in-family,White,Female,0,0,35,United-States,<=50K,55_plus,35_40
44,Federal-gov,29591,Bachelors,13,Divorced,Tech-support,Not-in-family,White,Male,0,2258,40,United-States,>50K,35_44,35_40
45,Self-emp-inc,311231,Prof-school,15,Married-civ-spouse,Prof-specialty,Husband,White,Male,0,1485,50,United-States,>50K,45_54,50_plus
31,Private,114691,HS-grad,9,Never-married,Sales,Own-child,White,Male,0,0,40,United-States,<=50K,25_34,35_40
50,Private,93730,10th,6,Married-civ-spouse,Transport-moving,Husband,White,Male,0,0,60,United-States,<=50K,45_54,50_plus
32,Private,255885,Bachelors,13,Married-civ-spouse,Exec-managerial,Husband,White,Male,0,0,43,United-States,>50K,25_34,41_49
46,Private,216164,HS-grad,9,Married-civ-spouse,Handlers-cleaners,Husband,White,Male,0,0,40,United-States,<=50K,45_54,35_40
19,Private,439779,Some-college,10,Never-married,Sales,Own-child,White,Male,0,0,15,United-States,<=50K,under_25,under_35
24,Private,161638,HS-grad,9,Married-civ-spouse,Machine-op-inspct,Not-in-family,White,Female,0,0,40,Ecuador,<=50K,under_25,35_40
28,Private,392100,HS-grad,9,Married-civ-spouse,Craft-repair,Own-child,White,Male,0,0,40,United-States,<=50K,25_34,35_40
43,Federal-gov,134026,Some-college,10,Never-married,Adm-clerical,Other-relative,White,Male,2174,0,40,United-States,<=50K,35_44,35_40
65,Private,180807,HS-grad,9,Separated,Protective-serv,Not-in-family,White,Male,991,0,20,United-States,<=50K,55_plus,under_35
28,Private,55360,Some-college,10,Never-married,Sales,Not-in-family,Black,Male,0,0,50,United-States,<=50K,25_34,50_plus
41,Private,41901,Some-college,10,Never-married,Craft-repair,Not-in-family,White,Male,0,1408,40,United-States,<=50K,35_44,35_40
49,Private,379779,Bachelors,13,Divorced,Exec-managerial,Not-in-family,White,Female,0,0,40,United-States,<=50K,45_54,35_40
50,Private,178596,HS-grad,9,Divorced,Craft-repair,Unmarried,White,Male,0,1408,50,United-States,<=50K,45_54,50_plus
50,Private,338033,Some-college,10,Never-married,Other-service,Not-in-family,White,Male,0,0,32,United-States,<=50K,45_54,under_35
39,Private,101260,HS-grad,9,Never-married,Machine-op-inspct,Own-child,White,Male,0,0,40,United-States,<=50K,35_44,35_40
63,,257659,Masters,14,Never-married,,Not-in-family,White,Female,0,0,3,United-States,<=50K,55_plus,under_35
45,Private,206459,Some-college,10,Married-civ-spouse,Adm-clerical,Husband,White,Male,0,0,40,United-States,<=50K,45_54,35_40
56,Local-gov,381965,Bachelors,13,Married-civ-spouse,Prof-specialty,Husband,White,Male,15024,0,40,United-States,>50K,55_plus,35_40
55,Private,175942,Doctorate,16,Married-civ-spouse,Prof-specialty,Husband,White,Male,0,1977,55,,>50K,55_plus,50_plus
32,Private,113504,Bachelors,13,Married-civ-spouse,Exec-managerial,Husband,White,Male,0,0,40,United-States,>50K,25_34,35_40
35,Private,174503,HS-grad,9,Divorced,Craft-repair,Not-in-family,White,Female,0,0,40,United-States,<=50K,35_44,35_40
65,Self-emp-inc,115922,Bachelors,13,Married-civ-spouse,Exec-managerial,Husband,White,Male,0,0,40,United-States,>50K,55_plus,35_40
33,Local-gov,182971,Some-college,10,Married-civ-spouse,Protective-serv,Husband,White,Male,0,1887,40,United-States,>50K,25_34,35_40
50,State-gov,276241,Bachelors,13,Married-civ-spouse,Exec-managerial,Husband,White,Male,0,0,40,United-States,>50K,45_54,35_40
31,Private,182246,HS-grad,9,Divorced,Craft-repair,Not-in-family,White,Male,0,0,45,United-States,<=50K,25_34,41_49
31,Private,61559,HS-grad,9,Never-married,Other-service,Not-in-family,White,Male,0,0,50,United-States,<=50K,25_34,50_plus
56,Private,235826,HS-grad,9,Married-civ-spouse,Craft-repair,Husband,White,Male,5013,0,40,United-States,<=50K,55_plus,35_40
47,Private,431515,Assoc-voc,11,Married-civ-spouse,Craft-repair,Husband,White,Male,0,0,40,United-States,>50K,45_54,35_40
51,Self-emp-not-inc,149770,HS-grad,9,Divorced,Sales,Not-in-family,White,Female,0,0,44,United-States,<=50K,45_54,41_49
25,Private,113654,HS-grad,9,Separated,Exec-managerial,Unmarried,White,Female,0,0,37,United-States,<=50K,25_34,35_40
60,Private,113440,Bachelors,13,Divorced,Exec-managerial,Own-child,White,Male,0,0,60,United-States,<=50K,55_plus,50_plus
32,Private,158291,HS-grad,9,Married-civ-spouse,Craft-repair,Husband,White,Male,0,0,50,United-States,>50K,25_34,50_plus
34,Private,252646,Some-college,10,Married-civ-spouse,Prof-specialty,Husband,White,Male,7298,0,50,United-States,>50K,25_34,50_plus
47,Private,223342,HS-grad,9,Widowed,Adm-clerical,Not-in-family,White,Female,2174,0,40,England,<=50K,45_54,35_40
32,Private,132601,Prof-school,15,Married-civ-spouse,Prof-specialty,Husband,White,Male,0,0,40,United-States,>50K,25_34,35_40
43,Private,76460,HS-grad,9,Never-married,Adm-clerical,Not-in-family,White,Female,0,0,40,United-States,<=50K,35_44,35_40
28,Private,295163,12th,8,Divorced,Farming-fishing,Not-in-family,White,Male,0,0,40,United-States,<=50K,25_34,35_40
40,Private,188291,Prof-school,15,Married-civ-spouse,Prof-specialty,Husband,White,Male,0,0,40,United-States,>50K,35_44,35_40
39,Private,234901,Assoc-acdm,12,Separated,Adm-clerical,Unmarried,White,Male,0,0,40,United-States,<=50K,35_44,35_40
43,Private,211860,HS-grad,9,Never-married,Other-service,Unmarried,Black,Female,0,0,24,United-States,<=50K,35_44,under_35
29,,350603,10th,6,Never-married,,Own-child,White,Female,0,0,38,United-States,<=50K,25_34,35_40
49,Private,62793,HS-grad,9,Divorced,Sales,Own-child,White,Female,0,0,40,United-States,<=50K,45_54,35_40
53,Private,264939,Bachelors,13,Never-married,Prof-specialty,Not-in-family,White,Female,0,0,45,Mexico,<=50K,45_54,41_49
19,Private,95078,HS-grad,9,Never-married,Adm-clerical,Own-child,White,Female,0,0,15,United-States,<=50K,under_25,under_35
66,,170617,Masters,14,Widowed,,Not-in-family,White,Male,0,0,6,United-States,<=50K,55_plus,under_35
70,,158642,HS-grad,9,Widowed,,Not-in-family,White,Female,2993,0,20,United-States,<=50K,55_plus,under_35
17,Private,72321,11th,7,Never-married,Other-service,Other-relative,White,Female,0,0,12,United-States,<=50K,under_25,under_35
35,Private,119098,Masters,14,Married-civ-spouse,Exec-managerial,Husband,White,Male,0,0,40,United-States,<=50K,35_44,35_40
54,Local-gov,286342,Masters,14,Never-married,Prof-specialty,Not-in-family,White,Female,0,0,32,United-States,>50K,45_54,under_35
62,Private,109463,Some-college,10,Separated,Sales,Unmarried,White,Female,0,1617,33,United-States,<=50K,55_plus,under_35
61,Private,210488,HS-grad,9,Married-civ-spouse,Exec-managerial,Husband,White,Male,0,0,50,United-States,>50K,55_plus,50_plus
45,Private,104521,Some-college,10,Married-civ-spouse,Craft-repair,Husband,White,Male,0,0,40,United-States,<=50K,45_54,35_40
49,Private,213431,HS-grad,9,Separated,Prof-specialty,Unmarried,Black,Female,0,0,40,United-States,<=50K,45_54,35_40
60,,188236,HS-grad,9,Divorced,,Not-in-family,White,Female,0,0,40,United-States,<=50K,55_plus,35_40
17,Private,52486,11th,7,Never-married,Other-service,Own-child,White,Female,0,0,12,United-States,<=50K,under_25,under_35
35,Private,297574,Assoc-acdm,12,Married-civ-spouse,Exec-managerial,Husband,White,Male,0,0,99,United-States,>50K,35_44,50_plus
40,Private,155972,HS-grad,9,Married-civ-spouse,Transport-moving,Husband,White,Male,0,0,60,United-States,>50K,35_44,50_plus
22,Private,180060,Bachelors,13,Never-married,Exec-managerial,Unmarried,White,Male,0,0,40,United-States,<=50K,under_25,35_40
48,Private,345831,Some-college,10,Married-civ-spouse,Tech-support,Husband,White,Male,0,0,40,United-States,>50K,45_54,35_40
19,Private,204389,HS-grad,9,Never-married,Adm-clerical,Own-child,Other,Female,0,0,25,Puerto-Rico,<=50K,under_25,under_35
27,Private,189702,7th-8th,4,Married-civ-spouse,Craft-repair,Husband,White,Male,0,0,40,United-States,<=50K,25_34,35_40
19,Private,201743,Some-college,10,Never-married,Other-service,Own-child,White,Female,0,0,15,United-States,<=50K,under_25,under_35
25,Private,125491,Some-college,10,Never-married,Other-service,Not-in-family,Asian-Pac-Islander,Female,0,0,34,United-States,<=50K,25_34,under_35
19,,71592,Some-college,10,Never-married,,Own-child,Asian-Pac-Islander,Female,0,0,40,United-States,<=50K,under_25,35_40
22,Private,134746,10th,6,Married-civ-spouse,Sales,Wife,White,Female,0,0,40,United-States,<=50K,under_25,35_40
34,Self-emp-inc,198613,HS-grad,9,Married-civ-spouse,Exec-managerial,Husband,White,Male,0,2002,40,United-States,<=50K,25_34,35_40
49,Private,165953,HS-grad,9,Married-civ-spouse,Machine-op-inspct,Husband,White,Male,0,1902,40,United-States,<=50K,45_54,35_40
22,Private,176321,7th-8th,4,Never-married,Other-service,Unmarried,White,Female,0,0,40,Mexico,<=50K,under_25,35_40
41,Self-emp-not-inc,238184,HS-grad,9,Married-civ-spouse,Farming-fishing,Wife,White,Female,0,0,40,United-States,<=50K,35_44,35_40
58,Private,234213,HS-grad,9,Divorced,Craft-repair,Not-in-family,White,Male,14344,0,48,United-States,>50K,55_plus,41_49
51,Private,175070,Assoc-acdm,12,Married-civ-spouse,Sales,Husband,White,Male,5178,0,45,United-States,>50K,45_54,41_49
46,Private,73434,Masters,14,Divorced,Exec-managerial,Not-in-family,White,Female,0,0,45,United-States,<=50K,45_54,41_49
38,Private,172538,Bachelors,13,Married-civ-spouse,Tech-support,Husband,White,Male,0,1977,40,United-States,>50K,35_44,35_40
63,Private,124242,HS-grad,9,Married-civ-spouse,Adm-clerical,Husband,Black,Male,0,0,40,United-States,<=50K,55_plus,35_40
54,Private,153486,HS-grad,9,Divorced,Transport-moving,Not-in-family,White,Male,0,0,56,United-States,>50K,45_54,50_plus
24,Private,653574,HS-grad,9,Never-married,Craft-repair,Own-child,White,Male,0,0,40,El-Salvador,<=50K,under_25,35_40
42,Private,341638,11th,7,Divorced,Craft-repair,Not-in-family,White,Male,0,0,40,United-States,<=50K,35_44,35_40
33,Private,198727,HS-grad,9,Divorced,Tech-support,Not-in-family,White,Female,0,0,40,United-States,<=50K,25_34,35_40
20,,348148,11th,7,Never-married,,Own-child,Black,Male,0,0,40,United-States,<=50K,under_25,35_40
41,Private,178002,HS-grad,9,Married-civ-spouse,Adm-clerical,Wife,White,Female,0,0,40,United-States,>50K,35_44,35_40
40,Private,233130,7th-8th,4,Married-civ-spouse,Craft-repair,Husband,White,Male,0,0,40,El-Salvador,<=50K,35_44,35_40
49,Self-emp-not-inc,43348,Doctorate,16,Never-married,Prof-specialty,Not-in-family,White,Male,99999,0,70,United-States,>50K,45_54,50_plus
37,Federal-gov,197284,Some-college,10,Never-married,Adm-clerical,Own-child,White,Male,0,0,40,United-States,<=50K,35_44,35_40
36,Private,32334,Assoc-voc,11,Married-civ-spouse,Exec-managerial,Wife,White,Female,0,0,50,United-States,>50K,35_44,50_plus
51,Private,226735,HS-grad,9,Married-civ-spouse,Transport-moving,Husband,Black,Male,0,0,40,United-States,<=50K,45_54,35_40
44,Self-emp-inc,359259,HS-grad,9,Divorced,Craft-repair,Not-in-family,White,Male,0,0,60,Portugal,<=50K,35_44,50_plus
39,Private,393480,HS-grad,9,Separated,Handlers-cleaners,Not-in-family,Black,Male,0,0,40,United-States,<=50K,35_44,35_40
47,Private,102628,Masters,14,Married-civ-spouse,Exec-managerial,Husband,White,Male,15024,0,55,United-States,>50K,45_54,50_plus
45,Private,140644,Doctorate,16,Divorced,Prof-specialty,Not-in-family,White,Male,0,0,45,United-States,>50K,45_54,41_49
61,Private,162432,Some-college,10,Divorced,Other-service,Not-in-family,White,Female,0,0,40,United-States,<=50K,55_plus,35_40
38,Self-emp-inc,312232,Some-college,10,Married-civ-spouse,Sales,Husband,White,Male,0,0,50,United-States,>50K,35_44,50_plus
30,Private,169583,HS-grad,9,Never-married,Sales,Own-child,White,Female,0,0,35,United-States,<=50K,25_34,35_40
25,Private,213383,Some-college,10,Never-married,Tech-support,Own-child,White,Male,0,0,40,United-States,<=50K,25_34,35_40
19,Private,143857,Some-college,10,Never-married,Sales,Own-child,White,Female,0,0,35,United-States,<=50K,under_25,35_40
29,Federal-gov,360527,Masters,14,Married-civ-spouse,Prof-specialty,Husband,White,Male,0,0,40,United-States,>50K,25_34,35_40
39,Local-gov,180686,Masters,14,Married-civ-spouse,Prof-specialty,Husband,White,Male,0,1977,45,United-States,>50K,35_44,41_49
22,Private,123727,Some-college,10,Never-married,Handlers-cleaners,Not-in-family,White,Female,0,0,30,United-States,<=50K,under_25,under_35
26,Private,86872,HS-grad,9,Married-civ-spouse,Transport-moving,Husband,White,Male,0,0,40,United-States,>50K,25_34,35_40
31,State-gov,100863,Masters,14,Divorced,Exec-managerial,Unmarried,White,Female,0,0,50,United-States,>50K,25_34,50_plus
32,State-gov,513416,Masters,14,Never-married,Prof-specialty,Not-in-family,White,Male,0,0,10,United-States,<=50K,25_34,under_35
17,Private,108273,10th,6,Never-married,Sales,Own-child,White,Female,0,0,12,United-States,<=50K,under_25,under_35
17,Private,120068,11th,7,Never-married,Handlers-cleaners,Own-child,White,Male,0,0,17,United-States,<=50K,under_25,under_35
34,Local-gov,90934,Assoc-voc,11,Divorced,Protective-serv,Own-child,Asian-Pac-Islander,Male,0,0,40,United-States,<=50K,25_34,35_40
23,Private,311376,Assoc-voc,11,Never-married,Adm-clerical,Not-in-family,White,Female,0,0,40,United-States,<=50K,under_25,35_40
37,Private,193689,Assoc-voc,11,Married-civ-spouse,Machine-op-inspct,Husband,White,Male,0,0,42,United-States,>50K,35_44,41_49
22,Private,243178,Bachelors,13,Never-married,Adm-clerical,Own-child,White,Male,0,0,20,United-States,<=50K,under_25,under_35
60,State-gov,190682,Assoc-voc,11,Widowed,Other-service,Not-in-family,Black,Female,0,0,37,United-States,<=50K,55_plus,35_40
61,Private,84587,Assoc-voc,11,Married-civ-spouse,Craft-repair,Husband,Asian-Pac-Islander,Male,0,0,40,United-States,>50K,55_plus,35_40
26,Private,417941,Bachelors,13,Never-married,Exec-managerial,Not-in-family,White,Female,0,0,40,United-States,<=50K,25_34,35_40
49,Private,357540,HS-grad,9,Married-civ-spouse,Farming-fishing,Husband,White,Male,0,0,25,United-States,<=50K,45_54,under_35
36,Private,297335,Bachelors,13,Never-married,Sales,Not-in-family,Asian-Pac-Islander,Female,0,0,50,China,<=50K,35_44,50_plus
22,Private,112137,Some-college,10,Never-married,Prof-specialty,Other-relative,Asian-Pac-Islander,Female,0,0,20,South,<=50K,under_25,under_35
58,State-gov,259929,Doctorate,16,Never-married,Exec-managerial,Not-in-family,White,Female,0,0,43,United-States,>50K,55_plus,41_49
45,Private,221780,Some-college,10,Divorced,Handlers-cleaners,Not-in-family,White,Male,0,0,30,United-States,<=50K,45_54,under_35
32,Private,321313,Masters,14,Never-married,Sales,Own-child,Black,Male,0,0,40,United-States,<=50K,25_34,35_40
36,Private,250238,1st-4th,2,Never-married,Other-service,Other-relative,Other,Female,0,0,40,El-Salvador,<=50K,35_44,35_40
19,,140590,12th,8,Never-married,,Own-child,Black,Male,0,0,30,United-States,<=50K,under_25,under_35
32,Local-gov,230912,Masters,14,Never-married,Prof-specialty,Not-in-family,White,Female,4865,0,40,United-States,<=50K,25_34,35_40
34,Private,176185,Bachelors,13,Never-married,Exec-managerial,Not-in-family,White,Male,0,1741,40,United-States,<=50K,25_34,35_40
37,Private,222450,5th-6th,3,Married-civ-spouse,Machine-op-inspct,Husband,White,Male,0,0,40,Mexico,<=50K,35_44,35_40
63,,319121,11th,7,Separated,,Not-in-family,Black,Male,0,0,40,United-States,<=50K,55_plus,35_40
30,State-gov,48214,Masters,14,Married-civ-spouse,Prof-specialty,Wife,White,Female,0,0,50,United-States,>50K,25_34,50_plus
50,Local-gov,24139,Masters,14,Divorced,Prof-specialty,Unmarried,White,Female,0,0,65,United-States,<=50K,45_54,50_plus
37,Private,112497,Prof-school,15,Married-civ-spouse,Prof-specialty,Husband,White,Male,0,0,50,United-States,>50K,35_44,50_plus
59,Private,126677,Some-college,10,Married-civ-spouse,Exec-managerial,Husband,White,Male,0,0,50,United-States,>50K,55_plus,50_plus
61,Private,270056,HS-grad,9,Divorced,Adm-clerical,Not-in-family,Asian-Pac-Islander,Female,0,0,40,Japan,<=50K,55_plus,35_40
34,Private,24266,Assoc-voc,11,Married-civ-spouse,Craft-repair,Husband,White,Male,7688,0,40,United-States,>50K,25_34,35_40
27,,181284,12th,8,Married-civ-spouse,,Husband,Black,Male,0,0,45,United-States,<=50K,25_34,41_49
28,Private,102533,Some-college,10,Separated,Handlers-cleaners,Not-in-family,Black,Male,0,0,40,United-States,<=50K,25_34,35_40
27,Private,69757,Some-college,10,Never-married,Adm-clerical,Not-in-family,White,Female,0,0,60,United-States,<=50K,25_34,50_plus
30,Private,247156,HS-grad,9,Never-married,Transport-moving,Own-child,Black,Male,0,0,40,United-States,<=50K,25_34,35_40
30,Private,114912,Bachelors,13,Married-civ-spouse,Exec-managerial,Husband,White,Male,3103,0,60,United-States,>50K,25_34,50_plus
43,Private,193882,HS-grad,9,Married-civ-spouse,Exec-managerial,Husband,White,Male,0,0,40,United-States,>50K,35_44,35_40
36,Private,189674,Some-college,10,Separated,Other-service,Other-relative,Black,Female,0,0,40,United-States,<=50K,35_44,35_40
35,Local-gov,268292,Some-college,10,Married-civ-spouse,Craft-repair,Husband,White,Male,0,0,40,United-States,<=50K,35_44,35_40
58,Federal-gov,139290,Bachelors,13,Married-civ-spouse,Adm-clerical,Husband,White,Male,0,0,40,United-States,>50K,55_plus,35_40
23,Private,203139,Some-college,10,Never-married,Other-service,Other-relative,White,Female,0,0,40,United-States,<=50K,under_25,35_40
57,Self-emp-not-inc,135134,Masters,14,Never-married,Farming-fishing,Not-in-family,White,Male,0,0,20,United-States,<=50K,55_plus,under_35
32,Local-gov,113838,Some-college,10,Married-civ-spouse,Protective-serv,Husband,White,Male,0,0,99,United-States,<=50K,25_34,50_plus
58,,150031,Some-college,10,Never-married,,Not-in-family,White,Female,0,0,40,United-States,<=50K,55_plus,35_40
28,Private,242482,HS-grad,9,Married-civ-spouse,Sales,Husband,White,Male,0,0,40,United-States,<=50K,25_34,35_40
33,State-gov,200289,Masters,14,Married-civ-spouse,Prof-specialty,Husband,Asian-Pac-Islander,Male,0,0,19,India,<=50K,25_34,under_35
59,State-gov,139616,Masters,14,Married-civ-spouse,Exec-managerial,Husband,White,Male,0,0,50,United-States,>50K,55_plus,50_plus
37,State-gov,117651,Bachelors,13,Never-married,Prof-specialty,Other-relative,White,Male,0,0,40,United-States,<=50K,35_44,35_40
61,Private,225970,HS-grad,9,Married-civ-spouse,Tech-support,Husband,White,Male,0,0,40,United-States,>50K,55_plus,35_40
28,Private,66434,10th,6,Never-married,Other-service,Unmarried,White,Female,0,0,15,United-States,<=50K,25_34,under_35
62,,181014,Bachelors,13,Married-civ-spouse,,Husband,White,Male,0,0,40,United-States,<=50K,55_plus,35_40
52,Private,312477,HS-grad,9,Widowed,Transport-moving,Not-in-family,White,Male,0,0,40,United-States,<=50K,45_54,35_40
26,Private,298225,HS-grad,9,Married-civ-spouse,Adm-clerical,Husband,White,Male,0,0,45,United-States,<=50K,25_34,41_49
39,Self-emp-not-inc,194668,HS-grad,9,Married-civ-spouse,Exec-managerial,Husband,White,Male,0,0,16,United-States,<=50K,35_44,under_35
48,Private,83444,HS-grad,9,Married-civ-spouse,Prof-specialty,Husband,White,Male,7298,0,40,United-States,>50K,45_54,35_40
55,Private,135803,Bachelors,13,Married-civ-spouse,Exec-managerial,Husband,Other,Male,0,1579,35,India,<=50K,55_plus,35_40
36,State-gov,243666,HS-grad,9,Divorced,Adm-clerical,Own-child,Black,Female,0,0,40,United-States,<=50K,35_44,35_40
49,Private,199378,Some-college,10,Married-civ-spouse,Prof-specialty,Husband,White,Male,0,0,22,United-States,<=50K,45_54,under_35
34,Self-emp-not-inc,114185,Bachelors,13,Divorced,Transport-moving,Not-in-family,White,Male,0,0,50,,<=50K,25_34,50_plus
55,State-gov,256335,Bachelors,13,Divorced,Exec-managerial,Unmarried,Black,Male,0,0,40,United-States,<=50K,55_plus,35_40
30,State-gov,144064,HS-grad,9,Married-civ-spouse,Protective-serv,Husband,White,Male,0,0,40,United-States,>50K,25_34,35_40
43,Self-emp-not-inc,180985,Bachelors,13,Separated,Craft-repair,Unmarried,White,Male,0,0,35,United-States,<=50K,35_44,35_40
38,Private,184801,Bachelors,13,Married-civ-spouse,Sales,Husband,White,Male,0,0,60,United-States,>50K,35_44,50_plus
41,Private,242089,Masters,14,Married-civ-spouse,Exec-managerial,Husband,White,Male,0,0,45,United-States,<=50K,35_44,41_49
17,,216595,11th,7,Never-married,,Own-child,Black,Female,0,0,20,United-States,<=50K,under_25,under_35
40,Self-emp-not-inc,204235,Masters,14,Married-civ-spouse,Exec-managerial,Husband,White,Male,99999,0,50,United-States,>50K,35_44,50_plus
24,Private,203027,Assoc-acdm,12,Never-married,Machine-op-inspct,Own-child,White,Male,0,0,40,United-States,<=50K,under_25,35_40
43,Private,218309,Bachelors,13,Divorced,Sales,Not-in-family,White,Female,0,0,50,United-States,<=50K,35_44,50_plus
32,Local-gov,114733,Bachelors,13,Divorced,Prof-specialty,Unmarried,White,Female,0,0,35,United-States,<=50K,25_34,35_40
35,Private,82622,HS-grad,9,Never-married,Other-service,Own-child,White,Male,0,0,40,United-States,<=50K,35_44,35_40
30,Private,48014,Masters,14,Never-married,Adm-clerical,Not-in-family,White,Female,0,0,40,France,<=50K,25_34,35_40
31,Local-gov,206609,HS-grad,9,Married-civ-spouse,Protective-serv,Husband,White,Male,0,0,40,United-States,>50K,25_34,35_40
51,Private,202752,HS-grad,9,Never-married,Craft-repair,Not-in-family,Black,Male,0,0,40,United-States,<=50K,45_54,35_40
22,Private,65225,10th,6,Never-married,Other-service,Own-child,White,Female,0,0,40,United-States,<=50K,under_25,35_40
49,Federal-gov,179869,HS-grad,9,Married-civ-spouse,Craft-repair,Husband,White,Male,0,0,40,United-States,>50K,45_54,35_40
30,Private,35724,Prof-school,15,Married-civ-spouse,Prof-specialty,Wife,White,Female,0,0,45,United-States,>50K,25_34,41_49
19,Private,292590,Some-college,10,Never-married,Other-service,Own-child,White,Female,0,0,20,United-States,<=50K,under_25,under_35
27,,189399,Some-college,10,Divorced,,Not-in-family,White,Female,0,0,40,United-States,<=50K,25_34,35_40
25,Private,114483,Some-college,10,Married-civ-spouse,Exec-managerial,Husband,White,Male,0,0,50,United-States,<=50K,25_34,50_plus
54,Private,186117,Bachelors,13,Married-civ-spouse,Craft-repair,Husband,White,Male,0,0,45,United-States,>50K,45_54,41_49
30,Private,108386,Assoc-acdm,12,Married-civ-spouse,Craft-repair,Husband,White,Male,0,0,40,United-States,<=50K,25_34,35_40
26,Private,190762,Some-college,10,Married-civ-spouse,Sales,Husband,White,Male,0,0,18,United-States,<=50K,25_34,under_35
41,Private,56795,Masters,14,Married-civ-spouse,Prof-specialty,Wife,White,Female,0,0,45,England,<=50K,35_44,41_49
28,Private,201861,Some-college,10,Married-civ-spouse,Machine-op-inspct,Husband,White,Male,0,0,45,United-States,<=50K,25_34,41_49
19,Private,243941,Some-college,10,Never-married,Sales,Own-child,Amer-Indian-Eskimo,Female,0,1721,25,United-States,<=50K,under_25,under_35
54,Private,99434,HS-grad,9,Married-civ-spouse,Exec-managerial,Husband,White,Male,0,0,40,United-States,>50K,45_54,35_40
34,Self-emp-not-inc,177639,Assoc-acdm,12,Never-married,Craft-repair,Not-in-family,White,Male,0,0,40,United-States,<=50K,25_34,35_40
59,Private,87510,HS-grad,9,Divorced,Craft-repair,Not-in-family,White,Male,0,0,40,United-States,<=50K,55_plus,35_40
23,Private,184665,HS-grad,9,Never-married,Adm-clerical,Not-in-family,White,Female,0,0,50,United-States,<=50K,under_25,50_plus
36,Private,234271,Some-college,10,Never-married,Craft-repair,Not-in-family,White,Female,0,0,40,United-States,<=50K,35_44,35_40
52,Federal-gov,168539,HS-grad,9,Married-civ-spouse,Machine-op-inspct,Husband,White,Male,0,0,40,United-States,>50K,45_54,35_40
20,Private,515797,HS-grad,9,Married-civ-spouse,Craft-repair,Husband,White,Male,0,0,40,United-States,<=50K,under_25,35_40
36,Private,29814,HS-grad,9,Never-married,Transport-moving,Other-relative,White,Male,0,0,50,United-States,<=50K,35_44,50_plus
28,,131310,HS-grad,9,Separated,,Unmarried,White,Female,0,0,40,United-States,<=50K,25_34,35_40
30,Private,396538,HS-grad,9,Separated,Exec-managerial,Unmarried,White,Female,0,0,29,United-States,<=50K,25_34,under_35
46,Private,353512,HS-grad,9,Married-civ-spouse,Machine-op-inspct,Husband,White,Male,0,0,40,United-States,>50K,45_54,35_40
75,Self-emp-inc,81534,HS-grad,9,Widowed,Sales,Other-relative,Asian-Pac-Islander,Male,0,0,35,United-States,>50K,55_plus,35_40
60,Private,71683,9th,5,Married-civ-spouse,Machine-op-inspct,Husband,White,Male,0,0,49,United-States,<=50K,55_plus,41_49
35,Private,253006,Some-college,10,Married-civ-spouse,Prof-specialty,Husband,White,Male,7688,0,38,United-States,>50K,35_44,35_40
54,,135840,Some-college,10,Married-civ-spouse,,Husband,White,Male,0,0,50,United-States,<=50K,45_54,50_plus
44,Private,165346,Masters,14,Married-civ-spouse,Exec-managerial,Husband,White,Male,0,0,40,United-States,>50K,35_44,35_40
32,Local-gov,19302,Assoc-acdm,12,Married-civ-spouse,Protective-serv,Husband,White,Male,0,0,56,England,>50K,25_34,50_plus
44,Self-emp-inc,118212,Bachelors,13,Married-civ-spouse,Exec-managerial,Husband,White,Male,99999,0,70,United-States,>50K,35_44,50_plus
41,State-gov,36999,Masters,14,Married-civ-spouse,Prof-specialty,Husband,White,Male,0,0,75,United-States,>50K,35_44,50_plus
38,Private,103925,HS-grad,9,Never-married,Adm-clerical,Unmarried,White,Female,0,0,35,United-States,<=50K,35_44,35_40
19,Private,157605,HS-grad,9,Divorced,Other-service,Not-in-family,White,Female,0,0,40,United-States,<=50K,under_25,35_40
61,Private,80896,Masters,14,Married-civ-spouse,Prof-specialty,Husband,Asian-Pac-Islander,Male,0,0,45,India,>50K,55_plus,41_49
30,Local-gov,168387,Bachelors,13,Never-married,Exec-managerial,Own-child,White,Male,0,0,40,United-States,<=50K,25_34,35_40
22,Private,107801,Assoc-voc,11,Never-married,Adm-clerical,Own-child,White,Female,0,0,40,United-States,<=50K,under_25,35_40
49,Private,191277,Some-college,10,Married-civ-spouse,Other-service,Husband,White,Male,0,0,40,United-States,<=50K,45_54,35_40
25,Private,82560,Assoc-acdm,12,Never-married,Other-service,Own-child,White,Male,0,0,43,United-States,<=50K,25_34,41_49
44,Private,62258,11th,7,Never-married,Other-service,Not-in-family,White,Female,0,0,40,United-States,<=50K,35_44,35_40
17,,341395,10th,6,Never-married,,Own-child,Black,Male,0,0,20,United-States,<=50K,under_25,under_35
42,Private,257328,HS-grad,9,Widowed,Transport-moving,Unmarried,White,Male,0,0,40,United-States,<=50K,35_44,35_40
22,,139324,9th,5,Never-married,,Unmarried,Black,Female,0,0,36,United-States,<=50K,under_25,35_40
38,Private,179262,Some-college,10,Divorced,Adm-clerical,Unmarried,White,Female,0,0,30,United-States,<=50K,35_44,under_35
40,Private,252392,5th-6th,3,Married-civ-spouse,Other-service,Husband,White,Male,0,0,40,Mexico,<=50K,35_44,35_40
36,Private,156352,9th,5,Never-married,Handlers-cleaners,Own-child,White,Male,0,0,40,United-States,<=50K,35_44,35_40
65,Federal-gov,23494,Some-college,10,Married-civ-spouse,Exec-managerial,Husband,Black,Male,0,2174,40,United-States,>50K,55_plus,35_40
39,Private,225544,12th,8,Never-married,Handlers-cleaners,Not-in-family,White,Male,0,0,40,United-States,<=50K,35_44,35_40
71,Private,99894,5th-6th,3,Widowed,Priv-house-serv,Not-in-family,Asian-Pac-Islander,Female,0,0,75,United-States,<=50K,55_plus,50_plus
20,State-gov,215443,Some-college,10,Never-married,Craft-repair,Own-child,White,Male,0,0,38,United-States,<=50K,under_25,35_40
24,Private,91999,Assoc-acdm,12,Never-married,Exec-managerial,Not-in-family,White,Male,0,0,20,United-States,<=50K,under_25,under_35
59,Federal-gov,100931,HS-grad,9,Married-civ-spouse,Adm-clerical,Husband,White,Male,0,0,40,United-States,>50K,55_plus,35_40
42,,204817,9th,5,Never-married,,Own-child,Black,Male,0,0,35,United-States,<=50K,35_44,35_40
38,Private,111128,Assoc-acdm,12,Married-civ-spouse,Exec-managerial,Husband,White,Male,0,0,40,United-States,>50K,35_44,35_40
42,Private,319016,HS-grad,9,Married-civ-spouse,Transport-moving,Husband,White,Male,2885,0,45,United-States,<=50K,35_44,41_49
55,Private,202220,HS-grad,9,Married-civ-spouse,Other-service,Wife,Black,Female,2407,0,35,United-States,<=50K,55_plus,35_40
60,Private,320376,7th-8th,4,Married-civ-spouse,Machine-op-inspct,Wife,White,Female,0,0,40,United-States,<=50K,55_plus,35_40
51,Private,82783,HS-grad,9,Married-civ-spouse,Craft-repair,Husband,White,Male,0,0,40,United-States,<=50K,45_54,35_40
18,Private,236272,HS-grad,9,Never-married,Adm-clerical,Own-child,White,Female,0,0,35,United-States,<=50K,under_25,35_40
26,Private,247006,HS-grad,9,Married-civ-spouse,Exec-managerial,Husband,White,Male,0,0,52,United-States,<=50K,25_34,50_plus
31,Private,341672,Some-college,10,Married-civ-spouse,Adm-clerical,Husband,Asian-Pac-Islander,Male,0,0,50,India,<=50K,25_34,50_plus
36,Private,179488,Some-college,10,Divorced,Adm-clerical,Unmarried,White,Male,0,0,40,Canada,<=50K,35_44,35_40
21,Private,245572,9th,5,Never-married,Other-service,Own-child,Amer-Indian-Eskimo,Male,0,0,40,United-States,<=50K,under_25,35_40
34,Private,148207,Some-college,10,Married-civ-spouse,Exec-managerial,Husband,White,Male,0,0,65,United-States,>50K,25_34,50_plus
27,Private,321577,HS-grad,9,Never-married,Adm-clerical,Own-child,Black,Female,0,0,40,United-States,<=50K,25_34,35_40
30,Private,207564,Some-college,10,Married-civ-spouse,Adm-clerical,Wife,White,Female,0,0,40,United-States,<=50K,25_34,35_40
67,,102693,HS-grad,9,Widowed,,Not-in-family,White,Male,1086,0,35,United-States,<=50K,55_plus,35_40
33,Private,173858,Bachelors,13,Married-civ-spouse,Adm-clerical,Other-relative,Asian-Pac-Islander,Male,0,0,40,India,<=50K,25_34,35_40
31,Private,319146,Assoc-voc,11,Married-civ-spouse,Craft-repair,Husband,White,Male,4386,0,40,Mexico,>50K,25_34,35_40
36,Local-gov,282602,Assoc-voc,11,Separated,Adm-clerical,Own-child,Black,Female,0,0,40,United-States,<=50K,35_44,35_40
33,Private,184016,HS-grad,9,Never-married,Transport-moving,Not-in-family,White,Male,0,0,40,United-States,<=50K,25_34,35_40
59,,220783,10th,6,Widowed,,Unmarried,White,Female,0,0,40,United-States,<=50K,55_plus,35_40
54,Private,35459,HS-grad,9,Never-married,Sales,Not-in-family,White,Male,0,0,40,United-States,<=50K,45_54,35_40
23,Private,140462,HS-grad,9,Never-married,Machine-op-inspct,Own-child,White,Male,0,0,40,United-States,<=50K,under_25,35_40
19,Private,196119,HS-grad,9,Never-married,Sales,Own-child,White,Female,0,0,35,United-States,<=50K,under_25,35_40
30,Private,293936,HS-grad,9,Never-married,Other-service,Not-in-family,White,Male,0,0,50,,<=50K,25_34,50_plus
35,Private,340428,Assoc-acdm,12,Never-married,Adm-clerical,Not-in-family,White,Female,0,0,35,United-States,<=50K,35_44,35_40
44,Private,151294,Some-college,10,Widowed,Sales,Not-in-family,White,Female,0,0,25,United-States,<=50K,35_44,under_35
30,Private,241885,Some-college,10,Married-civ-spouse,Farming-fishing,Husband,White,Male,0,0,40,United-States,<=50K,25_34,35_40
29,Federal-gov,33315,Assoc-acdm,12,Divorced,Adm-clerical,Not-in-family,White,Female,0,0,40,United-States,<=50K,25_34,35_40
34,Private,591711,Some-college,10,Never-married,Handlers-cleaners,Not-in-family,Black,Male,0,0,48,,<=50K,25_34,41_49
26,Private,167106,HS-grad,9,Never-married,Craft-repair,Other-relative,Asian-Pac-Islander,Male,0,0,40,Hong,<=50K,25_34,35_40
40,Private,202872,HS-grad,9,Married-civ-spouse,Sales,Wife,White,Female,0,0,40,United-States,>50K,35_44,35_40
51,Private,128272,Some-college,10,Married-civ-spouse,Exec-managerial,Husband,White,Male,0,0,40,United-States,<=50K,45_54,35_40
54,Self-emp-inc,357596,Bachelors,13,Married-civ-spouse,Exec-managerial,Husband,White,Male,7298,0,55,United-States,>50K,45_54,50_plus
19,Private,282698,7th-8th,4,Never-married,Adm-clerical,Own-child,White,Male,0,0,80,United-States,<=50K,under_25,50_plus
18,Private,92864,12th,8,Never-married,Other-service,Own-child,White,Female,0,0,20,United-States,<=50K,under_25,under_35
65,Private,178934,HS-grad,9,Widowed,Other-service,Unmarried,Black,Female,0,0,20,Jamaica,<=50K,55_plus,under_35
31,Private,323055,HS-grad,9,Married-civ-spouse,Transport-moving,Husband,White,Male,0,0,50,United-States,>50K,25_34,50_plus
22,Private,324922,HS-grad,9,Never-married,Machine-op-inspct,Not-in-family,White,Male,0,0,50,United-States,<=50K,under_25,50_plus
22,Private,221480,HS-grad,9,Never-married,Adm-clerical,Own-child,White,Female,0,0,40,United-States,<=50K,under_25,35_40
61,,158712,HS-grad,9,Divorced,,Not-in-family,White,Female,0,0,99,United-States,<=50K,55_plus,50_plus
20,Private,200450,7th-8th,4,Never-married,Machine-op-inspct,Own-child,White,Female,0,0,52,United-States,<=50K,under_25,50_plus
29,Private,151382,HS-grad,9,Married-civ-spouse,Transport-moving,Husband,White,Male,0,0,60,United-States,<=50K,25_34,50_plus
31,Private,221167,Prof-school,15,Divorced,Tech-support,Not-in-family,White,Female,0,0,35,United-States,<=50K,25_34,35_40
35,Private,196178,HS-grad,9,Married-civ-spouse,Craft-repair,Husband,White,Male,0,0,40,United-States,<=50K,35_44,35_40
27,Private,302422,HS-grad,9,Never-married,Adm-clerical,Not-in-family,White,Male,0,0,40,United-States,<=50K,25_34,35_40
28,Local-gov,207213,Assoc-acdm,12,Never-married,Craft-repair,Own-child,White,Male,0,0,5,United-States,<=50K,25_34,under_35
26,State-gov,234190,Some-college,10,Never-married,Other-service,Not-in-family,White,Male,0,0,20,United-States,<=50K,25_34,under_35
32,Private,260868,Bachelors,13,Married-civ-spouse,Sales,Husband,Black,Male,0,0,40,United-States,>50K,25_34,35_40
26,Private,109097,HS-grad,9,Divorced,Adm-clerical,Unmarried,White,Female,0,0,48,United-States,<=50K,25_34,41_49
49,Private,209146,HS-grad,9,Married-civ-spouse,Transport-moving,Husband,White,Male,0,0,40,United-States,<=50K,45_54,35_40
33,,289046,HS-grad,9,Divorced,,Not-in-family,Black,Male,0,1741,40,United-States,<=50K,25_34,35_40
31,Local-gov,199368,Bachelors,13,Married-civ-spouse,Protective-serv,Husband,Black,Male,0,0,50,United-States,>50K,25_34,50_plus
39,Self-emp-not-inc,188335,HS-grad,9,Married-civ-spouse,Farming-fishing,Husband,White,Male,0,0,40,United-States,<=50K,35_44,35_40
79,Federal-gov,62176,Doctorate,16,Widowed,Exec-managerial,Not-in-family,White,Male,0,0,6,United-States,>50K,55_plus,under_35
28,State-gov,239130,Some-college,10,Divorced,Other-service,Unmarried,White,Male,0,0,40,United-States,<=50K,25_34,35_40
31,Self-emp-not-inc,203463,Bachelors,13,Never-married,Tech-support,Not-in-family,White,Female,0,0,40,United-States,<=50K,25_34,35_40
32,Private,299635,Some-college,10,Married-civ-spouse,Exec-managerial,Husband,White,Male,0,0,50,Germany,<=50K,25_34,50_plus
67,Private,123393,11th,7,Married-civ-spouse,Transport-moving,Husband,White,Male,0,0,40,United-States,<=50K,55_plus,35_40
22,Private,225156,HS-grad,9,Never-married,Adm-clerical,Not-in-family,White,Female,0,0,40,United-States,<=50K,under_25,35_40
58,Private,265086,Bachelors,13,Married-civ-spouse,Exec-managerial,Husband,White,Male,0,0,50,United-States,>50K,55_plus,50_plus
64,Self-emp-not-inc,159938,HS-grad,9,Married-civ-spouse,Craft-repair,Husband,White,Male,2635,0,24,Italy,<=50K,55_plus,under_35
32,Private,205581,Some-college,10,Separated,Tech-support,Unmarried,White,Female,0,0,50,United-States,<=50K,25_34,50_plus
46,Local-gov,197988,1st-4th,2,Never-married,Other-service,Not-in-family,Amer-Indian-Eskimo,Female,0,0,20,United-States,<=50K,45_54,under_35
31,Private,62932,HS-grad,9,Never-married,Craft-repair,Own-child,White,Male,0,0,40,United-States,<=50K,25_34,35_40
19,Private,256979,HS-grad,9,Never-married,Craft-repair,Other-relative,White,Male,0,0,35,United-States,<=50K,under_25,35_40
21,Private,304302,HS-grad,9,Never-married,Handlers-cleaners,Own-child,Amer-Indian-Eskimo,Male,0,0,40,United-States,<=50K,under_25,35_40
44,Private,90688,HS-grad,9,Never-married,Machine-op-inspct,Not-in-family,Asian-Pac-Islander,Female,0,0,45,Laos,<=50K,35_44,41_49
34,Private,192900,Some-college,10,Married-civ-spouse,Craft-repair,Husband,White,Male,0,0,40,United-States,>50K,25_34,35_40
40,Private,272960,Assoc-acdm,12,Married-civ-spouse,Tech-support,Husband,White,Male,0,0,42,United-States,>50K,35_44,41_49
41,Private,131591,HS-grad,9,Married-civ-spouse,Adm-clerical,Husband,Black,Male,0,0,45,United-States,<=50K,35_44,41_49
24,Private,121023,Bachelors,13,Never-married,Prof-specialty,Not-in-family,White,Female,0,0,40,United-States,<=50K,under_25,35_40
38,Self-emp-not-inc,194534,Masters,14,Married-civ-spouse,Prof-specialty,Husband,Black,Male,99999,0,60,United-States,>50K,35_44,50_plus
19,Private,263338,HS-grad,9,Never-married,Handlers-cleaners,Own-child,White,Male,0,0,20,United-States,<=50K,under_25,under_35
30,Private,348592,HS-grad,9,Married-civ-spouse,Machine-op-inspct,Husband,White,Male,0,0,44,United-States,<=50K,25_34,41_49
53,Private,226135,9th,5,Never-married,Craft-repair,Not-in-family,Black,Male,0,0,40,Jamaica,<=50K,45_54,35_40
57,Self-emp-inc,127728,Prof-school,15,Married-civ-spouse,Prof-specialty,Husband,White,Male,15024,0,60,United-States,>50K,55_plus,50_plus
47,Private,347025,Masters,14,Divorced,Prof-specialty,Not-in-family,White,Female,0,0,40,United-States,<=50K,45_54,35_40
61,Private,29059,HS-grad,9,Divorced,Sales,Unmarried,White,Female,0,2754,25,United-States,<=50K,55_plus,under_35
47,Private,235683,Masters,14,Divorced,Prof-specialty,Unmarried,White,Female,0,0,40,United-States,<=50K,45_54,35_40
59,Self-emp-inc,122390,Some-college,10,Married-civ-spouse,Exec-managerial,Husband,White,Male,0,1977,48,United-States,>50K,55_plus,41_49
39,Private,272338,HS-grad,9,Married-civ-spouse,Adm-clerical,Wife,White,Female,0,0,25,United-States,<=50K,35_44,under_35
64,Private,312498,Bachelors,13,Married-civ-spouse,Sales,Husband,White,Male,0,0,40,United-States,<=50K,55_plus,35_40
53,Private,208321,HS-grad,9,Married-civ-spouse,Other-service,Husband,Black,Male,0,1740,40,United-States,<=50K,45_54,35_40
39,Private,240841,Some-college,10,Never-married,Other-service,Not-in-family,White,Female,0,0,25,United-States,<=50K,35_44,under_35
50,Private,462966,10th,6,Married-civ-spouse,Other-service,Husband,White,Male,0,0,8,El-Salvador,<=50K,45_54,under_35
54,Federal-gov,128378,Bachelors,13,Divorced,Exec-managerial,Not-in-family,White,Male,0,0,40,United-States,<=50K,45_54,35_40
36,Private,252231,Preschool,1,Never-married,Machine-op-inspct,Not-in-family,Black,Male,0,0,40,Puerto-Rico,<=50K,35_44,35_40
28,Private,293398,HS-grad,9,Separated,Sales,Unmarried,Black,Female,0,0,40,United-States,<=50K,25_34,35_40
31,Private,302626,Some-college,10,Divorced,Adm-clerical,Unmarried,White,Female,0,0,40,United-States,<=50K,25_34,35_40
39,Federal-gov,30673,9th,5,Married-civ-spouse,Machine-op-inspct,Husband,White,Male,0,0,40,United-States,>50K,35_44,35_40
42,Private,198341,Masters,14,Married-civ-spouse,Prof-specialty,Husband,Asian-Pac-Islander,Male,0,1902,55,India,>50K,35_44,50_plus
61,Private,227468,HS-grad,9,Divorced,Adm-clerical,Unmarried,Black,Female,0,0,40,United-States,<=50K,55_plus,35_40
36,Private,66173,Assoc-acdm,12,Married-civ-spouse,Sales,Wife,White,Female,0,0,15,United-States,<=50K,35_44,under_35
32,Self-emp-not-inc,210926,11th,7,Separated,Handlers-cleaners,Unmarried,White,Female,0,0,40,Nicaragua,<=50K,25_34,35_40
32,Private,311524,HS-grad,9,Never-married,Craft-repair,Own-child,Black,Male,0,0,38,United-States,<=50K,25_34,35_40
35,Private,187625,Some-college,10,Never-married,Other-service,Not-in-family,White,Female,0,0,65,United-States,<=50K,35_44,50_plus
51,Private,467611,9th,5,Married-civ-spouse,Farming-fishing,Husband,White,Male,0,0,40,Mexico,<=50K,45_54,35_40
32,Private,226267,5th-6th,3,Married-spouse-absent,Craft-repair,Other-relative,White,Male,0,0,40,El-Salvador,<=50K,25_34,35_40
37,Private,193952,HS-grad,9,Divorced,Other-service,Not-in-family,Black,Female,0,0,40,,<=50K,35_44,35_40
52,Private,125932,7th-8th,4,Widowed,Other-service,Not-in-family,White,Female,0,0,40,United-States,<=50K,45_54,35_40
35,Private,179668,Some-college,10,Married-civ-spouse,Prof-specialty,Husband,White,Male,0,0,40,United-States,>50K,35_44,35_40
55,Self-emp-not-inc,99551,Bachelors,13,Widowed,Sales,Unmarried,White,Female,0,0,15,United-States,<=50K,55_plus,under_35
29,Private,267989,HS-grad,9,Married-civ-spouse,Craft-repair,Husband,White,Male,0,0,45,United-States,<=50K,25_34,41_49
38,Self-emp-inc,140854,Bachelors,13,Married-civ-spouse,Craft-repair,Husband,White,Male,0,0,50,United-States,>50K,35_44,50_plus
68,,255276,Some-college,10,Married-civ-spouse,,Husband,White,Male,0,0,48,United-States,>50K,55_plus,41_49
48,Private,145636,HS-grad,9,Married-civ-spouse,Machine-op-inspct,Husband,White,Male,0,0,60,United-States,>50K,45_54,50_plus
17,Private,228253,10th,6,Never-married,Handlers-cleaners,Own-child,White,Male,0,0,10,United-States,<=50K,under_25,under_35
43,Private,105188,HS-grad,9,Never-married,Other-service,Not-in-family,Black,Male,0,0,40,Haiti,<=50K,35_44,35_40
38,Private,167440,Bachelors,13,Married-civ-spouse,Transport-moving,Husband,White,Male,4508,0,40,United-States,<=50K,35_44,35_40
31,Private,176969,Bachelors,13,Never-married,Exec-managerial,Not-in-family,White,Male,0,0,55,United-States,<=50K,25_34,50_plus
34,Private,210736,Some-college,10,Separated,Adm-clerical,Unmarried,Black,Female,0,0,40,,<=50K,25_34,35_40
26,Private,193304,HS-grad,9,Married-civ-spouse,Craft-repair,Husband,White,Male,0,0,40,United-States,<=50K,25_34,35_40
18,Private,62972,11th,7,Never-married,Other-service,Own-child,White,Male,0,0,16,United-States,<=50K,under_25,under_35
55,Federal-gov,176904,HS-grad,9,Married-civ-spouse,Exec-managerial,Husband,White,Male,0,0,40,United-States,<=50K,55_plus,35_40
27,Private,160786,HS-grad,9,Divorced,Other-service,Not-in-family,White,Male,0,0,30,United-States,<=50K,25_34,under_35
51,Private,210940,HS-grad,9,Married-civ-spouse,Sales,Husband,White,Male,0,2002,45,United-States,<=50K,45_54,41_49
24,Private,234460,9th,5,Never-married,Machine-op-inspct,Own-child,Black,Female,0,0,40,Dominican-Republic,<=50K,under_25,35_40
33,Private,263561,Some-college,10,Married-civ-spouse,Craft-repair,Husband,White,Male,0,0,60,United-States,>50K,25_34,50_plus
22,Private,95566,Some-college,10,Married-spouse-absent,Sales,Own-child,Other,Female,0,0,22,Dominican-Republic,<=50K,under_25,under_35
35,Self-emp-inc,153976,HS-grad,9,Married-civ-spouse,Exec-managerial,Husband,White,Male,0,0,60,United-States,<=50K,35_44,50_plus
51,Self-emp-inc,96062,Assoc-acdm,12,Married-civ-spouse,Sales,Husband,White,Male,0,0,60,United-States,<=50K,45_54,50_plus
53,Self-emp-not-inc,101432,HS-grad,9,Married-civ-spouse,Sales,Husband,White,Male,0,0,50,United-States,<=50K,45_54,50_plus
59,Federal-gov,48102,Masters,14,Never-married,Prof-specialty,Not-in-family,White,Female,0,0,40,,>50K,55_plus,35_40
33,Private,37274,Some-college,10,Married-civ-spouse,Sales,Husband,White,Male,0,0,40,United-States,<=50K,25_34,35_40
70,Self-emp-not-inc,268832,Assoc-voc,11,Married-civ-spouse,Farming-fishing,Husband,White,Male,0,0,24,United-States,>50K,55_plus,under_35
28,Private,297735,Some-college,10,Married-civ-spouse,Machine-op-inspct,Husband,White,Male,0,0,40,United-States,>50K,25_34,35_40
74,Self-emp-inc,231002,HS-grad,9,Married-civ-spouse,Exec-managerial,Husband,White,Male,0,0,30,United-States,>50K,55_plus,under_35
39,Private,61178,Bachelors,13,Divorced,Adm-clerical,Unmarried,White,Male,0,0,40,United-States,<=50K,35_44,35_40
17,Private,183110,11th,7,Never-married,Handlers-cleaners,Own-child,White,Male,0,0,16,United-States,<=50K,under_25,under_35
65,Private,176796,Doctorate,16,Widowed,Prof-specialty,Not-in-family,White,Female,0,0,40,United-States,<=50K,55_plus,35_40
32,Private,426467,1st-4th,2,Never-married,Craft-repair,Not-in-family,White,Male,3674,0,40,Guatemala,<=50K,25_34,35_40
39,Private,269323,Some-college,10,Married-civ-spouse,Exec-managerial,Husband,White,Male,0,0,40,United-States,>50K,35_44,35_40
18,Self-emp-not-inc,42857,Some-college,10,Never-married,Craft-repair,Not-in-family,White,Female,0,0,35,United-States,<=50K,under_25,35_40
34,Private,226525,Assoc-voc,11,Never-married,Other-service,Own-child,White,Male,0,0,40,United-States,<=50K,25_34,35_40
68,,270339,10th,6,Married-civ-spouse,,Husband,White,Male,0,0,35,United-States,<=50K,55_plus,35_40
39,Private,126161,Doctorate,16,Never-married,Prof-specialty,Not-in-family,White,Male,0,0,45,United-States,<=50K,35_44,41_49
37,Private,121772,HS-grad,9,Never-married,Craft-repair,Not-in-family,Asian-Pac-Islander,Male,0,0,40,Hong,<=50K,35_44,35_40
45,Private,126889,Bachelors,13,Married-civ-spouse,Sales,Husband,White,Male,0,1887,60,United-States,>50K,45_54,50_plus
47,Private,70754,HS-grad,9,Married-civ-spouse,Craft-repair,Husband,White,Male,0,0,40,United-States,<=50K,45_54,35_40
33,Private,202822,7th-8th,4,Never-married,Other-service,Unmarried,Black,Female,0,0,14,Trinadad&Tobago,<=50K,25_34,under_35
21,Private,27049,HS-grad,9,Never-married,Priv-house-serv,Not-in-family,White,Female,0,0,25,United-States,<=50K,under_25,under_35
22,Private,218343,HS-grad,9,Never-married,Other-service,Own-child,White,Female,0,0,40,United-States,<=50K,under_25,35_40
38,State-gov,34364,Masters,14,Divorced,Adm-clerical,Not-in-family,White,Female,0,0,40,United-States,<=50K,35_44,35_40
23,,32897,Assoc-acdm,12,Married-civ-spouse,,Husband,White,Male,0,0,20,United-States,<=50K,under_25,under_35
57,Private,165695,Bachelors,13,Married-civ-spouse,Exec-managerial,Husband,White,Male,0,0,40,,>50K,55_plus,35_40
46,Self-emp-not-inc,51271,HS-grad,9,Married-civ-spouse,Farming-fishing,Husband,White,Male,4386,0,70,United-States,<=50K,45_54,50_plus
46,Private,189498,Bachelors,13,Married-civ-spouse,Prof-specialty,Husband,White,Male,0,1848,45,United-States,>50K,45_54,41_49
45,Local-gov,54190,Masters,14,Married-civ-spouse,Prof-specialty,Husband,White,Male,0,0,50,United-States,>50K,45_54,50_plus
42,Self-emp-not-inc,351161,Bachelors,13,Married-civ-spouse,Prof-specialty,Husband,White,Male,0,1887,40,United-States,>50K,35_44,35_40
34,Private,398988,Bachelors,13,Never-married,Sales,Not-in-family,White,Male,0,0,40,United-States,<=50K,25_34,35_40
60,Private,252413,Some-college,10,Married-civ-spouse,Craft-repair,Husband,Other,Male,0,0,32,United-States,>50K,55_plus,under_35
27,Private,106935,Some-college,10,Separated,Sales,Not-in-family,White,Male,0,0,40,United-States,<=50K,25_34,35_40
37,Private,99146,Bachelors,13,Married-civ-spouse,Sales,Husband,White,Male,0,0,60,United-States,>50K,35_44,50_plus
26,Private,189238,9th,5,Never-married,Other-service,Own-child,White,Female,0,0,38,El-Salvador,<=50K,25_34,35_40
38,Private,277248,Masters,14,Married-civ-spouse,Exec-managerial,Husband,White,Male,0,0,60,Cuba,>50K,35_44,50_plus
21,Private,221661,HS-grad,9,Never-married,Sales,Own-child,White,Female,0,0,35,United-States,<=50K,under_25,35_40
19,Private,292511,Some-college,10,Never-married,Other-service,Own-child,White,Male,0,0,25,United-States,<=50K,under_25,under_35
36,Private,76417,HS-grad,9,Married-civ-spouse,Craft-repair,Husband,White,Male,0,0,52,United-States,<=50K,35_44,50_plus
37,,319685,Assoc-voc,11,Married-civ-spouse,,Husband,White,Male,0,0,54,United-States,>50K,35_44,50_plus
45,Self-emp-not-inc,162923,HS-grad,9,Married-civ-spouse,Craft-repair,Husband,White,Male,0,0,60,United-States,<=50K,45_54,50_plus
26,Private,195734,HS-grad,9,Never-married,Adm-clerical,Own-child,White,Female,2354,0,40,United-States,<=50K,25_34,35_40
36,Private,247321,HS-grad,9,Married-civ-spouse,Craft-repair,Husband,White,Male,0,0,45,United-States,<=50K,35_44,41_49
41,Local-gov,401134,Bachelors,13,Divorced,Prof-specialty,Unmarried,White,Female,0,0,40,United-States,<=50K,35_44,35_40
21,State-gov,204425,Some-college,10,Never-married,Exec-managerial,Own-child,White,Female,0,0,20,United-States,<=50K,under_25,under_35
41,Self-emp-inc,112262,HS-grad,9,Married-civ-spouse,Craft-repair,Husband,White,Male,0,0,50,United-States,<=50K,35_44,50_plus
29,Private,201017,Masters,14,Never-married,Prof-specialty,Not-in-family,White,Male,0,0,55,Scotland,<=50K,25_34,50_plus
42,Private,39060,HS-grad,9,Married-civ-spouse,Sales,Husband,White,Male,0,0,60,United-States,>50K,35_44,50_plus
25,Private,397962,HS-grad,9,Never-married,Adm-clerical,Other-relative,Black,Female,0,0,40,United-States,<=50K,25_34,35_40
39,Self-emp-not-inc,55568,Bachelors,13,Married-civ-spouse,Farming-fishing,Wife,White,Female,0,0,50,United-States,<=50K,35_44,50_plus
19,Private,201178,HS-grad,9,Never-married,Sales,Not-in-family,White,Female,0,0,30,United-States,<=50K,under_25,under_35
32,Private,159589,HS-grad,9,Never-married,Handlers-cleaners,Own-child,White,Male,0,0,50,United-States,<=50K,25_34,50_plus
23,Private,314894,HS-grad,9,Never-married,Exec-managerial,Own-child,White,Female,0,0,45,United-States,<=50K,under_25,41_49
59,,184948,Assoc-voc,11,Divorced,,Not-in-family,White,Male,0,0,48,United-States,<=50K,55_plus,41_49
25,Local-gov,124483,Bachelors,13,Never-married,Adm-clerical,Not-in-family,Asian-Pac-Islander,Male,0,0,20,India,<=50K,25_34,under_35
37,Self-emp-inc,97986,Assoc-acdm,12,Married-civ-spouse,Sales,Husband,White,Male,0,0,68,United-States,<=50K,35_44,50_plus
24,Private,233280,Assoc-acdm,12,Never-married,Sales,Own-child,White,Female,0,0,37,United-States,<=50K,under_25,35_40
26,Private,227489,Some-college,10,Never-married,Handlers-cleaners,Other-relative,Black,Male,0,0,40,,<=50K,25_34,35_40
25,Private,263773,Some-college,10,Married-civ-spouse,Adm-clerical,Wife,White,Female,0,0,40,United-States,>50K,25_34,35_40
30,Private,269723,HS-grad,9,Never-married,Exec-managerial,Not-in-family,White,Female,0,0,40,United-States,<=50K,25_34,35_40
24,Private,259510,Bachelors,13,Married-civ-spouse,Prof-specialty,Husband,White,Male,5013,0,30,United-States,<=50K,under_25,under_35
58,Self-emp-inc,78104,Some-college,10,Married-civ-spouse,Exec-managerial,Husband,White,Male,7298,0,60,United-States,>50K,55_plus,50_plus
36,Self-emp-not-inc,150371,HS-grad,9,Never-married,Craft-repair,Not-in-family,White,Male,0,0,40,United-States,<=50K,35_44,35_40
36,Private,148581,HS-grad,9,Married-civ-spouse,Craft-repair,Husband,White,Male,0,0,55,United-States,>50K,35_44,50_plus
47,Private,225065,5th-6th,3,Separated,Sales,Unmarried,White,Female,0,0,40,Mexico,<=50K,45_54,35_40
36,Private,201117,Bachelors,13,Married-civ-spouse,Exec-managerial,Husband,White,Male,0,0,50,United-States,<=50K,35_44,50_plus
39,Private,115422,HS-grad,9,Married-civ-spouse,Farming-fishing,Husband,White,Male,0,0,30,United-States,<=50K,35_44,under_35
17,Local-gov,39815,10th,6,Never-married,Other-service,Own-child,White,Female,0,0,25,United-States,<=50K,under_25,under_35
38,Private,320305,7th-8th,4,Married-civ-spouse,Adm-clerical,Husband,White,Male,0,0,40,United-States,<=50K,35_44,35_40
46,Private,220124,HS-grad,9,Separated,Craft-repair,Not-in-family,White,Male,0,0,37,United-States,<=50K,45_54,35_40
33,State-gov,31703,Some-college,10,Never-married,Other-service,Own-child,White,Male,0,0,40,United-States,<=50K,25_34,35_40
32,Private,130040,HS-grad,9,Divorced,Handlers-cleaners,Not-in-family,White,Male,0,0,40,United-States,<=50K,25_34,35_40
50,Private,146325,HS-grad,9,Married-civ-spouse,Craft-repair,Husband,White,Male,0,0,44,United-States,>50K,45_54,41_49
22,,137876,Some-college,10,Never-married,,Own-child,White,Male,0,0,40,United-States,<=50K,under_25,35_40
27,Self-emp-not-inc,357283,HS-grad,9,Never-married,Sales,Not-in-family,Black,Male,0,0,40,United-States,<=50K,25_34,35_40
46,Private,164427,HS-grad,9,Divorced,Adm-clerical,Own-child,White,Female,0,0,45,United-States,<=50K,45_54,41_49
25,Private,264055,Bachelors,13,Never-married,Adm-clerical,Own-child,White,Male,0,0,40,United-States,<=50K,25_34,35_40
33,Federal-gov,78307,Bachelors,13,Married-civ-spouse,Prof-specialty,Husband,White,Male,0,0,40,United-States,<=50K,25_34,35_40
41,Private,180181,Masters,14,Divorced,Exec-managerial,Unmarried,White,Female,0,0,40,United-States,<=50K,35_44,35_40
35,Private,336793,Bachelors,13,Never-married,Adm-clerical,Other-relative,White,Male,0,0,40,United-States,<=50K,35_44,35_40
42,Private,314649,HS-grad,9,Married-spouse-absent,Handlers-cleaners,Other-relative,Asian-Pac-Islander,Male,0,0,40,,<=50K,35_44,35_40
30,Private,271933,HS-grad,9,Divorced,Adm-clerical,Not-in-family,White,Female,0,0,40,United-States,<=50K,25_34,35_40
54,Private,141663,HS-grad,9,Never-married,Other-service,Not-in-family,White,Male,0,0,15,United-States,<=50K,45_54,under_35
42,Private,344572,HS-grad,9,Divorced,Exec-managerial,Not-in-family,White,Female,0,0,40,United-States,>50K,35_44,35_40
23,Private,60409,HS-grad,9,Never-married,Exec-managerial,Not-in-family,White,Female,0,0,40,United-States,<=50K,under_25,35_40
54,Private,420691,1st-4th,2,Married-civ-spouse,Other-service,Husband,White,Male,0,0,40,Mexico,<=50K,45_54,35_40
42,Private,154076,HS-grad,9,Married-civ-spouse,Prof-specialty,Husband,White,Male,7688,0,50,United-States,>50K,35_44,50_plus
61,Private,316359,Some-college,10,Divorced,Sales,Not-in-family,White,Female,0,0,40,United-States,<=50K,55_plus,35_40
56,Private,271795,11th,7,Divorced,Craft-repair,Not-in-family,White,Male,0,0,49,United-States,<=50K,55_plus,41_49
22,Private,150175,Some-college,10,Never-married,Adm-clerical,Own-child,White,Female,0,0,20,United-States,<=50K,under_25,under_35
32,Self-emp-not-inc,62272,HS-grad,9,Divorced,Exec-managerial,Unmarried,White,Female,0,0,40,United-States,<=50K,25_34,35_40
29,Private,107998,HS-grad,9,Divorced,Machine-op-inspct,Own-child,White,Female,0,0,40,United-States,<=50K,25_34,35_40
64,Private,59829,HS-grad,9,Married-civ-spouse,Farming-fishing,Husband,White,Male,0,0,25,France,<=50K,55_plus,under_35
30,Private,24292,Bachelors,13,Married-civ-spouse,Sales,Husband,White,Male,0,0,45,United-States,>50K,25_34,41_49
19,Private,329130,11th,7,Separated,Other-service,Own-child,White,Female,0,0,40,United-States,<=50K,under_25,35_40
27,Private,118799,HS-grad,9,Divorced,Adm-clerical,Not-in-family,White,Female,0,0,40,United-States,<=50K,25_34,35_40
36,Private,306646,Bachelors,13,Married-civ-spouse,Exec-managerial,Husband,White,Male,0,0,55,United-States,>50K,35_44,50_plus
19,State-gov,60412,Some-college,10,Never-married,Adm-clerical,Own-child,White,Female,0,0,15,United-States,<=50K,under_25,under_35
25,Private,148300,Some-college,10,Never-married,Other-service,Own-child,White,Female,0,0,35,United-States,<=50K,25_34,35_40
21,Private,199419,Some-college,10,Never-married,Adm-clerical,Not-in-family,White,Female,0,0,40,United-States,<=50K,under_25,35_40
25,Private,215384,11th,7,Never-married,Other-service,Not-in-family,White,Male,0,0,40,United-States,<=50K,25_34,35_40
42,Private,185764,Some-college,10,Married-civ-spouse,Machine-op-inspct,Husband,White,Male,0,0,60,United-States,<=50K,35_44,50_plus
48,Self-emp-not-inc,373606,Some-college,10,Divorced,Sales,Unmarried,White,Male,0,0,65,United-States,>50K,45_54,50_plus
33,Private,355996,10th,6,Never-married,Handlers-cleaners,Not-in-family,White,Male,0,0,40,United-States,<=50K,25_34,35_40
44,Private,197344,HS-grad,9,Never-married,Handlers-cleaners,Not-in-family,White,Male,0,0,50,United-States,<=50K,35_44,50_plus
45,Self-emp-not-inc,102771,Bachelors,13,Married-civ-spouse,Transport-moving,Husband,White,Male,0,0,40,United-States,>50K,45_54,35_40
26,Private,375499,10th,6,Never-married,Adm-clerical,Not-in-family,Black,Male,0,0,20,United-States,<=50K,25_34,under_35
65,,160654,HS-grad,9,Married-civ-spouse,,Husband,White,Male,0,0,20,United-States,<=50K,55_plus,under_35
18,Private,122775,HS-grad,9,Never-married,Other-service,Own-child,White,Male,0,0,35,United-States,<=50K,under_25,35_40
41,Self-emp-inc,114580,Prof-school,15,Married-civ-spouse,Exec-managerial,Wife,White,Female,0,2415,55,United-States,>50K,35_44,50_plus
60,Private,399387,7th-8th,4,Separated,Priv-house-serv,Unmarried,Black,Female,0,0,15,United-States,<=50K,55_plus,under_35
44,Private,408531,HS-grad,9,Divorced,Adm-clerical,Unmarried,White,Female,0,0,40,United-States,>50K,35_44,35_40
37,Private,314963,Some-college,10,Married-civ-spouse,Machine-op-inspct,Husband,White,Male,0,0,40,United-States,<=50K,35_44,35_40
30,Private,139012,Assoc-voc,11,Never-married,Adm-clerical,Other-relative,Asian-Pac-Islander,Male,2463,0,40,Vietnam,<=50K,25_34,35_40
45,Self-emp-inc,204196,Bachelors,13,Divorced,Exec-managerial,Unmarried,White,Male,0,0,50,United-States,>50K,45_54,50_plus
46,Private,197731,Assoc-voc,11,Married-spouse-absent,Machine-op-inspct,Unmarried,White,Male,0,0,40,United-States,<=50K,45_54,35_40
35,Private,138441,HS-grad,9,Married-civ-spouse,Handlers-cleaners,Husband,White,Male,0,0,35,United-States,<=50K,35_44,35_40
58,Private,31732,Some-college,10,Married-civ-spouse,Sales,Husband,White,Male,0,0,45,United-States,>50K,55_plus,41_49
24,Private,204172,HS-grad,9,Never-married,Handlers-cleaners,Own-child,White,Female,0,0,48,United-States,<=50K,under_25,41_49
33,Local-gov,162623,Masters,14,Never-married,Prof-specialty,Not-in-family,White,Female,0,0,50,United-States,<=50K,25_34,50_plus
52,Private,117496,Bachelors,13,Divorced,Prof-specialty,Unmarried,White,Female,0,1755,40,United-States,>50K,45_54,35_40
64,Local-gov,199298,5th-6th,3,Divorced,Other-service,Not-in-family,White,Female,0,0,45,,<=50K,55_plus,41_49
26,Self-emp-inc,187652,HS-grad,9,Divorced,Exec-managerial,Not-in-family,White,Male,0,0,78,United-States,>50K,25_34,50_plus
24,,152140,HS-grad,9,Married-civ-spouse,,Wife,White,Female,0,0,40,United-States,<=50K,under_25,35_40
47,Private,606752,Masters,14,Divorced,Tech-support,Not-in-family,White,Male,0,0,40,United-States,<=50K,45_54,35_40
38,Private,22245,Assoc-voc,11,Married-civ-spouse,Craft-repair,Husband,White,Male,0,0,40,United-States,<=50K,35_44,35_40
30,Private,36383,Bachelors,13,Married-civ-spouse,Sales,Husband,White,Male,0,0,40,Mexico,>50K,25_34,35_40
35,Private,320305,HS-grad,9,Married-civ-spouse,Craft-repair,Husband,White,Male,0,0,32,United-States,<=50K,35_44,under_35
67,,201657,Bachelors,13,Divorced,,Not-in-family,White,Female,0,0,60,United-States,<=50K,55_plus,50_plus
34,Private,48935,Bachelors,13,Married-civ-spouse,Prof-specialty,Wife,White,Female,0,0,40,United-States,<=50K,25_34,35_40
46,Private,101455,HS-grad,9,Married-civ-spouse,Adm-clerical,Wife,White,Female,0,0,40,United-States,<=50K,45_54,35_40
19,Local-gov,243960,Some-college,10,Never-married,Sales,Own-child,White,Female,0,0,16,United-States,<=50K,under_25,under_35
26,Private,90915,Assoc-acdm,12,Never-married,Other-service,Own-child,Black,Female,0,0,15,United-States,<=50K,25_34,under_35
25,Private,69413,Some-college,10,Never-married,Sales,Own-child,White,Female,0,0,40,United-States,<=50K,25_34,35_40
62,,144116,10th,6,Married-civ-spouse,,Husband,White,Male,0,0,40,United-States,<=50K,55_plus,35_40
33,State-gov,150657,Bachelors,13,Never-married,Prof-specialty,Other-relative,Black,Female,0,0,40,United-States,<=50K,25_34,35_40
57,Self-emp-not-inc,118806,1st-4th,2,Widowed,Craft-repair,Other-relative,White,Female,0,1602,45,Columbia,<=50K,55_plus,41_49
45,Self-emp-not-inc,123681,Bachelors,13,Married-civ-spouse,Prof-specialty,Husband,White,Male,0,0,30,United-States,<=50K,45_54,under_35
48,Private,317360,Some-college,10,Divorced,Adm-clerical,Not-in-family,White,Female,0,0,50,United-States,<=50K,45_54,50_plus
39,Self-emp-not-inc,194004,HS-grad,9,Married-civ-spouse,Sales,Husband,White,Male,0,0,70,United-States,<=50K,35_44,50_plus
41,Private,169104,Bachelors,13,Married-civ-spouse,Craft-repair,Husband,Asian-Pac-Islander,Male,0,0,40,,>50K,35_44,35_40
47,Private,359461,Bachelors,13,Married-civ-spouse,Craft-repair,Husband,White,Male,0,0,40,United-States,<=50K,45_54,35_40
24,Private,196742,HS-grad,9,Divorced,Other-service,Unmarried,White,Female,0,0,40,United-States,<=50K,under_25,35_40
32,Private,42617,Some-college,10,Divorced,Prof-specialty,Not-in-family,White,Female,0,0,30,United-States,<=50K,25_34,under_35
36,Private,90159,Bachelors,13,Married-civ-spouse,Prof-specialty,Wife,White,Female,0,0,32,United-States,>50K,35_44,under_35
21,Private,417668,Some-college,10,Never-married,Other-service,Own-child,White,Male,0,0,20,United-States,<=50K,under_25,under_35
43,Self-emp-inc,33729,Bachelors,13,Married-civ-spouse,Sales,Husband,White,Male,0,0,45,United-States,>50K,35_44,41_49
64,Private,166715,Some-college,10,Married-civ-spouse,Exec-managerial,Husband,White,Male,0,0,20,United-States,<=50K,55_plus,under_35
61,Local-gov,248595,1st-4th,2,Married-civ-spouse,Other-service,Husband,White,Male,0,0,40,Mexico,<=50K,55_plus,35_40
49,Private,166809,Bachelors,13,Divorced,Exec-managerial,Unmarried,White,Female,0,0,40,United-States,>50K,45_54,35_40
36,State-gov,97136,Bachelors,13,Never-married,Prof-specialty,Unmarried,Black,Female,0,0,40,United-States,<=50K,35_44,35_40
45,Private,266860,Bachelors,13,Married-civ-spouse,Exec-managerial,Husband,White,Male,0,0,50,United-States,>50K,45_54,50_plus
41,Private,197372,HS-grad,9,Married-civ-spouse,Craft-repair,Husband,White,Male,0,0,60,United-States,>50K,35_44,50_plus
19,Private,292583,HS-grad,9,Never-married,Other-service,Own-child,White,Female,0,0,30,United-States,<=50K,under_25,under_35
43,Self-emp-not-inc,101534,Some-college,10,Married-civ-spouse,Exec-managerial,Husband,White,Male,0,1902,15,United-States,>50K,35_44,under_35
48,Private,232145,HS-grad,9,Divorced,Machine-op-inspct,Not-in-family,White,Male,0,0,40,United-States,<=50K,45_54,35_40
33,Private,554206,Some-college,10,Never-married,Tech-support,Not-in-family,Black,Male,0,0,40,Philippines,<=50K,25_34,35_40
23,Private,380544,Some-college,10,Married-civ-spouse,Adm-clerical,Husband,White,Male,0,0,40,United-States,>50K,under_25,35_40
50,State-gov,54709,HS-grad,9,Divorced,Adm-clerical,Unmarried,White,Female,0,0,46,United-States,<=50K,45_54,41_49
55,Local-gov,176046,Masters,14,Married-civ-spouse,Prof-specialty,Wife,White,Female,0,2267,40,United-States,<=50K,55_plus,35_40
37,Federal-gov,160910,HS-grad,9,Married-civ-spouse,Craft-repair,Husband,White,Male,0,0,40,United-States,<=50K,35_44,35_40
38,Private,64879,Some-college,10,Divorced,Sales,Not-in-family,White,Female,0,0,40,United-States,<=50K,35_44,35_40
17,Private,112795,10th,6,Never-married,Other-service,Own-child,White,Female,0,0,15,United-States,<=50K,under_25,under_35
20,Private,137974,Some-college,10,Never-married,Other-service,Own-child,White,Female,0,0,30,United-States,<=50K,under_25,under_35
44,Federal-gov,308027,Bachelors,13,Divorced,Exec-managerial,Not-in-family,Black,Female,0,0,40,United-States,<=50K,35_44,35_40
45,Local-gov,374450,HS-grad,9,Married-civ-spouse,Transport-moving,Wife,White,Female,5178,0,40,United-States,>50K,45_54,35_40
41,Private,45366,HS-grad,9,Married-civ-spouse,Craft-repair,Husband,White,Male,0,0,72,United-States,>50K,35_44,50_plus
54,Self-emp-inc,223752,Bachelors,13,Married-civ-spouse,Exec-managerial,Husband,White,Male,7688,0,40,,>50K,45_54,35_40
41,Private,184378,HS-grad,9,Separated,Craft-repair,Not-in-family,White,Male,0,0,40,United-States,<=50K,35_44,35_40
51,Private,392668,Doctorate,16,Married-civ-spouse,Exec-managerial,Husband,White,Male,15024,0,84,United-States,>50K,45_54,50_plus
26,Private,147982,11th,7,Divorced,Craft-repair,Not-in-family,White,Female,0,0,40,United-States,<=50K,25_34,35_40
49,Private,31807,Some-college,10,Never-married,Exec-managerial,Unmarried,White,Female,0,0,40,United-States,<=50K,45_54,35_40
51,Private,117253,HS-grad,9,Widowed,Prof-specialty,Unmarried,White,Female,0,0,40,United-States,<=50K,45_54,35_40
59,Private,126668,Assoc-voc,11,Married-civ-spouse,Prof-specialty,Husband,White,Male,5178,0,50,United-States,>50K,55_plus,50_plus
67,,132626,Some-college,10,Married-civ-spouse,,Husband,White,Male,0,0,6,United-States,<=50K,55_plus,under_35
54,Local-gov,29887,HS-grad,9,Married-civ-spouse,Exec-managerial,Husband,White,Male,0,0,56,United-States,<=50K,45_54,50_plus
36,Private,297847,HS-grad,9,Never-married,Other-service,Not-in-family,Black,Female,0,2001,40,United-States,<=50K,35_44,35_40
40,Self-emp-inc,132222,HS-grad,9,Married-civ-spouse,Exec-managerial,Husband,White,Male,0,0,40,United-States,<=50K,35_44,35_40
34,Private,140571,Assoc-voc,11,Divorced,Tech-support,Unmarried,Black,Female,0,0,40,United-States,<=50K,25_34,35_40
36,Private,317040,Assoc-voc,11,Divorced,Adm-clerical,Unmarried,Black,Female,0,0,54,United-States,<=50K,35_44,50_plus
30,Federal-gov,48458,Some-college,10,Never-married,Adm-clerical,Own-child,Black,Female,0,0,40,United-States,<=50K,25_34,35_40
21,Private,170302,HS-grad,9,Never-married,Farming-fishing,Other-relative,White,Male,0,0,50,United-States,<=50K,under_25,50_plus
45,Private,481987,Masters,14,Married-civ-spouse,Tech-support,Husband,White,Male,0,0,18,United-States,>50K,45_54,under_35
68,Self-emp-not-inc,261897,10th,6,Widowed,Farming-fishing,Unmarried,White,Male,0,0,20,United-States,<=50K,55_plus,under_35
28,Private,407043,HS-grad,9,Married-civ-spouse,Adm-clerical,Husband,Black,Male,0,0,40,United-States,<=50K,25_34,35_40
56,Private,125000,Bachelors,13,Married-civ-spouse,Adm-clerical,Husband,White,Male,0,0,40,United-States,>50K,55_plus,35_40
32,Private,286675,Some-college,10,Never-married,Exec-managerial,Not-in-family,White,Male,0,0,60,United-States,<=50K,25_34,50_plus
46,Self-emp-inc,320124,HS-grad,9,Married-civ-spouse,Exec-managerial,Wife,Amer-Indian-Eskimo,Female,15024,0,40,United-States,>50K,45_54,35_40
42,Private,657397,HS-grad,9,Married-civ-spouse,Machine-op-inspct,Husband,White,Male,0,0,40,Mexico,<=50K,35_44,35_40
25,Private,191782,11th,7,Never-married,Machine-op-inspct,Own-child,Black,Female,0,0,40,United-States,<=50K,25_34,35_40
22,Private,117747,Some-college,10,Never-married,Craft-repair,Other-relative,Asian-Pac-Islander,Female,0,0,40,Vietnam,<=50K,under_25,35_40
65,Self-emp-not-inc,28367,HS-grad,9,Married-civ-spouse,Sales,Husband,White,Male,0,0,55,United-States,<=50K,55_plus,50_plus
41,Private,320744,HS-grad,9,Never-married,Craft-repair,Not-in-family,White,Male,3325,0,50,United-States,<=50K,35_44,50_plus
30,Private,226396,HS-grad,9,Married-civ-spouse,Other-service,Wife,White,Female,0,0,30,United-States,<=50K,25_34,under_35
41,Private,96741,Assoc-acdm,12,Divorced,Sales,Unmarried,White,Male,0,0,40,United-States,<=50K,35_44,35_40
43,Private,328570,Some-college,10,Divorced,Machine-op-inspct,Unmarried,Black,Female,0,0,38,United-States,<=50K,35_44,35_40
43,Private,193459,11th,7,Married-civ-spouse,Handlers-cleaners,Husband,White,Male,0,0,40,United-States,<=50K,35_44,35_40
35,Private,331395,Some-college,10,Never-married,Exec-managerial,Not-in-family,White,Male,0,0,50,United-States,<=50K,35_44,50_plus
69,Self-emp-not-inc,92472,10th,6,Married-spouse-absent,Farming-fishing,Not-in-family,White,Male,3273,0,45,United-States,<=50K,55_plus,41_49
38,Private,187870,Prof-school,15,Married-civ-spouse,Prof-specialty,Husband,White,Male,0,2415,90,United-States,>50K,35_44,50_plus
50,Federal-gov,339905,Some-college,10,Married-civ-spouse,Exec-managerial,Husband,White,Male,0,0,40,United-States,>50K,45_54,35_40
38,Private,108140,Bachelors,13,Divorced,Tech-support,Other-relative,White,Male,0,0,40,United-States,<=50K,35_44,35_40
58,Federal-gov,72998,11th,7,Divorced,Craft-repair,Not-in-family,Black,Female,14084,0,40,United-States,>50K,55_plus,35_40
56,State-gov,68658,Some-college,10,Married-civ-spouse,Exec-managerial,Husband,White,Male,0,0,40,United-States,>50K,55_plus,35_40
64,Private,203783,HS-grad,9,Widowed,Adm-clerical,Unmarried,White,Female,0,0,8,United-States,<=50K,55_plus,under_35
43,Private,214781,Masters,14,Married-civ-spouse,Exec-managerial,Husband,White,Male,0,0,45,United-States,<=50K,35_44,41_49
57,State-gov,109015,12th,8,Divorced,Other-service,Unmarried,White,Female,0,0,40,United-States,<=50K,55_plus,35_40
59,Private,322691,Masters,14,Married-civ-spouse,Prof-specialty,Husband,White,Male,0,0,50,United-States,>50K,55_plus,50_plus
33,,369386,Some-college,10,Married-civ-spouse,,Wife,White,Female,5178,0,40,United-States,>50K,25_34,35_40
41,Private,212894,5th-6th,3,Married-civ-spouse,Handlers-cleaners,Husband,White,Male,0,0,40,Guatemala,<=50K,35_44,35_40
24,Private,154422,Bachelors,13,Never-married,Exec-managerial,Own-child,Asian-Pac-Islander,Female,0,0,40,Philippines,<=50K,under_25,35_40
29,Private,201022,Bachelors,13,Married-civ-spouse,Exec-managerial,Wife,White,Female,0,0,50,United-States,>50K,25_34,50_plus
62,Private,257277,HS-grad,9,Widowed,Adm-clerical,Not-in-family,White,Female,0,0,38,United-States,<=50K,55_plus,35_40
50,State-gov,201513,HS-grad,9,Divorced,Adm-clerical,Own-child,White,Female,0,0,40,United-States,<=50K,45_54,35_40
23,Private,250630,Bachelors,13,Never-married,Sales,Not-in-family,White,Female,0,0,40,United-States,<=50K,under_25,35_40
39,Self-emp-not-inc,191342,Bachelors,13,Married-civ-spouse,Exec-managerial,Husband,Asian-Pac-Islander,Male,0,0,50,South,<=50K,35_44,50_plus
68,Private,171933,7th-8th,4,Married-civ-spouse,Craft-repair,Husband,White,Male,0,0,40,United-States,<=50K,55_plus,35_40
37,Local-gov,65291,Assoc-voc,11,Never-married,Protective-serv,Not-in-family,White,Female,0,0,40,United-States,<=50K,35_44,35_40
69,Private,197080,12th,8,Married-civ-spouse,Transport-moving,Husband,White,Male,9386,0,60,United-States,>50K,55_plus,50_plus
49,Federal-gov,181657,Some-college,10,Divorced,Exec-managerial,Not-in-family,White,Female,0,0,50,United-States,<=50K,45_54,50_plus
22,Local-gov,121144,Bachelors,13,Never-married,Prof-specialty,Own-child,Black,Female,0,0,18,United-States,<=50K,under_25,under_35
27,Private,113054,HS-grad,9,Separated,Machine-op-inspct,Not-in-family,White,Male,0,0,43,United-States,<=50K,25_34,41_49
47,Private,207207,HS-grad,9,Divorced,Sales,Unmarried,White,Female,0,0,45,United-States,<=50K,45_54,41_49
39,Private,48915,HS-grad,9,Married-civ-spouse,Machine-op-inspct,Husband,White,Male,0,0,40,United-States,>50K,35_44,35_40
28,Private,275116,10th,6,Married-civ-spouse,Transport-moving,Husband,White,Male,0,0,40,United-States,<=50K,25_34,35_40
31,Private,168906,Bachelors,13,Divorced,Exec-managerial,Not-in-family,White,Female,0,0,50,United-States,>50K,25_34,50_plus
45,Private,187033,HS-grad,9,Married-civ-spouse,Craft-repair,Husband,White,Male,0,2051,40,United-States,<=50K,45_54,35_40
36,Private,108320,HS-grad,9,Divorced,Machine-op-inspct,Not-in-family,White,Male,4101,0,40,United-States,<=50K,35_44,35_40
42,Private,284758,HS-grad,9,Divorced,Exec-managerial,Unmarried,White,Female,0,0,40,United-States,<=50K,35_44,35_40
38,Private,333651,Bachelors,13,Married-civ-spouse,Prof-specialty,Husband,White,Male,15024,0,70,United-States,>50K,35_44,50_plus
47,Private,107460,HS-grad,9,Separated,Exec-managerial,Unmarried,White,Female,0,0,37,United-States,<=50K,45_54,35_40
42,Private,183319,5th-6th,3,Married-civ-spouse,Craft-repair,Husband,White,Male,0,0,60,United-States,<=50K,35_44,50_plus
40,Private,176286,HS-grad,9,Married-civ-spouse,Craft-repair,Husband,White,Male,0,0,40,United-States,<=50K,35_44,35_40
44,Private,215304,Bachelors,13,Married-civ-spouse,Prof-specialty,Husband,White,Male,0,0,45,United-States,>50K,35_44,41_49
47,State-gov,207120,Assoc-voc,11,Married-civ-spouse,Exec-managerial,Husband,White,Male,0,0,38,United-States,>50K,45_54,35_40
55,Private,134120,10th,6,Married-civ-spouse,Craft-repair,Husband,White,Male,99999,0,40,United-States,>50K,55_plus,35_40
39,Self-emp-not-inc,251710,10th,6,Married-spouse-absent,Other-service,Not-in-family,White,Female,0,1721,15,United-States,<=50K,35_44,under_35
60,Private,198727,HS-grad,9,Married-civ-spouse,Prof-specialty,Husband,White,Male,0,0,30,United-States,<=50K,55_plus,under_35
36,Private,180686,HS-grad,9,Married-civ-spouse,Craft-repair,Husband,White,Male,0,0,45,United-States,>50K,35_44,41_49
25,Local-gov,348986,HS-grad,9,Never-married,Handlers-cleaners,Other-relative,Black,Male,0,0,40,United-States,<=50K,25_34,35_40
28,Private,340408,Some-college,10,Divorced,Craft-repair,Not-in-family,White,Male,0,0,46,United-States,<=50K,25_34,41_49
20,Private,286734,Some-college,10,Never-married,Adm-clerical,Not-in-family,Other,Female,0,0,35,United-States,<=50K,under_25,35_40
49,Self-emp-inc,143482,Some-college,10,Married-civ-spouse,Prof-specialty,Wife,White,Female,0,0,65,United-States,>50K,45_54,50_plus
36,Private,203717,HS-grad,9,Divorced,Craft-repair,Unmarried,White,Male,0,0,40,United-States,<=50K,35_44,35_40
22,Private,50058,Some-college,10,Never-married,Adm-clerical,Not-in-family,White,Female,0,0,35,United-States,<=50K,under_25,35_40
59,Local-gov,50929,Some-college,10,Married-civ-spouse,Exec-managerial,Husband,White,Male,0,0,60,United-States,>50K,55_plus,50_plus
51,Local-gov,154891,HS-grad,9,Divorced,Protective-serv,Unmarried,White,Male,0,0,52,United-States,<=50K,45_54,50_plus
41,Private,29702,Assoc-voc,11,Never-married,Craft-repair,Not-in-family,White,Male,0,0,30,United-States,<=50K,35_44,under_35
46,Self-emp-inc,112320,Bachelors,13,Divorced,Exec-managerial,Not-in-family,White,Female,0,0,50,United-States,<=50K,45_54,50_plus
25,State-gov,176077,Masters,14,Never-married,Prof-specialty,Not-in-family,White,Female,0,0,37,United-States,<=50K,25_34,35_40
34,Private,265807,HS-grad,9,Married-civ-spouse,Transport-moving,Husband,White,Male,0,2051,55,United-States,<=50K,25_34,50_plus
29,State-gov,118520,HS-grad,9,Married-civ-spouse,Protective-serv,Husband,White,Male,0,0,42,United-States,<=50K,25_34,41_49
26,Private,304283,HS-grad,9,Married-civ-spouse,Machine-op-inspct,Husband,White,Male,0,0,40,United-States,<=50K,25_34,35_40
24,Private,29302,Some-college,10,Never-married,Other-service,Own-child,White,Female,0,0,40,,<=50K,under_25,35_40
27,Private,59068,HS-grad,9,Married-civ-spouse,Handlers-cleaners,Husband,White,Male,0,0,40,United-States,<=50K,25_34,35_40
57,Private,353881,HS-grad,9,Divorced,Transport-moving,Not-in-family,White,Male,0,0,45,United-States,<=50K,55_plus,41_49
42,Private,355728,Assoc-voc,11,Never-married,Craft-repair,Not-in-family,White,Male,0,0,44,United-States,<=50K,35_44,41_49
39,Private,110426,Assoc-acdm,12,Married-civ-spouse,Exec-managerial,Wife,White,Female,15024,0,45,United-States,>50K,35_44,41_49
42,Self-emp-not-inc,215219,11th,7,Separated,Other-service,Unmarried,White,Female,0,0,30,United-States,<=50K,35_44,under_35
22,,334593,Some-college,10,Never-married,,Not-in-family,White,Male,0,0,40,United-States,<=50K,under_25,35_40
60,Local-gov,212856,Masters,14,Married-civ-spouse,Prof-specialty,Husband,White,Male,0,0,40,,>50K,55_plus,35_40
37,Private,29145,Assoc-voc,11,Never-married,Other-service,Not-in-family,White,Male,0,0,40,United-States,<=50K,35_44,35_40
35,Private,40135,HS-grad,9,Never-married,Other-service,Own-child,White,Male,0,0,30,United-States,<=50K,35_44,under_35
23,Private,224640,Some-college,10,Never-married,Exec-managerial,Not-in-family,White,Female,0,0,40,United-States,<=50K,under_25,35_40
27,,146651,HS-grad,9,Married-civ-spouse,,Own-child,White,Female,0,0,15,United-States,<=50K,25_34,under_35
23,Private,60331,Some-college,10,Never-married,Craft-repair,Not-in-family,White,Male,0,0,40,United-States,<=50K,under_25,35_40
18,,157131,HS-grad,9,Never-married,,Own-child,White,Female,0,0,12,United-States,<=50K,under_25,under_35
27,Local-gov,255237,Bachelors,13,Never-married,Prof-specialty,Not-in-family,White,Female,0,0,40,United-States,<=50K,25_34,35_40
40,Private,163342,HS-grad,9,Never-married,Adm-clerical,Not-in-family,White,Female,0,0,70,United-States,<=50K,35_44,50_plus
31,Private,129775,Bachelors,13,Married-civ-spouse,Sales,Husband,White,Male,0,0,65,United-States,<=50K,25_34,50_plus
36,Private,745768,Some-college,10,Never-married,Protective-serv,Unmarried,Black,Female,0,0,40,United-States,<=50K,35_44,35_40
52,Private,35576,HS-grad,9,Widowed,Craft-repair,Not-in-family,White,Male,0,0,40,United-States,<=50K,45_54,35_40
23,Private,376383,HS-grad,9,Never-married,Other-service,Unmarried,White,Male,0,0,35,Mexico,<=50K,under_25,35_40
31,Self-emp-not-inc,268482,9th,5,Married-civ-spouse,Craft-repair,Husband,White,Male,0,0,40,United-States,<=50K,25_34,35_40
60,,174073,HS-grad,9,Married-civ-spouse,,Husband,White,Male,0,0,40,United-States,<=50K,55_plus,35_40
31,,99483,HS-grad,9,Never-married,,Own-child,Amer-Indian-Eskimo,Male,0,0,40,United-States,<=50K,25_34,35_40
50,Private,230951,Bachelors,13,Married-civ-spouse,Sales,Husband,White,Male,0,0,40,United-States,<=50K,45_54,35_40
53,Private,110977,Masters,14,Married-civ-spouse,Exec-managerial,Husband,White,Male,0,1902,50,United-States,>50K,45_54,50_plus
29,Private,197565,Assoc-voc,11,Never-married,Adm-clerical,Own-child,White,Female,0,0,35,United-States,<=50K,25_34,35_40
38,Federal-gov,190895,Bachelors,13,Married-civ-spouse,Prof-specialty,Husband,White,Male,0,0,40,,>50K,35_44,35_40
19,Private,45381,Some-college,10,Never-married,Adm-clerical,Own-child,White,Female,0,0,8,United-States,<=50K,under_25,under_35
36,Private,126569,HS-grad,9,Married-civ-spouse,Prof-specialty,Husband,White,Male,0,0,45,Ecuador,>50K,35_44,41_49
29,Self-emp-inc,206903,Prof-school,15,Married-civ-spouse,Prof-specialty,Husband,White,Male,0,0,55,United-States,>50K,25_34,50_plus
67,Self-emp-not-inc,191380,Prof-school,15,Married-civ-spouse,Prof-specialty,Husband,White,Male,20051,0,25,United-States,>50K,55_plus,under_35
42,Private,33126,Assoc-acdm,12,Married-civ-spouse,Exec-managerial,Husband,White,Male,0,0,60,United-States,>50K,35_44,50_plus
28,Private,715938,Bachelors,13,Never-married,Craft-repair,Own-child,Black,Male,0,0,40,United-States,<=50K,25_34,35_40
57,Federal-gov,197875,HS-grad,9,Divorced,Adm-clerical,Not-in-family,White,Female,0,0,40,United-States,<=50K,55_plus,35_40
36,State-gov,747719,Prof-school,15,Married-civ-spouse,Prof-specialty,Wife,White,Female,15024,0,50,United-States,>50K,35_44,50_plus
17,Private,79682,10th,6,Never-married,Priv-house-serv,Other-relative,White,Male,0,0,30,United-States,<=50K,under_25,under_35
45,Private,294671,Assoc-voc,11,Married-civ-spouse,Craft-repair,Husband,White,Male,4386,0,38,United-States,>50K,45_54,35_40
30,Private,340899,Prof-school,15,Never-married,Prof-specialty,Not-in-family,White,Male,0,1590,80,United-States,<=50K,25_34,50_plus
42,State-gov,212027,Bachelors,13,Divorced,Prof-specialty,Not-in-family,Black,Male,0,0,40,United-States,<=50K,35_44,35_40
46,Local-gov,172822,HS-grad,9,Married-civ-spouse,Transport-moving,Husband,White,Male,0,0,40,United-States,<=50K,45_54,35_40
24,Private,293091,HS-grad,9,Married-civ-spouse,Handlers-cleaners,Husband,White,Male,0,0,40,United-States,<=50K,under_25,35_40
46,Private,169324,HS-grad,9,Separated,Other-service,Not-in-family,Black,Female,0,0,45,Jamaica,<=50K,45_54,41_49
26,Private,160261,Masters,14,Never-married,Prof-specialty,Not-in-family,Asian-Pac-Islander,Male,0,0,20,India,<=50K,25_34,under_35
46,Private,117310,Assoc-acdm,12,Widowed,Tech-support,Unmarried,White,Female,6497,0,40,United-States,<=50K,45_54,35_40
53,Private,153486,HS-grad,9,Separated,Transport-moving,Not-in-family,White,Male,0,0,30,United-States,<=50K,45_54,under_35
18,Private,182643,Some-college,10,Never-married,Handlers-cleaners,Own-child,White,Male,0,0,9,United-States,<=50K,under_25,under_35
20,Private,303565,Some-college,10,Never-married,Handlers-cleaners,Own-child,Black,Male,0,0,40,Germany,<=50K,under_25,35_40
22,Private,191444,HS-grad,9,Never-married,Sales,Other-relative,White,Male,0,0,40,United-States,<=50K,under_25,35_40
62,Private,370881,Assoc-acdm,12,Widowed,Other-service,Not-in-family,White,Female,0,0,7,United-States,<=50K,55_plus,under_35
32,Private,269182,Some-college,10,Separated,Tech-support,Unmarried,Black,Female,3887,0,40,United-States,<=50K,25_34,35_40
49,Self-emp-inc,119539,Some-college,10,Married-civ-spouse,Exec-managerial,Husband,White,Male,0,0,60,,>50K,45_54,50_plus
37,Private,150057,HS-grad,9,Married-civ-spouse,Craft-repair,Husband,White,Male,0,0,52,United-States,>50K,35_44,50_plus
25,Private,27411,Bachelors,13,Divorced,Sales,Not-in-family,White,Female,0,0,40,United-States,<=50K,25_34,35_40
34,Private,340880,HS-grad,9,Married-civ-spouse,Prof-specialty,Husband,White,Male,0,0,60,Philippines,>50K,25_34,50_plus
19,Private,207173,HS-grad,9,Separated,Adm-clerical,Unmarried,White,Female,0,0,30,United-States,<=50K,under_25,under_35
33,Private,229051,Some-college,10,Never-married,Prof-specialty,Not-in-family,White,Male,0,0,52,United-States,<=50K,25_34,50_plus
69,,121136,HS-grad,9,Married-civ-spouse,,Husband,White,Male,0,0,13,United-States,<=50K,55_plus,under_35
48,Private,154033,HS-grad,9,Divorced,Sales,Not-in-family,White,Female,0,0,52,United-States,<=50K,45_54,50_plus
26,Private,402998,Bachelors,13,Married-civ-spouse,Prof-specialty,Husband,White,Male,0,0,58,United-States,>50K,25_34,50_plus
40,Private,320451,Doctorate,16,Married-civ-spouse,Prof-specialty,Husband,Asian-Pac-Islander,Male,0,1977,45,Hong,>50K,35_44,41_49
65,Private,107620,11th,7,Widowed,Adm-clerical,Not-in-family,White,Female,0,0,8,United-States,<=50K,55_plus,under_35
18,Private,225859,Some-college,10,Never-married,Transport-moving,Own-child,White,Male,2907,0,30,United-States,<=50K,under_25,under_35
29,Private,57889,Bachelors,13,Married-civ-spouse,Sales,Husband,White,Male,0,0,45,United-States,>50K,25_34,41_49
35,Self-emp-not-inc,190895,Masters,14,Married-civ-spouse,Sales,Husband,White,Male,0,0,40,United-States,>50K,35_44,35_40
41,Private,215479,HS-grad,9,Separated,Handlers-cleaners,Not-in-family,Black,Male,0,0,40,United-States,<=50K,35_44,35_40
61,Private,106330,HS-grad,9,Married-civ-spouse,Craft-repair,Husband,White,Male,0,0,40,United-States,<=50K,55_plus,35_40
29,Private,35032,Some-college,10,Married-civ-spouse,Handlers-cleaners,Husband,White,Male,0,0,60,United-States,<=50K,25_34,50_plus
22,Private,234641,HS-grad,9,Never-married,Transport-moving,Own-child,White,Male,0,0,40,United-States,<=50K,under_25,35_40
43,Private,170730,Bachelors,13,Married-civ-spouse,Exec-managerial,Husband,White,Male,0,1977,50,United-States,>50K,35_44,50_plus
22,,219122,Some-college,10,Never-married,,Own-child,White,Male,0,0,40,United-States,<=50K,under_25,35_40
22,,199426,Some-college,10,Never-married,,Not-in-family,White,Female,0,0,40,United-States,<=50K,under_25,35_40
54,Private,222882,HS-grad,9,Widowed,Exec-managerial,Unmarried,White,Female,0,0,45,United-States,<=50K,45_54,41_49
33,Private,256062,Some-college,10,Never-married,Adm-clerical,Unmarried,White,Female,0,0,35,Puerto-Rico,<=50K,25_34,35_40
30,Private,165235,Bachelors,13,Married-civ-spouse,Adm-clerical,Wife,Asian-Pac-Islander,Female,0,0,40,Philippines,>50K,25_34,35_40
17,,41643,11th,7,Never-married,,Own-child,White,Female,0,0,15,United-States,<=50K,under_25,under_35
18,Private,141626,Some-college,10,Never-married,Tech-support,Own-child,White,Male,2176,0,20,United-States,<=50K,under_25,under_35
25,Private,106491,HS-grad,9,Married-civ-spouse,Craft-repair,Husband,White,Male,0,0,48,United-States,<=50K,25_34,41_49
25,,161235,Assoc-voc,11,Never-married,,Own-child,White,Male,0,0,90,United-States,<=50K,25_34,50_plus
33,Private,226525,HS-grad,9,Divorced,Exec-managerial,Not-in-family,White,Male,0,0,60,United-States,<=50K,25_34,50_plus
51,State-gov,237141,Masters,14,Married-civ-spouse,Exec-managerial,Husband,White,Male,0,0,40,United-States,>50K,45_54,35_40
53,Local-gov,137250,Masters,14,Widowed,Prof-specialty,Unmarried,Black,Female,0,1669,35,United-States,<=50K,45_54,35_40
20,Private,381357,9th,5,Never-married,Handlers-cleaners,Own-child,White,Male,0,0,28,United-States,<=50K,under_25,under_35
49,Private,34545,Some-college,10,Married-civ-spouse,Exec-managerial,Husband,White,Male,0,1887,40,United-States,>50K,45_54,35_40
19,Private,124265,HS-grad,9,Never-married,Sales,Own-child,White,Male,0,0,50,United-States,<=50K,under_25,50_plus
64,,208862,HS-grad,9,Married-civ-spouse,,Husband,White,Male,0,0,50,United-States,>50K,55_plus,50_plus
20,Private,218962,HS-grad,9,Never-married,Machine-op-inspct,Not-in-family,White,Male,0,0,40,United-States,<=50K,under_25,35_40
45,Private,243631,Doctorate,16,Married-civ-spouse,Prof-specialty,Husband,Asian-Pac-Islander,Male,0,0,45,China,>50K,45_54,41_49
30,Private,122042,Masters,14,Married-civ-spouse,Exec-managerial,Husband,White,Male,0,0,45,United-States,>50K,25_34,41_49
36,Private,61778,Some-college,10,Married-civ-spouse,Craft-repair,Husband,White,Male,0,0,60,United-States,>50K,35_44,50_plus
27,Private,123302,HS-grad,9,Married-civ-spouse,Other-service,Husband,White,Male,0,0,40,Poland,<=50K,25_34,35_40
31,Private,73585,Assoc-voc,11,Married-civ-spouse,Prof-specialty,Husband,White,Male,0,0,45,United-States,<=50K,25_34,41_49
31,Private,162160,HS-grad,9,Married-civ-spouse,Craft-repair,Husband,White,Male,0,0,47,United-States,<=50K,25_34,41_49
31,Private,502752,Bachelors,13,Married-civ-spouse,Adm-clerical,Wife,White,Female,0,0,40,United-States,>50K,25_34,35_40
20,Private,162688,Assoc-voc,11,Never-married,Other-service,Own-child,White,Male,0,0,40,United-States,<=50K,under_25,35_40
65,,52728,Some-college,10,Married-civ-spouse,,Husband,White,Male,0,0,40,United-States,<=50K,55_plus,35_40
49,Private,122206,Assoc-voc,11,Married-civ-spouse,Sales,Husband,White,Male,0,0,25,United-States,<=50K,45_54,under_35
47,Private,334039,Bachelors,13,Married-civ-spouse,Exec-managerial,Husband,White,Male,7298,0,44,United-States,>50K,45_54,41_49
46,Self-emp-not-inc,225456,HS-grad,9,Married-civ-spouse,Exec-managerial,Husband,White,Male,0,0,40,United-States,<=50K,45_54,35_40
51,Self-emp-not-inc,290290,Bachelors,13,Married-civ-spouse,Prof-specialty,Husband,White,Male,0,0,45,United-States,>50K,45_54,41_49
24,Private,103064,Bachelors,13,Never-married,Tech-support,Not-in-family,White,Female,3674,0,40,United-States,<=50K,under_25,35_40
37,Private,405284,Bachelors,13,Never-married,Prof-specialty,Not-in-family,White,Female,0,1340,42,United-States,<=50K,35_44,41_49
44,Private,165599,HS-grad,9,Married-civ-spouse,Machine-op-inspct,Husband,White,Male,0,0,48,United-States,<=50K,35_44,41_49
25,Private,141876,HS-grad,9,Married-spouse-absent,Exec-managerial,Not-in-family,White,Male,0,0,45,United-States,<=50K,25_34,41_49
27,Self-emp-not-inc,365110,Bachelors,13,Never-married,Prof-specialty,Not-in-family,White,Female,0,0,20,United-States,<=50K,25_34,under_35
50,Local-gov,231725,HS-grad,9,Married-civ-spouse,Handlers-cleaners,Husband,White,Male,0,0,40,United-States,<=50K,45_54,35_40
35,Private,108293,Bachelors,13,Widowed,Prof-specialty,Unmarried,White,Female,0,0,32,United-States,>50K,35_44,under_35
42,Local-gov,180318,10th,6,Never-married,Farming-fishing,Unmarried,White,Male,0,0,35,United-States,<=50K,35_44,35_40
39,Self-emp-not-inc,147850,HS-grad,9,Married-civ-spouse,Transport-moving,Husband,White,Male,0,0,30,United-States,<=50K,35_44,under_35
44,Federal-gov,139161,Assoc-acdm,12,Divorced,Adm-clerical,Not-in-family,Black,Female,0,1741,40,United-States,<=50K,35_44,35_40
29,Private,144592,Prof-school,15,Married-civ-spouse,Prof-specialty,Husband,White,Male,0,0,50,United-States,>50K,25_34,50_plus
27,Private,184078,Assoc-voc,11,Divorced,Adm-clerical,Unmarried,White,Female,0,0,40,United-States,<=50K,25_34,35_40
44,Private,191814,Some-college,10,Married-civ-spouse,Craft-repair,Husband,White,Male,0,0,45,United-States,<=50K,35_44,41_49
44,Private,267717,Masters,14,Married-civ-spouse,Prof-specialty,Husband,White,Male,0,0,42,United-States,>50K,35_44,41_49
42,,175935,HS-grad,9,Separated,,Unmarried,White,Male,0,0,40,United-States,<=50K,35_44,35_40
32,State-gov,542265,HS-grad,9,Never-married,Adm-clerical,Not-in-family,White,Female,0,0,40,United-States,<=50K,25_34,35_40
57,Private,334224,Some-college,10,Married-civ-spouse,Craft-repair,Wife,White,Female,9386,0,40,United-States,>50K,55_plus,35_40
30,Private,378009,Masters,14,Married-civ-spouse,Exec-managerial,Husband,White,Male,0,0,50,United-States,>50K,25_34,50_plus
48,Self-emp-not-inc,191389,Some-college,10,Separated,Sales,Unmarried,White,Female,0,0,50,United-States,<=50K,45_54,50_plus
23,Private,38707,Some-college,10,Married-civ-spouse,Transport-moving,Husband,White,Male,0,0,60,United-States,>50K,under_25,50_plus
41,Self-emp-not-inc,204235,Prof-school,15,Married-civ-spouse,Prof-specialty,Husband,White,Male,0,0,50,United-States,>50K,35_44,50_plus
31,Private,39054,HS-grad,9,Married-civ-spouse,Craft-repair,Husband,White,Male,0,0,20,United-States,<=50K,25_34,under_35
45,Private,358701,12th,8,Never-married,Other-service,Own-child,White,Male,0,0,10,Mexico,<=50K,45_54,under_35
31,Private,225779,HS-grad,9,Never-married,Machine-op-inspct,Not-in-family,White,Female,0,0,40,United-States,<=50K,25_34,35_40
48,Private,46677,Assoc-acdm,12,Divorced,Exec-managerial,Unmarried,White,Female,0,0,42,United-States,<=50K,45_54,41_49
20,Private,105479,Some-college,10,Never-married,Sales,Not-in-family,White,Female,0,0,25,United-States,<=50K,under_25,under_35
23,Private,259301,HS-grad,9,Divorced,Exec-managerial,Unmarried,White,Female,0,0,40,United-States,<=50K,under_25,35_40
42,Private,111483,Bachelors,13,Married-civ-spouse,Tech-support,Husband,White,Male,0,0,50,United-States,>50K,35_44,50_plus
44,Federal-gov,243636,Assoc-voc,11,Married-civ-spouse,Craft-repair,Husband,White,Male,0,0,40,United-States,>50K,35_44,35_40
23,Private,91658,Some-college,10,Divorced,Handlers-cleaners,Own-child,White,Male,0,0,40,United-States,<=50K,under_25,35_40
39,Private,226374,10th,6,Divorced,Other-service,Unmarried,Black,Female,0,0,40,United-States,<=50K,35_44,35_40
66,,357750,11th,7,Widowed,,Not-in-family,Black,Female,0,0,40,United-States,<=50K,55_plus,35_40
38,Private,60135,HS-grad,9,Never-married,Transport-moving,Not-in-family,White,Female,0,0,40,United-States,<=50K,35_44,35_40
26,Private,211695,Bachelors,13,Never-married,Prof-specialty,Own-child,White,Male,0,0,40,United-States,<=50K,25_34,35_40
30,Local-gov,44566,Bachelors,13,Married-civ-spouse,Prof-specialty,Husband,White,Male,0,0,40,United-States,<=50K,25_34,35_40
43,Private,99185,HS-grad,9,Divorced,Adm-clerical,Unmarried,White,Female,0,0,58,United-States,<=50K,35_44,50_plus
54,Private,46401,Some-college,10,Divorced,Other-service,Not-in-family,White,Female,0,0,47,United-States,<=50K,45_54,41_49
53,Private,311269,HS-grad,9,Divorced,Other-service,Not-in-family,White,Female,0,0,40,United-States,<=50K,45_54,35_40
45,Private,156117,Assoc-voc,11,Divorced,Prof-specialty,Not-in-family,White,Female,0,0,32,United-States,<=50K,45_54,under_35
36,Private,749636,Some-college,10,Divorced,Adm-clerical,Unmarried,White,Female,0,0,40,United-States,<=50K,35_44,35_40
61,Federal-gov,181081,HS-grad,9,Divorced,Adm-clerical,Own-child,Black,Female,0,0,20,United-States,<=50K,55_plus,under_35
46,Private,175925,Some-college,10,Married-civ-spouse,Farming-fishing,Husband,White,Male,0,0,40,United-States,<=50K,45_54,35_40
43,Self-emp-not-inc,163108,Some-college,10,Married-civ-spouse,Farming-fishing,Husband,White,Male,0,0,99,United-States,<=50K,35_44,50_plus
51,Self-emp-not-inc,204322,HS-grad,9,Married-civ-spouse,Transport-moving,Husband,White,Male,0,0,50,United-States,<=50K,45_54,50_plus
62,,186611,HS-grad,9,Never-married,,Not-in-family,White,Male,0,0,40,United-States,<=50K,55_plus,35_40
42,Private,147251,Some-college,10,Married-civ-spouse,Prof-specialty,Wife,White,Female,0,0,36,United-States,<=50K,35_44,35_40
44,Private,201723,Bachelors,13,Married-civ-spouse,Exec-managerial,Husband,White,Male,15024,0,45,United-States,>50K,35_44,41_49
44,Private,89172,Bachelors,13,Married-civ-spouse,Craft-repair,Husband,White,Male,0,0,50,United-States,>50K,35_44,50_plus
20,,71788,Some-college,10,Never-married,,Own-child,White,Female,0,0,18,United-States,<=50K,under_25,under_35
37,Private,213726,HS-grad,9,Divorced,Machine-op-inspct,Not-in-family,Asian-Pac-Islander,Female,0,0,40,Philippines,<=50K,35_44,35_40
32,,981628,HS-grad,9,Divorced,,Unmarried,Black,Male,0,0,40,United-States,<=50K,25_34,35_40
54,Federal-gov,75235,HS-grad,9,Married-civ-spouse,Exec-managerial,Husband,White,Male,5178,0,40,United-States,>50K,45_54,35_40
26,Private,746432,HS-grad,9,Never-married,Handlers-cleaners,Own-child,Black,Male,0,0,48,United-States,<=50K,25_34,41_49
47,Self-emp-not-inc,258498,Some-college,10,Married-civ-spouse,Other-service,Wife,White,Female,0,0,52,United-States,<=50K,45_54,50_plus
49,Private,402462,Bachelors,13,Married-spouse-absent,Transport-moving,Unmarried,White,Male,0,0,30,Columbia,<=50K,45_54,under_35
46,Private,72896,Some-college,10,Married-civ-spouse,Exec-managerial,Husband,White,Male,0,0,50,United-States,<=50K,45_54,50_plus
44,Private,335248,Some-college,10,Divorced,Adm-clerical,Not-in-family,White,Female,0,0,40,United-States,<=50K,35_44,35_40
51,Private,120270,Assoc-voc,11,Married-civ-spouse,Sales,Husband,White,Male,0,0,40,United-States,>50K,45_54,35_40
29,,499935,Assoc-voc,11,Never-married,,Unmarried,White,Female,0,0,40,United-States,<=50K,25_34,35_40
44,Private,182370,HS-grad,9,Married-civ-spouse,Craft-repair,Husband,White,Male,0,0,40,United-States,<=50K,35_44,35_40
60,Private,240951,HS-grad,9,Divorced,Adm-clerical,Other-relative,White,Female,0,0,40,United-States,<=50K,55_plus,35_40
41,Self-emp-inc,145441,Masters,14,Married-civ-spouse,Exec-managerial,Husband,White,Male,0,0,50,United-States,>50K,35_44,50_plus
50,Local-gov,117496,Bachelors,13,Married-civ-spouse,Prof-specialty,Wife,White,Female,0,0,24,United-States,<=50K,45_54,under_35
59,Private,53481,Some-college,10,Married-civ-spouse,Sales,Husband,White,Male,0,0,50,United-States,<=50K,55_plus,50_plus
55,Private,92215,HS-grad,9,Never-married,Adm-clerical,Not-in-family,White,Female,0,0,45,United-States,<=50K,55_plus,41_49
22,Private,41837,Some-college,10,Never-married,Transport-moving,Own-child,White,Male,0,0,25,United-States,<=50K,under_25,under_35
37,Private,271013,HS-grad,9,Divorced,Handlers-cleaners,Not-in-family,White,Male,0,0,40,United-States,<=50K,35_44,35_40
70,,92593,Some-college,10,Widowed,,Not-in-family,White,Female,0,0,25,United-States,<=50K,55_plus,under_35
27,Private,189777,HS-grad,9,Married-civ-spouse,Craft-repair,Husband,White,Male,0,0,40,United-States,<=50K,25_34,35_40
32,Private,127451,Some-college,10,Married-civ-spouse,Prof-specialty,Husband,White,Male,0,0,38,United-States,>50K,25_34,35_40
55,Private,51008,HS-grad,9,Divorced,Adm-clerical,Unmarried,White,Female,0,0,40,United-States,<=50K,55_plus,35_40
24,Private,186495,HS-grad,9,Divorced,Adm-clerical,Not-in-family,White,Female,0,0,32,United-States,<=50K,under_25,under_35
22,Private,239954,Some-college,10,Never-married,Adm-clerical,Other-relative,White,Male,0,0,40,United-States,<=50K,under_25,35_40
68,Private,145638,Some-college,10,Divorced,Sales,Not-in-family,White,Female,0,0,40,United-States,<=50K,55_plus,35_40
34,Private,111589,10th,6,Never-married,Other-service,Unmarried,Black,Female,0,0,40,Jamaica,<=50K,25_34,35_40
24,Private,175586,HS-grad,9,Never-married,Machine-op-inspct,Unmarried,Black,Female,0,0,40,United-States,<=50K,under_25,35_40
23,Private,263886,Some-college,10,Never-married,Sales,Not-in-family,Black,Female,0,0,20,United-States,<=50K,under_25,under_35
50,Private,310774,Bachelors,13,Married-civ-spouse,Sales,Husband,White,Male,0,0,35,United-States,<=50K,45_54,35_40
39,Private,358753,Assoc-voc,11,Married-civ-spouse,Craft-repair,Husband,White,Male,7688,0,40,United-States,>50K,35_44,35_40
26,Private,53209,HS-grad,9,Never-married,Other-service,Own-child,White,Male,0,0,40,United-States,<=50K,25_34,35_40
46,State-gov,250821,Prof-school,15,Married-civ-spouse,Exec-managerial,Husband,White,Male,15024,0,40,United-States,>50K,45_54,35_40
30,Self-emp-inc,178383,Some-college,10,Married-civ-spouse,Craft-repair,Husband,Black,Male,0,0,70,United-States,<=50K,25_34,50_plus
52,Private,208630,HS-grad,9,Divorced,Adm-clerical,Unmarried,White,Female,0,1741,38,United-States,<=50K,45_54,35_40
43,Private,174295,Masters,14,Married-civ-spouse,Prof-specialty,Husband,White,Male,0,0,55,United-States,<=50K,35_44,50_plus
31,Private,60229,HS-grad,9,Married-civ-spouse,Machine-op-inspct,Husband,White,Male,0,0,40,United-States,<=50K,25_34,35_40
61,Private,179743,HS-grad,9,Married-civ-spouse,Craft-repair,Husband,White,Male,0,2051,20,United-States,<=50K,55_plus,under_35
26,Private,192022,Bachelors,13,Never-married,Prof-specialty,Own-child,White,Female,0,0,40,United-States,<=50K,25_34,35_40
23,Private,162228,Bachelors,13,Never-married,Sales,Not-in-family,White,Male,0,0,48,United-States,<=50K,under_25,41_49
38,Private,33397,HS-grad,9,Divorced,Sales,Unmarried,White,Female,0,0,40,United-States,<=50K,35_44,35_40
70,Private,174032,HS-grad,9,Married-civ-spouse,Sales,Husband,White,Male,0,0,40,United-States,<=50K,55_plus,35_40
45,Self-emp-not-inc,31478,Bachelors,13,Married-civ-spouse,Sales,Husband,White,Male,2829,0,60,United-States,<=50K,45_54,50_plus
32,Private,313835,Masters,14,Married-civ-spouse,Prof-specialty,Husband,White,Male,0,0,40,United-States,>50K,25_34,35_40
33,Private,60567,HS-grad,9,Married-civ-spouse,Craft-repair,Husband,White,Male,3411,0,40,United-States,<=50K,25_34,35_40
34,Private,331126,HS-grad,9,Never-married,Other-service,Unmarried,Black,Male,0,0,30,United-States,<=50K,25_34,under_35
53,Private,156612,12th,8,Divorced,Transport-moving,Not-in-family,White,Female,0,0,40,United-States,<=50K,45_54,35_40
60,Private,227468,Some-college,10,Widowed,Protective-serv,Not-in-family,Black,Female,0,0,40,United-States,<=50K,55_plus,35_40
65,,192825,7th-8th,4,Married-civ-spouse,,Husband,White,Male,0,0,25,United-States,<=50K,55_plus,under_35
59,Federal-gov,293971,Some-college,10,Married-civ-spouse,Tech-support,Husband,White,Male,0,0,40,United-States,>50K,55_plus,35_40
42,Private,169995,Some-college,10,Married-civ-spouse,Prof-specialty,Husband,White,Male,0,0,45,United-States,<=50K,35_44,41_49
27,Private,126060,Bachelors,13,Never-married,Exec-managerial,Not-in-family,White,Female,0,0,40,United-States,<=50K,25_34,35_40
26,Private,385278,HS-grad,9,Married-civ-spouse,Exec-managerial,Husband,Black,Male,0,0,60,United-States,<=50K,25_34,50_plus
44,Federal-gov,38434,Masters,14,Never-married,Prof-specialty,Not-in-family,White,Female,0,0,40,United-States,<=50K,35_44,35_40
20,Private,86143,Some-college,10,Never-married,Other-service,Other-relative,Asian-Pac-Islander,Male,0,0,30,United-States,<=50K,under_25,under_35
56,Private,134153,10th,6,Married-civ-spouse,Adm-clerical,Husband,Black,Male,0,0,40,United-States,<=50K,55_plus,35_40
49,Private,259323,HS-grad,9,Divorced,Craft-repair,Unmarried,White,Male,0,0,40,United-States,<=50K,45_54,35_40
53,Private,58985,Some-college,10,Married-civ-spouse,Prof-specialty,Wife,White,Female,0,0,24,United-States,<=50K,45_54,under_35
19,Private,127491,HS-grad,9,Never-married,Other-service,Not-in-family,White,Male,0,0,40,United-States,<=50K,under_25,35_40
46,Private,155933,Bachelors,13,Never-married,Machine-op-inspct,Not-in-family,White,Female,0,1602,8,United-States,<=50K,45_54,under_35
36,State-gov,135874,Bachelors,13,Married-civ-spouse,Sales,Husband,White,Male,0,0,40,United-States,<=50K,35_44,35_40
51,Private,172493,Some-college,10,Never-married,Exec-managerial,Not-in-family,White,Female,0,0,12,United-States,<=50K,45_54,under_35
44,Self-emp-not-inc,157217,Bachelors,13,Never-married,Sales,Not-in-family,White,Male,0,0,42,United-States,<=50K,35_44,41_49
41,Local-gov,160785,HS-grad,9,Married-civ-spouse,Craft-repair,Husband,White,Male,0,0,40,United-States,<=50K,35_44,35_40
44,Self-emp-inc,138991,Some-college,10,Married-civ-spouse,Exec-managerial,Husband,White,Male,0,0,50,United-States,>50K,35_44,50_plus
50,Private,177896,Doctorate,16,Married-civ-spouse,Prof-specialty,Husband,White,Male,0,0,40,United-States,>50K,45_54,35_40
47,Self-emp-inc,102308,Prof-school,15,Married-civ-spouse,Prof-specialty,Husband,White,Male,0,2415,45,United-States,>50K,45_54,41_49
30,Private,215441,Some-college,10,Never-married,Adm-clerical,Not-in-family,Other,Male,0,0,40,,<=50K,25_34,35_40
47,Private,294913,Prof-school,15,Married-civ-spouse,Exec-managerial,Husband,White,Male,99999,0,40,United-States,>50K,45_54,35_40
37,Local-gov,180342,Bachelors,13,Married-civ-spouse,Other-service,Husband,White,Male,0,0,40,United-States,>50K,35_44,35_40
17,Private,311907,11th,7,Never-married,Other-service,Own-child,White,Male,0,0,25,United-States,<=50K,under_25,under_35
37,Private,377798,Some-college,10,Married-civ-spouse,Craft-repair,Husband,White,Male,3103,0,40,United-States,>50K,35_44,35_40
54,Private,219737,HS-grad,9,Widowed,Sales,Not-in-family,White,Female,0,0,37,United-States,<=50K,45_54,35_40
22,Local-gov,195532,Some-college,10,Never-married,Protective-serv,Other-relative,White,Female,0,0,43,United-States,<=50K,under_25,41_49
32,Private,188246,HS-grad,9,Married-civ-spouse,Craft-repair,Husband,White,Male,0,0,40,United-States,<=50K,25_34,35_40
49,Private,189462,HS-grad,9,Married-civ-spouse,Craft-repair,Husband,White,Male,0,0,40,United-States,<=50K,45_54,35_40
41,Private,220460,HS-grad,9,Never-married,Sales,Own-child,White,Male,0,0,40,United-States,<=50K,35_44,35_40
22,Private,205940,Bachelors,13,Never-married,Exec-managerial,Not-in-family,White,Female,0,0,40,United-States,<=50K,under_25,35_40
40,Private,306225,HS-grad,9,Divorced,Craft-repair,Not-in-family,Asian-Pac-Islander,Female,0,0,40,Japan,<=50K,35_44,35_40
48,State-gov,224474,Some-college,10,Divorced,Exec-managerial,Not-in-family,White,Female,0,0,40,United-States,<=50K,45_54,35_40
62,Private,271431,9th,5,Married-civ-spouse,Other-service,Husband,Black,Male,0,0,42,United-States,<=50K,55_plus,41_49
31,Self-emp-not-inc,156033,HS-grad,9,Divorced,Other-service,Not-in-family,White,Male,0,0,35,United-States,<=50K,25_34,35_40
42,Private,288154,Some-college,10,Married-civ-spouse,Craft-repair,Husband,White,Male,0,0,89,United-States,>50K,35_44,50_plus
33,Private,168387,11th,7,Married-civ-spouse,Other-service,Husband,White,Male,0,0,40,United-States,<=50K,25_34,35_40
57,Self-emp-not-inc,65080,HS-grad,9,Married-civ-spouse,Craft-repair,Husband,White,Male,0,0,50,United-States,>50K,55_plus,50_plus
33,Private,191335,Assoc-acdm,12,Married-civ-spouse,Craft-repair,Husband,White,Male,0,1902,50,United-States,>50K,25_34,50_plus
20,Private,227778,Some-college,10,Never-married,Sales,Not-in-family,White,Female,0,0,56,United-States,<=50K,under_25,50_plus
31,Private,298995,HS-grad,9,Married-civ-spouse,Other-service,Wife,Black,Female,0,0,35,United-States,<=50K,25_34,35_40
34,Private,213307,HS-grad,9,Never-married,Handlers-cleaners,Unmarried,White,Female,7443,0,35,United-States,<=50K,25_34,35_40
66,Self-emp-not-inc,102686,Masters,14,Married-civ-spouse,Exec-managerial,Husband,White,Male,0,0,20,United-States,>50K,55_plus,under_35
51,Private,101432,HS-grad,9,Married-civ-spouse,Craft-repair,Husband,White,Male,0,0,40,United-States,<=50K,45_54,35_40
32,Private,236318,Some-college,10,Married-civ-spouse,Sales,Husband,White,Male,0,0,32,United-States,<=50K,25_34,under_35
36,Private,237943,Bachelors,13,Married-civ-spouse,Prof-specialty,Husband,White,Male,0,1977,45,United-States,>50K,35_44,41_49
38,Private,32916,Assoc-voc,11,Married-civ-spouse,Craft-repair,Husband,White,Male,0,0,55,United-States,>50K,35_44,50_plus
39,Private,107302,HS-grad,9,Married-civ-spouse,Prof-specialty,Husband,White,Male,0,0,45,,>50K,35_44,41_49
33,Private,273243,HS-grad,9,Married-civ-spouse,Craft-repair,Husband,Black,Male,0,0,40,United-States,<=50K,25_34,35_40
30,Private,77266,HS-grad,9,Divorced,Transport-moving,Not-in-family,White,Male,0,0,55,United-States,<=50K,25_34,50_plus
30,Private,345898,HS-grad,9,Never-married,Craft-repair,Not-in-family,Black,Male,0,0,46,United-States,<=50K,25_34,41_49
72,,129912,HS-grad,9,Married-civ-spouse,,Husband,White,Male,0,0,25,United-States,<=50K,55_plus,under_35
43,Private,84661,Assoc-voc,11,Married-civ-spouse,Sales,Husband,White,Male,0,0,45,United-States,<=50K,35_44,41_49
52,Self-emp-inc,287927,HS-grad,9,Married-civ-spouse,Exec-managerial,Wife,White,Female,15024,0,40,United-States,>50K,45_54,35_40
55,Private,104996,7th-8th,4,Married-civ-spouse,Craft-repair,Husband,White,Male,0,0,10,United-States,<=50K,55_plus,under_35
65,Private,184454,HS-grad,9,Married-civ-spouse,Machine-op-inspct,Husband,White,Male,6418,0,40,United-States,>50K,55_plus,35_40
43,Private,346189,Masters,14,Married-civ-spouse,Exec-managerial,Husband,White,Male,0,0,50,United-States,>50K,35_44,50_plus
43,Private,128354,HS-grad,9,Married-civ-spouse,Adm-clerical,Wife,White,Female,0,0,30,United-States,<=50K,35_44,under_35
25,Private,205947,Bachelors,13,Married-civ-spouse,Prof-specialty,Husband,White,Male,0,0,40,United-States,<=50K,25_34,35_40
54,Private,99516,HS-grad,9,Married-civ-spouse,Craft-repair,Husband,White,Male,0,0,35,United-States,<=50K,45_54,35_40
46,State-gov,106444,Some-college,10,Married-civ-spouse,Exec-managerial,Husband,Black,Male,7688,0,38,United-States,>50K,45_54,35_40
33,Private,269705,HS-grad,9,Married-civ-spouse,Handlers-cleaners,Husband,White,Male,0,0,40,United-States,<=50K,25_34,35_40
47,Local-gov,171807,HS-grad,9,Divorced,Adm-clerical,Not-in-family,White,Female,0,0,40,United-States,<=50K,45_54,35_40
41,Private,109912,Bachelors,13,Never-married,Other-service,Not-in-family,White,Female,0,0,40,,<=50K,35_44,35_40
20,Federal-gov,244689,11th,7,Never-married,Other-service,Own-child,White,Female,0,0,10,United-States,<=50K,under_25,under_35
33,Private,176410,Masters,14,Married-civ-spouse,Prof-specialty,Wife,White,Female,5178,0,10,United-States,>50K,25_34,under_35
41,Local-gov,201520,HS-grad,9,Married-civ-spouse,Protective-serv,Husband,White,Male,0,0,40,United-States,<=50K,35_44,35_40
28,Private,154236,HS-grad,9,Never-married,Transport-moving,Own-child,White,Male,2597,0,40,United-States,<=50K,25_34,35_40
18,Private,217439,HS-grad,9,Never-married,Other-service,Not-in-family,White,Female,0,0,28,United-States,<=50K,under_25,under_35
20,,30796,HS-grad,9,Never-married,,Own-child,White,Female,0,0,20,United-States,<=50K,under_25,under_35
41,Private,181020,HS-grad,9,Divorced,Handlers-cleaners,Unmarried,White,Female,0,0,40,United-States,<=50K,35_44,35_40
57,Private,244478,HS-grad,9,Married-civ-spouse,Craft-repair,Husband,Black,Male,0,0,48,United-States,<=50K,55_plus,41_49
44,Private,26669,Assoc-voc,11,Widowed,Exec-managerial,Unmarried,White,Female,0,0,30,United-States,<=50K,35_44,under_35
22,Private,315476,11th,7,Never-married,Craft-repair,Unmarried,White,Male,0,0,40,United-States,<=50K,under_25,35_40
58,Local-gov,137249,HS-grad,9,Divorced,Exec-managerial,Not-in-family,White,Male,0,0,33,United-States,<=50K,55_plus,under_35
40,Private,83411,Some-college,10,Married-civ-spouse,Machine-op-inspct,Husband,White,Male,0,0,37,United-States,<=50K,35_44,35_40
56,Self-emp-inc,321529,Some-college,10,Married-civ-spouse,Exec-managerial,Husband,White,Male,15024,0,40,United-States,>50K,55_plus,35_40
39,Private,163205,Bachelors,13,Separated,Prof-specialty,Not-in-family,White,Male,0,0,50,United-States,>50K,35_44,50_plus
51,Local-gov,174861,Some-college,10,Married-civ-spouse,Protective-serv,Husband,White,Male,0,0,40,United-States,>50K,45_54,35_40
28,Self-emp-inc,142443,Bachelors,13,Married-civ-spouse,Exec-managerial,Husband,White,Male,0,0,50,United-States,<=50K,25_34,50_plus
45,Private,411273,7th-8th,4,Married-civ-spouse,Craft-repair,Husband,Black,Male,0,0,40,United-States,<=50K,45_54,35_40
34,Private,357145,Bachelors,13,Married-civ-spouse,Prof-specialty,Wife,White,Female,0,0,50,United-States,>50K,25_34,50_plus
31,Private,236861,Some-college,10,Married-civ-spouse,Sales,Husband,White,Male,0,0,55,United-States,>50K,25_34,50_plus
39,Private,22463,Bachelors,13,Married-civ-spouse,Transport-moving,Husband,White,Male,0,0,40,United-States,<=50K,35_44,35_40
25,Private,77698,HS-grad,9,Never-married,Machine-op-inspct,Not-in-family,Asian-Pac-Islander,Female,0,0,40,Philippines,<=50K,25_34,35_40
53,Local-gov,169719,HS-grad,9,Married-civ-spouse,Exec-managerial,Husband,White,Male,0,0,40,United-States,<=50K,45_54,35_40
39,,110342,HS-grad,9,Married-civ-spouse,,Wife,White,Female,0,0,50,United-States,<=50K,35_44,50_plus
35,Private,203717,Assoc-voc,11,Never-married,Craft-repair,Not-in-family,White,Male,0,0,50,United-States,<=50K,35_44,50_plus
30,State-gov,260782,HS-grad,9,Never-married,Other-service,Not-in-family,White,Male,0,0,40,United-States,<=50K,25_34,35_40
29,Private,255412,Some-college,10,Married-civ-spouse,Handlers-cleaners,Husband,White,Male,3103,0,40,United-States,>50K,25_34,35_40
61,,195789,HS-grad,9,Married-civ-spouse,,Husband,White,Male,0,0,40,United-States,<=50K,55_plus,35_40
25,Private,177221,HS-grad,9,Married-civ-spouse,Exec-managerial,Husband,White,Male,0,0,75,United-States,<=50K,25_34,50_plus
23,Private,145917,HS-grad,9,Never-married,Handlers-cleaners,Not-in-family,White,Female,0,0,25,United-States,<=50K,under_25,under_35
22,Private,178452,HS-grad,9,Never-married,Machine-op-inspct,Own-child,Black,Male,0,0,40,United-States,<=50K,under_25,35_40
46,Private,157857,Some-college,10,Married-civ-spouse,Protective-serv,Husband,White,Male,0,0,40,United-States,>50K,45_54,35_40
61,Federal-gov,512864,Some-college,10,Married-civ-spouse,Transport-moving,Husband,Black,Male,0,0,40,United-States,<=50K,55_plus,35_40
42,Private,171615,HS-grad,9,Married-civ-spouse,Exec-managerial,Husband,White,Male,0,0,55,United-States,>50K,35_44,50_plus
26,Private,172421,Some-college,10,Married-civ-spouse,Sales,Husband,White,Male,0,0,40,United-States,<=50K,25_34,35_40
42,Private,195488,10th,6,Divorced,Adm-clerical,Unmarried,White,Female,0,0,40,United-States,<=50K,35_44,35_40
37,Local-gov,263690,Bachelors,13,Never-married,Prof-specialty,Unmarried,Black,Male,0,0,40,,<=50K,35_44,35_40
37,Private,243409,HS-grad,9,Married-civ-spouse,Craft-repair,Husband,White,Male,0,0,40,United-States,<=50K,35_44,35_40
26,Private,248057,HS-grad,9,Separated,Handlers-cleaners,Own-child,White,Male,0,0,40,Puerto-Rico,<=50K,25_34,35_40
29,Private,39257,HS-grad,9,Married-civ-spouse,Transport-moving,Husband,White,Male,0,0,40,United-States,>50K,25_34,35_40
33,Private,56150,Bachelors,13,Never-married,Craft-repair,Not-in-family,White,Male,2174,0,40,United-States,<=50K,25_34,35_40
66,Private,275918,HS-grad,9,Married-civ-spouse,Exec-managerial,Husband,White,Male,10605,0,40,United-States,>50K,55_plus,35_40
59,Private,107318,7th-8th,4,Married-civ-spouse,Craft-repair,Husband,White,Male,5178,0,50,United-States,>50K,55_plus,50_plus
40,Private,187294,HS-grad,9,Married-civ-spouse,Exec-managerial,Husband,White,Male,0,0,40,United-States,>50K,35_44,35_40
49,Private,27898,HS-grad,9,Married-civ-spouse,Exec-managerial,Husband,White,Male,0,1977,55,United-States,>50K,45_54,50_plus
48,Local-gov,188741,Masters,14,Never-married,Prof-specialty,Not-in-family,White,Female,0,0,50,United-States,<=50K,45_54,50_plus
36,Private,116358,Masters,14,Married-civ-spouse,Exec-managerial,Husband,Asian-Pac-Islander,Male,0,0,45,India,<=50K,35_44,41_49
27,Private,500068,HS-grad,9,Married-civ-spouse,Other-service,Husband,White,Male,0,0,36,,<=50K,25_34,35_40
43,Private,51494,HS-grad,9,Married-civ-spouse,Machine-op-inspct,Husband,White,Male,0,0,65,United-States,<=50K,35_44,50_plus
35,Private,179481,HS-grad,9,Never-married,Transport-moving,Own-child,White,Male,0,0,55,United-States,<=50K,35_44,50_plus
26,Private,284343,HS-grad,9,Never-married,Machine-op-inspct,Not-in-family,White,Male,0,0,40,United-States,<=50K,25_34,35_40
33,Private,118941,HS-grad,9,Married-civ-spouse,Adm-clerical,Wife,White,Female,0,0,40,United-States,>50K,25_34,35_40
50,Private,280292,10th,6,Married-civ-spouse,Transport-moving,Husband,White,Male,0,0,40,United-States,>50K,45_54,35_40
36,Private,168170,HS-grad,9,Married-civ-spouse,Craft-repair,Husband,White,Male,0,0,40,Puerto-Rico,<=50K,35_44,35_40
32,Private,33117,Assoc-voc,11,Married-civ-spouse,Other-service,Husband,White,Male,0,0,40,United-States,<=50K,25_34,35_40
20,Private,313817,Some-college,10,Married-civ-spouse,Craft-repair,Husband,White,Male,0,0,40,United-States,<=50K,under_25,35_40
19,Private,124464,Some-college,10,Never-married,Machine-op-inspct,Own-child,White,Male,0,0,40,United-States,<=50K,under_25,35_40
39,Private,224541,9th,5,Married-civ-spouse,Craft-repair,Husband,White,Male,4386,0,55,Mexico,<=50K,35_44,50_plus
21,Private,542610,HS-grad,9,Never-married,Transport-moving,Other-relative,Black,Male,0,0,40,United-States,<=50K,under_25,35_40
36,Self-emp-not-inc,84294,Bachelors,13,Married-civ-spouse,Farming-fishing,Husband,White,Male,0,0,72,United-States,<=50K,35_44,50_plus
44,Private,98779,Some-college,10,Married-civ-spouse,Craft-repair,Husband,White,Male,5178,0,40,United-States,>50K,35_44,35_40
52,Private,165001,HS-grad,9,Married-civ-spouse,Transport-moving,Husband,White,Male,0,0,60,United-States,>50K,45_54,50_plus
37,Private,178100,Bachelors,13,Divorced,Exec-managerial,Not-in-family,White,Female,0,0,40,United-States,>50K,35_44,35_40
45,Private,177536,Bachelors,13,Married-civ-spouse,Exec-managerial,Husband,White,Male,0,0,45,England,>50K,45_54,41_49
73,,145748,HS-grad,9,Married-civ-spouse,,Husband,White,Male,0,0,8,United-States,<=50K,55_plus,under_35
35,Private,116369,HS-grad,9,Never-married,Craft-repair,Not-in-family,White,Male,0,0,40,United-States,<=50K,35_44,35_40
32,Private,182274,HS-grad,9,Separated,Other-service,Own-child,White,Female,0,0,37,United-States,<=50K,25_34,35_40
28,Private,103548,Bachelors,13,Married-civ-spouse,Prof-specialty,Husband,White,Male,0,0,40,United-States,<=50K,25_34,35_40
41,Self-emp-not-inc,38434,Masters,14,Never-married,Sales,Not-in-family,White,Female,0,0,30,United-States,<=50K,35_44,under_35
44,Private,180599,HS-grad,9,Never-married,Craft-repair,Own-child,White,Male,0,0,40,United-States,>50K,35_44,35_40
31,Private,43607,Bachelors,13,Widowed,Adm-clerical,Unmarried,White,Male,0,0,60,United-States,<=50K,25_34,50_plus
39,Private,189344,HS-grad,9,Married-civ-spouse,Machine-op-inspct,Husband,White,Male,0,0,40,Mexico,<=50K,35_44,35_40
31,Private,437200,Some-college,10,Married-civ-spouse,Farming-fishing,Husband,White,Male,0,0,40,Mexico,<=50K,25_34,35_40
58,State-gov,191318,Masters,14,Married-civ-spouse,Exec-managerial,Husband,White,Male,15024,0,40,United-States,>50K,55_plus,35_40
32,Private,394708,HS-grad,9,Never-married,Other-service,Unmarried,Black,Male,0,0,40,United-States,<=50K,25_34,35_40
37,Private,29430,HS-grad,9,Divorced,Sales,Unmarried,White,Male,0,0,45,United-States,<=50K,35_44,41_49
45,Private,54038,Some-college,10,Married-civ-spouse,Adm-clerical,Wife,White,Female,0,1902,20,United-States,>50K,45_54,under_35
24,Private,131220,HS-grad,9,Never-married,Adm-clerical,Own-child,Black,Female,0,0,40,United-States,<=50K,under_25,35_40
65,,190454,11th,7,Married-civ-spouse,,Husband,White,Male,0,0,29,United-States,<=50K,55_plus,under_35
47,Private,34307,Some-college,10,Separated,Other-service,Not-in-family,White,Female,0,0,35,United-States,<=50K,45_54,35_40
45,Private,44489,Assoc-voc,11,Divorced,Other-service,Not-in-family,White,Male,0,0,10,United-States,<=50K,45_54,under_35
24,Private,314819,Some-college,10,Never-married,Craft-repair,Not-in-family,White,Male,2174,0,40,United-States,<=50K,under_25,35_40
40,Private,34722,Bachelors,13,Married-civ-spouse,Exec-managerial,Husband,White,Male,0,0,50,United-States,<=50K,35_44,50_plus
32,Private,294121,Assoc-voc,11,Divorced,Adm-clerical,Not-in-family,White,Female,0,0,40,United-States,<=50K,25_34,35_40
58,Private,199067,Bachelors,13,Divorced,Exec-managerial,Not-in-family,White,Male,0,0,65,United-States,>50K,55_plus,50_plus
65,Self-emp-not-inc,72776,7th-8th,4,Never-married,Farming-fishing,Not-in-family,White,Male,2964,0,40,United-States,<=50K,55_plus,35_40
29,Self-emp-inc,218555,Masters,14,Never-married,Prof-specialty,Own-child,White,Male,0,0,40,United-States,<=50K,25_34,35_40
42,Private,187322,10th,6,Married-civ-spouse,Sales,Husband,White,Male,0,0,45,United-States,<=50K,35_44,41_49
20,Self-emp-not-inc,190968,7th-8th,4,Never-married,Craft-repair,Own-child,White,Male,0,0,20,United-States,<=50K,under_25,under_35
47,Private,652784,10th,6,Married-civ-spouse,Machine-op-inspct,Husband,White,Male,0,0,40,United-States,<=50K,45_54,35_40
42,Private,167534,HS-grad,9,Married-civ-spouse,Handlers-cleaners,Husband,White,Male,5013,0,35,United-States,<=50K,35_44,35_40
54,Private,307973,HS-grad,9,Married-civ-spouse,Handlers-cleaners,Husband,White,Male,0,0,40,United-States,>50K,45_54,35_40
24,Private,109456,Bachelors,13,Never-married,Sales,Own-child,White,Male,0,0,25,United-States,<=50K,under_25,under_35
32,Private,198183,Bachelors,13,Never-married,Exec-managerial,Not-in-family,White,Female,0,0,45,United-States,<=50K,25_34,41_49
27,Local-gov,157449,HS-grad,9,Married-civ-spouse,Tech-support,Husband,White,Male,0,0,50,United-States,>50K,25_34,50_plus
46,Private,199378,Prof-school,15,Never-married,Prof-specialty,Not-in-family,White,Male,0,0,90,United-States,<=50K,45_54,50_plus
31,Private,289889,Assoc-voc,11,Never-married,Tech-support,Not-in-family,White,Male,0,0,40,United-States,<=50K,25_34,35_40
21,Private,243368,Preschool,1,Never-married,Farming-fishing,Not-in-family,White,Male,0,0,25,Mexico,<=50K,under_25,under_35
47,Private,125892,HS-grad,9,Divorced,Handlers-cleaners,Not-in-family,White,Male,0,0,40,United-States,<=50K,45_54,35_40
56,Private,249751,HS-grad,9,Married-civ-spouse,Tech-support,Husband,White,Male,0,0,40,United-States,<=50K,55_plus,35_40
22,Private,176178,Some-college,10,Never-married,Other-service,Own-child,White,Female,0,0,25,United-States,<=50K,under_25,under_35
50,Private,148431,Masters,14,Married-civ-spouse,Exec-managerial,Husband,White,Male,0,0,55,United-States,>50K,45_54,50_plus
38,Private,314890,Some-college,10,Never-married,Other-service,Not-in-family,White,Male,0,0,46,United-States,<=50K,35_44,41_49
70,Self-emp-not-inc,323987,7th-8th,4,Married-civ-spouse,Craft-repair,Husband,White,Male,0,0,8,United-States,<=50K,55_plus,under_35
52,Private,192445,11th,7,Married-civ-spouse,Transport-moving,Husband,White,Male,0,0,40,United-States,<=50K,45_54,35_40
23,Private,199011,11th,7,Never-married,Craft-repair,Own-child,White,Male,0,0,3,United-States,<=50K,under_25,under_35
29,Private,108775,Bachelors,13,Married-civ-spouse,Exec-managerial,Husband,White,Male,0,0,50,United-States,>50K,25_34,50_plus
22,Private,33551,Some-college,10,Never-married,Other-service,Not-in-family,White,Male,0,0,40,United-States,<=50K,under_25,35_40
23,Private,86939,HS-grad,9,Married-spouse-absent,Machine-op-inspct,Not-in-family,White,Male,0,0,40,United-States,<=50K,under_25,35_40
45,Self-emp-not-inc,285570,HS-grad,9,Married-civ-spouse,Transport-moving,Husband,White,Male,0,0,80,United-States,<=50K,45_54,50_plus
54,Private,186224,HS-grad,9,Married-civ-spouse,Craft-repair,Husband,White,Male,0,0,40,United-States,<=50K,45_54,35_40
30,Private,169002,Bachelors,13,Married-civ-spouse,Tech-support,Husband,White,Male,0,0,40,United-States,>50K,25_34,35_40
73,Self-emp-not-inc,214498,7th-8th,4,Married-civ-spouse,Farming-fishing,Husband,White,Male,0,0,12,United-States,<=50K,55_plus,under_35
25,Private,144334,HS-grad,9,Never-married,Exec-managerial,Own-child,Black,Male,0,0,40,United-States,<=50K,25_34,35_40
38,Private,216319,Doctorate,16,Married-civ-spouse,Prof-specialty,Husband,Asian-Pac-Islander,Male,0,0,40,China,>50K,35_44,35_40
19,Local-gov,220558,11th,7,Never-married,Handlers-cleaners,Other-relative,White,Male,0,0,35,United-States,<=50K,under_25,35_40
25,Private,245121,HS-grad,9,Married-civ-spouse,Other-service,Wife,Black,Female,0,0,40,United-States,<=50K,25_34,35_40
51,State-gov,22211,HS-grad,9,Divorced,Exec-managerial,Not-in-family,White,Male,0,0,37,United-States,>50K,45_54,35_40
23,Local-gov,57711,Bachelors,13,Never-married,Adm-clerical,Own-child,White,Female,0,0,40,Germany,<=50K,under_25,35_40
38,Local-gov,273457,Some-college,10,Married-civ-spouse,Adm-clerical,Husband,White,Male,0,0,40,United-States,>50K,35_44,35_40
31,Federal-gov,165949,Bachelors,13,Never-married,Exec-managerial,Not-in-family,White,Female,0,0,45,United-States,<=50K,25_34,41_49
17,Private,28544,11th,7,Never-married,Sales,Not-in-family,White,Female,0,0,20,United-States,<=50K,under_25,under_35
18,,243203,Some-college,10,Never-married,,Own-child,White,Male,0,0,40,Puerto-Rico,<=50K,under_25,35_40
51,,285200,HS-grad,9,Married-civ-spouse,,Husband,White,Male,2105,0,24,United-States,<=50K,45_54,under_35
28,Private,192010,Bachelors,13,Married-civ-spouse,Other-service,Wife,White,Female,0,0,35,United-States,<=50K,25_34,35_40
65,Self-emp-not-inc,200565,Some-college,10,Married-civ-spouse,Sales,Husband,White,Male,0,0,18,United-States,<=50K,55_plus,under_35
44,State-gov,267464,Some-college,10,Separated,Tech-support,Own-child,Black,Female,0,0,40,United-States,<=50K,35_44,35_40
47,Private,54260,Assoc-voc,11,Married-civ-spouse,Exec-managerial,Husband,White,Male,0,1887,60,United-States,>50K,45_54,50_plus
21,Private,220857,Some-college,10,Never-married,Sales,Own-child,White,Male,0,0,20,United-States,<=50K,under_25,under_35
18,Private,120599,11th,7,Never-married,Adm-clerical,Unmarried,White,Male,0,0,40,United-States,<=50K,under_25,35_40
34,Private,334744,Masters,14,Married-civ-spouse,Adm-clerical,Husband,White,Male,0,0,50,United-States,>50K,25_34,50_plus
27,Private,171133,10th,6,Never-married,Other-service,Own-child,White,Female,0,0,38,United-States,<=50K,25_34,35_40
39,Private,107164,HS-grad,9,Married-civ-spouse,Tech-support,Husband,White,Male,0,0,40,United-States,>50K,35_44,35_40
71,Federal-gov,101676,10th,6,Married-civ-spouse,Adm-clerical,Husband,White,Male,0,0,40,United-States,<=50K,55_plus,35_40
49,Private,191320,HS-grad,9,Divorced,Other-service,Not-in-family,White,Female,0,0,24,United-States,<=50K,45_54,under_35
49,Private,146121,5th-6th,3,Married-spouse-absent,Machine-op-inspct,Unmarried,Asian-Pac-Islander,Female,0,0,20,Vietnam,<=50K,45_54,under_35
58,Private,218312,HS-grad,9,Divorced,Sales,Not-in-family,White,Male,0,0,40,United-States,<=50K,55_plus,35_40
27,State-gov,301302,Doctorate,16,Married-spouse-absent,Tech-support,Not-in-family,White,Male,0,0,20,,<=50K,25_34,under_35
50,Private,369367,HS-grad,9,Divorced,Adm-clerical,Unmarried,White,Female,0,0,40,United-States,<=50K,45_54,35_40
44,Private,238574,Prof-school,15,Married-civ-spouse,Prof-specialty,Husband,White,Male,0,0,50,United-States,>50K,35_44,50_plus
49,Self-emp-not-inc,166003,HS-grad,9,Married-civ-spouse,Other-service,Husband,White,Male,0,0,40,United-States,<=50K,45_54,35_40
49,Private,169515,10th,6,Never-married,Machine-op-inspct,Not-in-family,Black,Female,0,0,40,United-States,<=50K,45_54,35_40
20,,125905,Some-college,10,Never-married,,Own-child,White,Male,0,0,30,United-States,<=50K,under_25,under_35
45,Private,178530,12th,8,Divorced,Craft-repair,Not-in-family,White,Male,0,0,40,United-States,<=50K,45_54,35_40
45,Self-emp-inc,208049,Assoc-acdm,12,Divorced,Exec-managerial,Not-in-family,White,Female,0,1590,40,United-States,<=50K,45_54,35_40
45,Private,353083,Some-college,10,Separated,Other-service,Unmarried,White,Female,0,0,40,United-States,<=50K,45_54,35_40
29,Private,166220,Bachelors,13,Never-married,Sales,Own-child,White,Female,0,0,50,United-States,<=50K,25_34,50_plus
29,Private,229803,HS-grad,9,Married-spouse-absent,Transport-moving,Not-in-family,Black,Male,0,0,49,Haiti,<=50K,25_34,41_49
35,Local-gov,252217,12th,8,Married-civ-spouse,Farming-fishing,Husband,White,Male,0,0,40,United-States,<=50K,35_44,35_40
33,Private,123031,HS-grad,9,Married-spouse-absent,Adm-clerical,Unmarried,Amer-Indian-Eskimo,Male,0,0,40,United-States,<=50K,25_34,35_40
21,,152328,Some-college,10,Never-married,,Own-child,White,Male,0,0,40,United-States,<=50K,under_25,35_40
26,Private,284078,Some-college,10,Never-married,Transport-moving,Not-in-family,White,Male,2354,0,40,United-States,<=50K,25_34,35_40
54,Private,195015,HS-grad,9,Never-married,Adm-clerical,Not-in-family,White,Female,0,0,40,United-States,<=50K,45_54,35_40
21,Private,77572,HS-grad,9,Never-married,Handlers-cleaners,Not-in-family,Asian-Pac-Islander,Female,0,0,34,South,<=50K,under_25,under_35
62,Private,177028,HS-grad,9,Married-civ-spouse,Protective-serv,Husband,Black,Male,0,0,40,United-States,<=50K,55_plus,35_40
58,Local-gov,158357,Bachelors,13,Divorced,Prof-specialty,Not-in-family,White,Female,0,0,40,United-States,<=50K,55_plus,35_40
38,Self-emp-not-inc,245090,Bachelors,13,Married-civ-spouse,Tech-support,Husband,White,Male,0,0,50,United-States,>50K,35_44,50_plus
39,Local-gov,52401,Masters,14,Never-married,Prof-specialty,Not-in-family,White,Female,0,0,50,United-States,<=50K,35_44,50_plus
41,Private,195821,Doctorate,16,Married-civ-spouse,Exec-managerial,Wife,White,Female,0,1902,40,United-States,>50K,35_44,35_40
35,Private,108140,Masters,14,Married-civ-spouse,Exec-managerial,Husband,White,Male,0,0,50,United-States,>50K,35_44,50_plus
29,Local-gov,187981,Some-college,10,Married-civ-spouse,Other-service,Husband,White,Male,0,0,40,United-States,<=50K,25_34,35_40
18,Private,52098,11th,7,Never-married,Other-service,Own-child,White,Male,0,0,30,United-States,<=50K,under_25,under_35
39,Self-emp-not-inc,267412,Assoc-voc,11,Married-civ-spouse,Farming-fishing,Husband,White,Male,0,0,60,United-States,<=50K,35_44,50_plus
33,Local-gov,83413,Some-college,10,Married-civ-spouse,Protective-serv,Husband,White,Male,0,0,50,United-States,>50K,25_34,50_plus
28,Private,632733,Masters,14,Married-civ-spouse,Sales,Husband,White,Male,0,0,60,United-States,>50K,25_34,50_plus
30,Private,41210,Assoc-voc,11,Never-married,Machine-op-inspct,Not-in-family,White,Male,0,0,45,United-States,<=50K,25_34,41_49
36,Private,188800,HS-grad,9,Married-civ-spouse,Sales,Husband,White,Male,0,0,40,United-States,>50K,35_44,35_40
34,Private,24361,Prof-school,15,Never-married,Prof-specialty,Not-in-family,White,Female,10520,0,40,United-States,>50K,25_34,35_40
48,Private,148576,HS-grad,9,Married-civ-spouse,Machine-op-inspct,Husband,White,Male,0,0,40,United-States,>50K,45_54,35_40
61,Private,87300,HS-grad,9,Divorced,Other-service,Not-in-family,White,Female,0,0,40,United-States,<=50K,55_plus,35_40
44,State-gov,119567,Masters,14,Separated,Prof-specialty,Unmarried,White,Female,0,0,40,United-States,<=50K,35_44,35_40
51,Private,250423,Masters,14,Married-civ-spouse,Sales,Husband,White,Male,0,0,55,United-States,>50K,45_54,50_plus
48,Private,26502,HS-grad,9,Divorced,Exec-managerial,Not-in-family,White,Male,0,0,40,United-States,<=50K,45_54,35_40
51,Private,239284,HS-grad,9,Widowed,Sales,Not-in-family,White,Female,0,0,40,United-States,<=50K,45_54,35_40
67,Local-gov,197816,HS-grad,9,Married-civ-spouse,Prof-specialty,Husband,White,Male,0,0,24,United-States,<=50K,55_plus,under_35
30,Private,159442,HS-grad,9,Never-married,Adm-clerical,Not-in-family,White,Female,0,0,35,Ireland,<=50K,25_34,35_40
24,Private,211129,Bachelors,13,Never-married,Exec-managerial,Other-relative,White,Female,0,0,60,United-States,>50K,under_25,50_plus
29,Private,227890,Some-college,10,Divorced,Machine-op-inspct,Not-in-family,Black,Male,0,0,40,United-States,<=50K,25_34,35_40
47,Local-gov,127678,Some-college,10,Married-civ-spouse,Protective-serv,Husband,White,Male,0,0,48,United-States,>50K,45_54,41_49
53,Private,110747,HS-grad,9,Married-civ-spouse,Craft-repair,Husband,White,Male,0,0,40,United-States,<=50K,45_54,35_40
36,Private,170031,HS-grad,9,Married-civ-spouse,Craft-repair,Husband,White,Male,0,0,40,United-States,<=50K,35_44,35_40
18,Private,178310,Some-college,10,Never-married,Adm-clerical,Own-child,White,Female,0,0,20,United-States,<=50K,under_25,under_35
39,Private,30828,HS-grad,9,Divorced,Handlers-cleaners,Not-in-family,White,Male,0,0,40,United-States,<=50K,35_44,35_40
70,Private,118902,Bachelors,13,Married-civ-spouse,Adm-clerical,Husband,White,Male,0,0,40,Scotland,<=50K,55_plus,35_40
55,,125659,HS-grad,9,Married-civ-spouse,,Wife,White,Female,0,0,6,United-States,>50K,55_plus,under_35
22,Private,121076,Bachelors,13,Never-married,Prof-specialty,Own-child,White,Female,0,0,40,United-States,<=50K,under_25,35_40
25,Self-emp-not-inc,193716,Some-college,10,Married-civ-spouse,Farming-fishing,Husband,White,Male,0,0,50,United-States,<=50K,25_34,50_plus
33,Private,208855,Prof-school,15,Married-civ-spouse,Prof-specialty,Husband,White,Male,0,0,60,United-States,>50K,25_34,50_plus
20,,68620,Some-college,10,Never-married,,Own-child,White,Male,0,0,40,United-States,<=50K,under_25,35_40
39,Private,352188,Bachelors,13,Never-married,Adm-clerical,Not-in-family,White,Male,0,0,40,United-States,<=50K,35_44,35_40
47,Private,182177,Some-college,10,Divorced,Protective-serv,Unmarried,White,Female,0,0,23,United-States,<=50K,45_54,under_35
61,Self-emp-not-inc,39128,HS-grad,9,Married-civ-spouse,Craft-repair,Husband,White,Male,0,0,35,United-States,<=50K,55_plus,35_40
40,State-gov,55294,Bachelors,13,Married-civ-spouse,Prof-specialty,Husband,White,Male,0,0,40,United-States,>50K,35_44,35_40
23,Private,187447,Some-college,10,Separated,Other-service,Own-child,White,Male,0,0,40,United-States,<=50K,under_25,35_40
38,Self-emp-inc,46385,HS-grad,9,Married-civ-spouse,Exec-managerial,Husband,White,Male,0,0,40,United-States,<=50K,35_44,35_40
18,Private,56613,Some-college,10,Never-married,Machine-op-inspct,Own-child,White,Female,0,0,20,United-States,<=50K,under_25,under_35
19,Private,130431,5th-6th,3,Never-married,Farming-fishing,Not-in-family,White,Male,0,0,36,Mexico,<=50K,under_25,35_40
37,Self-emp-not-inc,200352,Bachelors,13,Married-civ-spouse,Craft-repair,Husband,White,Male,0,0,50,United-States,>50K,35_44,50_plus
67,Private,267915,HS-grad,9,Divorced,Craft-repair,Not-in-family,Black,Male,0,0,40,United-States,<=50K,55_plus,35_40
33,Self-emp-not-inc,100580,Some-college,10,Married-civ-spouse,Other-service,Wife,White,Female,0,0,10,United-States,<=50K,25_34,under_35
37,State-gov,272471,Some-college,10,Widowed,Transport-moving,Unmarried,White,Female,0,0,40,United-States,<=50K,35_44,35_40
41,Private,112656,HS-grad,9,Divorced,Other-service,Unmarried,White,Female,0,0,40,United-States,<=50K,35_44,35_40
34,Private,223327,HS-grad,9,Married-civ-spouse,Tech-support,Husband,White,Male,0,1672,42,United-States,<=50K,25_34,41_49
52,Private,191130,Prof-school,15,Married-civ-spouse,Prof-specialty,Husband,White,Male,15024,0,40,United-States,>50K,45_54,35_40
23,Private,140764,Bachelors,13,Never-married,Sales,Own-child,White,Female,0,1590,40,United-States,<=50K,under_25,35_40
52,Private,220984,HS-grad,9,Married-civ-spouse,Machine-op-inspct,Husband,White,Male,0,0,40,United-States,<=50K,45_54,35_40
28,Private,236834,9th,5,Never-married,Priv-house-serv,Not-in-family,White,Female,0,0,35,Mexico,<=50K,25_34,35_40
20,Private,92863,HS-grad,9,Divorced,Machine-op-inspct,Not-in-family,White,Male,0,0,40,United-States,<=50K,under_25,35_40
41,Private,112763,Some-college,10,Married-civ-spouse,Adm-clerical,Wife,White,Female,0,0,35,United-States,<=50K,35_44,35_40
29,Private,149902,Doctorate,16,Never-married,Prof-specialty,Not-in-family,White,Female,0,0,80,United-States,<=50K,25_34,50_plus
47,Self-emp-inc,54260,Some-college,10,Married-civ-spouse,Sales,Husband,White,Male,0,0,45,United-States,<=50K,45_54,41_49
27,Private,151382,HS-grad,9,Never-married,Exec-managerial,Own-child,White,Male,0,0,40,United-States,<=50K,25_34,35_40
37,Federal-gov,38948,Bachelors,13,Married-civ-spouse,Prof-specialty,Husband,White,Male,0,0,40,United-States,<=50K,35_44,35_40
52,,188431,HS-grad,9,Married-civ-spouse,,Husband,White,Male,0,0,45,United-States,<=50K,45_54,41_49
71,Private,258126,9th,5,Married-civ-spouse,Protective-serv,Husband,White,Male,0,0,39,Cuba,<=50K,55_plus,35_40
45,Private,184070,HS-grad,9,Never-married,Machine-op-inspct,Own-child,Black,Female,0,0,40,United-States,<=50K,45_54,35_40
21,Private,119673,Some-college,10,Never-married,Other-service,Not-in-family,White,Female,0,0,30,United-States,<=50K,under_25,under_35
68,State-gov,420526,Masters,14,Widowed,Prof-specialty,Not-in-family,White,Female,0,0,5,United-States,<=50K,55_plus,under_35
56,Federal-gov,338242,Assoc-voc,11,Widowed,Adm-clerical,Unmarried,Black,Female,0,0,40,United-States,<=50K,55_plus,35_40
41,,133456,Assoc-acdm,12,Widowed,,Not-in-family,White,Female,0,0,50,United-States,<=50K,35_44,50_plus
35,Private,194404,Bachelors,13,Married-civ-spouse,Prof-specialty,Husband,White,Male,0,0,40,United-States,>50K,35_44,35_40
20,Local-gov,224229,Some-college,10,Never-married,Exec-managerial,Not-in-family,White,Female,0,0,35,United-States,<=50K,under_25,35_40
47,Private,332465,Some-college,10,Divorced,Transport-moving,Unmarried,White,Male,0,0,40,United-States,<=50K,45_54,35_40
28,Private,165218,Bachelors,13,Never-married,Adm-clerical,Not-in-family,White,Female,0,0,55,United-States,<=50K,25_34,50_plus
20,Private,88676,HS-grad,9,Never-married,Handlers-cleaners,Own-child,White,Male,0,0,40,United-States,<=50K,under_25,35_40
32,State-gov,181119,Bachelors,13,Separated,Prof-specialty,Not-in-family,White,Female,0,0,40,United-States,<=50K,25_34,35_40
23,,172232,Some-college,10,Never-married,,Own-child,White,Male,0,0,40,United-States,<=50K,under_25,35_40
25,Private,167835,Assoc-voc,11,Never-married,Prof-specialty,Own-child,White,Female,0,0,35,United-States,<=50K,25_34,35_40
45,Private,238567,HS-grad,9,Married-civ-spouse,Sales,Husband,White,Male,15024,0,50,United-States,>50K,45_54,50_plus
35,Private,266645,HS-grad,9,Married-civ-spouse,Craft-repair,Husband,White,Male,0,0,40,United-States,<=50K,35_44,35_40
36,Private,50707,Bachelors,13,Divorced,Priv-house-serv,Unmarried,White,Female,0,0,40,United-States,<=50K,35_44,35_40
30,Private,427541,HS-grad,9,Never-married,Handlers-cleaners,Own-child,Black,Female,99999,0,40,United-States,>50K,25_34,35_40
54,Private,204304,HS-grad,9,Divorced,Adm-clerical,Not-in-family,White,Female,0,0,40,United-States,<=50K,45_54,35_40
20,Private,223811,HS-grad,9,Never-married,Other-service,Own-child,White,Male,0,0,23,United-States,<=50K,under_25,under_35
21,Private,97295,Some-college,10,Never-married,Sales,Not-in-family,White,Female,0,0,45,United-States,<=50K,under_25,41_49
57,Private,195820,HS-grad,9,Married-civ-spouse,Machine-op-inspct,Husband,White,Male,0,0,40,United-States,>50K,55_plus,35_40
19,Private,29526,HS-grad,9,Never-married,Other-service,Own-child,White,Female,0,0,32,United-States,<=50K,under_25,under_35
42,Private,201343,HS-grad,9,Married-civ-spouse,Craft-repair,Husband,White,Male,2885,0,40,United-States,<=50K,35_44,35_40
30,Private,325509,HS-grad,9,Married-civ-spouse,Craft-repair,Husband,White,Male,0,0,35,United-States,<=50K,25_34,35_40
26,Private,156848,Bachelors,13,Never-married,Tech-support,Not-in-family,White,Male,0,0,40,United-States,<=50K,25_34,35_40
21,Private,227220,HS-grad,9,Never-married,Other-service,Other-relative,White,Female,0,0,33,United-States,<=50K,under_25,under_35
20,Private,133061,Some-college,10,Never-married,Transport-moving,Other-relative,White,Male,0,0,40,United-States,<=50K,under_25,35_40
26,Private,263444,Assoc-voc,11,Never-married,Tech-support,Not-in-family,White,Male,14344,0,40,United-States,>50K,25_34,35_40
32,Self-emp-inc,196385,11th,7,Married-civ-spouse,Craft-repair,Husband,White,Male,0,0,40,United-States,<=50K,25_34,35_40
42,Private,47012,Bachelors,13,Married-civ-spouse,Transport-moving,Husband,White,Male,0,0,40,United-States,<=50K,35_44,35_40
30,Private,94235,11th,7,Never-married,Adm-clerical,Own-child,White,Male,0,0,40,United-States,<=50K,25_34,35_40
52,Private,102828,Bachelors,13,Married-civ-spouse,Exec-managerial,Husband,White,Male,0,0,40,United-States,>50K,45_54,35_40
26,Private,216842,Masters,14,Never-married,Prof-specialty,Not-in-family,White,Female,0,0,10,United-States,<=50K,25_34,under_35
51,Private,143822,HS-grad,9,Married-civ-spouse,Craft-repair,Husband,White,Male,0,0,40,United-States,<=50K,45_54,35_40
30,Private,45427,Bachelors,13,Never-married,Craft-repair,Not-in-family,White,Male,0,0,70,United-States,<=50K,25_34,50_plus
31,Self-emp-inc,112564,Some-college,10,Never-married,Sales,Other-relative,White,Male,0,0,40,,<=50K,25_34,35_40
38,Private,212252,Prof-school,15,Married-civ-spouse,Prof-specialty,Wife,White,Female,0,0,50,United-States,>50K,35_44,50_plus
60,Private,113080,HS-grad,9,Married-civ-spouse,Exec-managerial,Husband,White,Male,0,0,50,United-States,<=50K,55_plus,50_plus
43,Private,197093,Bachelors,13,Never-married,Machine-op-inspct,Not-in-family,Black,Male,0,0,40,United-States,<=50K,35_44,35_40
29,Private,292120,HS-grad,9,Divorced,Adm-clerical,Unmarried,White,Female,0,0,30,United-States,<=50K,25_34,under_35
46,Private,117310,HS-grad,9,Separated,Sales,Not-in-family,White,Female,0,0,36,United-States,<=50K,45_54,35_40
53,Local-gov,177063,Some-college,10,Married-civ-spouse,Adm-clerical,Husband,White,Male,0,0,40,United-States,>50K,45_54,35_40
38,Private,247506,HS-grad,9,Married-civ-spouse,Craft-repair,Husband,White,Male,0,0,40,United-States,<=50K,35_44,35_40
28,,243190,Bachelors,13,Never-married,,Not-in-family,Asian-Pac-Islander,Male,0,0,30,,<=50K,25_34,under_35
45,Private,259412,Prof-school,15,Married-civ-spouse,Prof-specialty,Husband,White,Male,99999,0,50,United-States,>50K,45_54,50_plus
39,Private,430336,HS-grad,9,Married-civ-spouse,Exec-managerial,Husband,Black,Male,7688,0,45,United-States,>50K,35_44,41_49
34,Private,54608,Some-college,10,Never-married,Craft-repair,Not-in-family,White,Male,0,0,40,United-States,<=50K,25_34,35_40
43,Self-emp-not-inc,75993,HS-grad,9,Married-civ-spouse,Craft-repair,Husband,White,Male,0,0,35,United-States,<=50K,35_44,35_40
45,Private,192360,Masters,14,Married-civ-spouse,Exec-managerial,Husband,White,Male,0,1902,50,United-States,>50K,45_54,50_plus
27,Private,239130,HS-grad,9,Never-married,Prof-specialty,Not-in-family,White,Male,0,2444,40,United-States,>50K,25_34,35_40
48,Private,310639,Some-college,10,Divorced,Exec-managerial,Not-in-family,White,Male,0,0,50,United-States,<=50K,45_54,50_plus
28,Local-gov,104329,Some-college,10,Married-civ-spouse,Protective-serv,Husband,White,Male,0,0,50,United-States,<=50K,25_34,50_plus
21,Private,265361,HS-grad,9,Never-married,Farming-fishing,Not-in-family,White,Male,0,0,50,United-States,<=50K,under_25,50_plus
41,Private,192602,Some-college,10,Married-civ-spouse,Craft-repair,Husband,White,Male,0,0,40,United-States,>50K,35_44,35_40
28,Private,437994,Some-college,10,Never-married,Other-service,Not-in-family,Black,Male,0,0,60,United-States,<=50K,25_34,50_plus
47,Private,145636,HS-grad,9,Married-civ-spouse,Machine-op-inspct,Husband,White,Male,0,0,40,United-States,>50K,45_54,35_40
40,Private,77572,Some-college,10,Divorced,Sales,Unmarried,Asian-Pac-Islander,Female,0,0,40,United-States,<=50K,35_44,35_40
33,Private,89360,HS-grad,9,Married-civ-spouse,Transport-moving,Husband,Black,Male,5178,0,55,United-States,>50K,25_34,50_plus
32,Local-gov,194901,Assoc-acdm,12,Married-civ-spouse,Exec-managerial,Husband,White,Male,0,2057,70,United-States,<=50K,25_34,50_plus
48,Private,193451,10th,6,Married-civ-spouse,Machine-op-inspct,Husband,White,Male,0,0,40,United-States,<=50K,45_54,35_40
33,Private,240441,Some-college,10,Divorced,Craft-repair,Not-in-family,White,Male,0,0,45,United-States,<=50K,25_34,41_49
25,Private,230403,Bachelors,13,Married-civ-spouse,Other-service,Wife,White,Female,0,0,40,United-States,<=50K,25_34,35_40
43,Private,199689,Bachelors,13,Married-spouse-absent,Sales,Unmarried,White,Female,0,0,20,United-States,<=50K,35_44,under_35
29,Private,188564,Bachelors,13,Married-civ-spouse,Prof-specialty,Husband,White,Male,0,1977,45,United-States,>50K,25_34,41_49
47,Private,171807,Some-college,10,Divorced,Tech-support,Not-in-family,White,Female,0,0,40,United-States,<=50K,45_54,35_40
45,Private,188998,Masters,14,Divorced,Prof-specialty,Not-in-family,White,Male,0,0,38,United-States,<=50K,45_54,35_40
76,,197988,5th-6th,3,Married-civ-spouse,,Husband,White,Male,0,0,8,United-States,<=50K,55_plus,under_35
36,Private,219546,Some-college,10,Married-civ-spouse,Exec-managerial,Husband,White,Male,0,0,60,United-States,>50K,35_44,50_plus
46,Local-gov,216647,10th,6,Divorced,Protective-serv,Unmarried,White,Female,0,0,20,United-States,<=50K,45_54,under_35
46,Self-emp-inc,67725,Bachelors,13,Married-civ-spouse,Exec-managerial,Husband,White,Male,0,0,10,United-States,<=50K,45_54,under_35
25,Private,31657,Assoc-voc,11,Separated,Other-service,Not-in-family,White,Female,0,0,34,United-States,<=50K,25_34,under_35
41,Self-emp-not-inc,171351,HS-grad,9,Married-civ-spouse,Craft-repair,Husband,White,Male,0,0,50,United-States,>50K,35_44,50_plus
40,Local-gov,329341,Masters,14,Married-civ-spouse,Exec-managerial,Husband,White,Male,0,0,35,United-States,>50K,35_44,35_40
39,Federal-gov,116369,Some-college,10,Married-civ-spouse,Adm-clerical,Husband,White,Male,0,0,48,United-States,<=50K,35_44,41_49
26,State-gov,624006,HS-grad,9,Married-civ-spouse,Other-service,Husband,White,Male,0,0,40,United-States,<=50K,25_34,35_40
29,Private,148429,HS-grad,9,Married-civ-spouse,Farming-fishing,Husband,White,Male,0,0,60,United-States,<=50K,25_34,50_plus
33,Private,219619,Masters,14,Married-civ-spouse,Prof-specialty,Husband,White,Male,15024,0,40,United-States,>50K,25_34,35_40
22,,33016,Some-college,10,Never-married,,Own-child,White,Male,0,0,40,United-States,<=50K,under_25,35_40
35,Private,189703,9th,5,Married-civ-spouse,Other-service,Husband,White,Male,0,0,32,United-States,<=50K,35_44,under_35
24,Private,307267,Bachelors,13,Never-married,Adm-clerical,Not-in-family,White,Female,0,0,40,United-States,<=50K,under_25,35_40
24,Private,354351,Bachelors,13,Never-married,Prof-specialty,Not-in-family,White,Male,0,0,40,United-States,<=50K,under_25,35_40
30,Private,181460,HS-grad,9,Divorced,Other-service,Unmarried,White,Female,0,0,37,United-States,<=50K,25_34,35_40
43,Private,106900,Some-college,10,Married-civ-spouse,Prof-specialty,Husband,White,Male,0,0,40,United-States,<=50K,35_44,35_40
33,Federal-gov,97654,Doctorate,16,Married-civ-spouse,Prof-specialty,Husband,White,Male,0,0,40,United-States,<=50K,25_34,35_40
35,Local-gov,160728,Masters,14,Married-civ-spouse,Prof-specialty,Husband,White,Male,0,0,45,United-States,>50K,35_44,41_49
44,Private,150519,HS-grad,9,Married-civ-spouse,Machine-op-inspct,Husband,White,Male,0,0,40,United-States,<=50K,35_44,35_40
33,State-gov,237903,Some-college,10,Divorced,Prof-specialty,Not-in-family,White,Female,0,0,40,United-States,<=50K,25_34,35_40
21,Private,137510,HS-grad,9,Married-civ-spouse,Craft-repair,Husband,White,Male,0,0,20,Germany,<=50K,under_25,under_35
36,Private,30269,Some-college,10,Married-civ-spouse,Other-service,Wife,White,Female,7298,0,32,United-States,>50K,35_44,under_35
26,Federal-gov,271243,12th,8,Never-married,Adm-clerical,Not-in-family,Black,Male,0,0,40,Haiti,<=50K,25_34,35_40
29,,212588,Bachelors,13,Never-married,,Not-in-family,White,Male,0,0,53,United-States,<=50K,25_34,50_plus
27,,95708,11th,7,Divorced,,Not-in-family,Asian-Pac-Islander,Male,0,0,40,United-States,<=50K,25_34,35_40
40,Local-gov,147206,Assoc-voc,11,Married-civ-spouse,Craft-repair,Husband,White,Male,0,0,35,United-States,<=50K,35_44,35_40
32,,161288,9th,5,Married-civ-spouse,,Husband,White,Male,0,0,45,United-States,<=50K,25_34,41_49
38,Private,91857,HS-grad,9,Divorced,Other-service,Other-relative,White,Male,0,0,40,United-States,<=50K,35_44,35_40
31,Self-emp-not-inc,190650,Masters,14,Married-civ-spouse,Sales,Husband,Asian-Pac-Islander,Male,0,0,40,,<=50K,25_34,35_40
36,Private,171393,Bachelors,13,Married-civ-spouse,Exec-managerial,Husband,White,Male,0,1887,40,United-States,>50K,35_44,35_40
44,State-gov,369131,HS-grad,9,Married-civ-spouse,Protective-serv,Husband,White,Male,0,0,40,United-States,>50K,35_44,35_40
66,Private,147766,HS-grad,9,Married-civ-spouse,Craft-repair,Husband,White,Male,0,0,40,United-States,>50K,55_plus,35_40
60,Local-gov,134768,Some-college,10,Married-civ-spouse,Protective-serv,Husband,White,Male,0,0,40,United-States,<=50K,55_plus,35_40
21,,216867,Some-college,10,Never-married,,Other-relative,White,Male,0,0,40,Mexico,<=50K,under_25,35_40
33,Private,149902,Some-college,10,Divorced,Exec-managerial,Unmarried,Black,Female,0,0,40,United-States,<=50K,25_34,35_40
33,Private,93283,Bachelors,13,Never-married,Prof-specialty,Unmarried,White,Male,0,0,40,United-States,<=50K,25_34,35_40
34,Self-emp-not-inc,264351,HS-grad,9,Married-civ-spouse,Farming-fishing,Husband,White,Male,0,0,40,Mexico,<=50K,25_34,35_40
62,Private,291904,HS-grad,9,Divorced,Priv-house-serv,Not-in-family,Black,Female,0,0,20,United-States,<=50K,55_plus,under_35
21,Self-emp-inc,225442,HS-grad,9,Never-married,Farming-fishing,Own-child,White,Male,0,0,40,United-States,<=50K,under_25,35_40
19,Private,193859,Some-college,10,Never-married,Adm-clerical,Not-in-family,White,Male,2176,0,35,Germany,<=50K,under_25,35_40
24,Private,300275,HS-grad,9,Never-married,Handlers-cleaners,Not-in-family,White,Male,0,0,40,United-States,<=50K,under_25,35_40
27,Private,96219,HS-grad,9,Divorced,Other-service,Own-child,White,Female,3418,0,32,United-States,<=50K,25_34,under_35
38,Self-emp-inc,186845,Bachelors,13,Married-civ-spouse,Craft-repair,Husband,White,Male,0,0,40,United-States,<=50K,35_44,35_40
22,Private,169188,HS-grad,9,Never-married,Adm-clerical,Own-child,White,Female,0,0,40,United-States,<=50K,under_25,35_40
47,Private,70554,Some-college,10,Never-married,Craft-repair,Not-in-family,White,Male,0,0,40,United-States,>50K,45_54,35_40
38,Private,215392,Assoc-voc,11,Married-civ-spouse,Prof-specialty,Wife,White,Female,7298,0,45,United-States,>50K,35_44,41_49
47,,104489,10th,6,Married-civ-spouse,,Husband,White,Male,0,0,45,United-States,<=50K,45_54,41_49
37,State-gov,106347,Masters,14,Never-married,Exec-managerial,Not-in-family,White,Male,0,0,65,United-States,<=50K,35_44,50_plus
31,Private,104729,1st-4th,2,Married-civ-spouse,Handlers-cleaners,Husband,White,Male,0,0,35,Mexico,<=50K,25_34,35_40
33,Private,250782,Some-college,10,Married-civ-spouse,Craft-repair,Husband,White,Male,0,0,40,United-States,<=50K,25_34,35_40
35,Federal-gov,112008,Some-college,10,Married-civ-spouse,Tech-support,Husband,White,Male,0,0,40,Germany,<=50K,35_44,35_40
43,Private,212206,HS-grad,9,Divorced,Adm-clerical,Not-in-family,White,Female,0,0,45,United-States,<=50K,35_44,41_49
51,Private,150999,Some-college,10,Married-civ-spouse,Craft-repair,Husband,White,Male,7298,0,40,United-States,>50K,45_54,35_40
35,Private,180419,HS-grad,9,Never-married,Machine-op-inspct,Not-in-family,White,Male,0,0,40,United-States,<=50K,35_44,35_40
39,Private,186934,HS-grad,9,Married-civ-spouse,Craft-repair,Husband,White,Male,0,0,38,United-States,<=50K,35_44,35_40
29,Self-emp-not-inc,109621,HS-grad,9,Married-civ-spouse,Craft-repair,Husband,White,Male,0,0,40,United-States,<=50K,25_34,35_40
27,Local-gov,187746,Bachelors,13,Never-married,Prof-specialty,Own-child,White,Female,3325,0,25,United-States,<=50K,25_34,under_35
47,Private,127303,Some-college,10,Married-civ-spouse,Sales,Husband,White,Male,0,0,40,United-States,<=50K,45_54,35_40
33,Private,454717,Some-college,10,Separated,Other-service,Not-in-family,White,Male,0,0,40,United-States,<=50K,25_34,35_40
53,Private,217201,HS-grad,9,Married-civ-spouse,Craft-repair,Wife,White,Female,0,0,45,United-States,>50K,45_54,41_49
42,Private,38389,Bachelors,13,Married-civ-spouse,Adm-clerical,Husband,White,Male,0,0,40,United-States,>50K,35_44,35_40
35,Private,147548,HS-grad,9,Married-civ-spouse,Transport-moving,Husband,White,Male,0,0,60,United-States,<=50K,35_44,50_plus
28,Private,398220,Some-college,10,Married-civ-spouse,Machine-op-inspct,Husband,White,Male,0,0,40,Mexico,<=50K,25_34,35_40
38,Self-emp-not-inc,187346,Assoc-acdm,12,Divorced,Other-service,Unmarried,White,Female,0,0,20,United-States,<=50K,35_44,under_35
65,Self-emp-not-inc,176835,Masters,14,Married-spouse-absent,Prof-specialty,Not-in-family,White,Female,7978,0,40,United-States,<=50K,55_plus,35_40
61,Private,119684,HS-grad,9,Married-civ-spouse,Other-service,Husband,White,Male,0,0,50,United-States,<=50K,55_plus,50_plus
24,Private,113631,Bachelors,13,Never-married,Other-service,Not-in-family,White,Male,0,0,40,United-States,<=50K,under_25,35_40
48,Private,165484,Bachelors,13,Separated,Sales,Not-in-family,White,Male,0,0,65,United-States,>50K,45_54,50_plus
56,State-gov,270859,Bachelors,13,Married-civ-spouse,Prof-specialty,Husband,White,Male,0,1902,48,United-States,>50K,55_plus,41_49
28,Private,225809,Some-college,10,Never-married,Other-service,Not-in-family,White,Male,0,0,40,United-States,<=50K,25_34,35_40
80,Private,216073,5th-6th,3,Married-civ-spouse,Other-service,Husband,White,Male,0,0,32,United-States,<=50K,55_plus,under_35
22,Private,228724,Assoc-voc,11,Never-married,Handlers-cleaners,Not-in-family,White,Male,0,0,40,United-States,<=50K,under_25,35_40
34,Self-emp-not-inc,136204,Bachelors,13,Married-civ-spouse,Prof-specialty,Husband,White,Male,0,1902,32,United-States,>50K,25_34,under_35
61,Private,160431,HS-grad,9,Widowed,Other-service,Unmarried,White,Female,0,0,40,United-States,<=50K,55_plus,35_40
37,Self-emp-not-inc,183127,HS-grad,9,Divorced,Sales,Own-child,White,Female,0,0,40,United-States,<=50K,35_44,35_40
30,Private,250804,HS-grad,9,Married-civ-spouse,Craft-repair,Husband,White,Male,0,0,40,United-States,>50K,25_34,35_40
42,Private,256448,Some-college,10,Never-married,Other-service,Not-in-family,White,Male,0,0,15,United-States,<=50K,35_44,under_35
30,Private,622192,Some-college,10,Married-civ-spouse,Other-service,Wife,White,Female,0,0,6,United-States,<=50K,25_34,under_35
44,Private,121012,Bachelors,13,Married-civ-spouse,Exec-managerial,Husband,White,Male,5013,0,45,United-States,<=50K,35_44,41_49
26,Private,175540,HS-grad,9,Married-civ-spouse,Craft-repair,Husband,White,Male,0,0,40,United-States,<=50K,25_34,35_40
28,Private,340269,HS-grad,9,Married-civ-spouse,Craft-repair,Husband,White,Male,3137,0,45,United-States,<=50K,25_34,41_49
21,Private,33884,Some-college,10,Never-married,Adm-clerical,Not-in-family,White,Female,0,0,40,United-States,<=50K,under_25,35_40
23,,264874,Assoc-voc,11,Never-married,,Other-relative,White,Female,0,0,40,,<=50K,under_25,35_40
31,State-gov,268832,HS-grad,9,Never-married,Adm-clerical,Not-in-family,Black,Female,0,0,37,United-States,<=50K,25_34,35_40
19,Private,222445,Some-college,10,Never-married,Adm-clerical,Own-child,White,Female,0,0,10,United-States,<=50K,under_25,under_35
33,Private,186824,11th,7,Married-civ-spouse,Craft-repair,Husband,White,Male,0,0,40,United-States,<=50K,25_34,35_40
21,Private,175121,Some-college,10,Never-married,Farming-fishing,Own-child,White,Male,0,0,40,United-States,<=50K,under_25,35_40
18,Private,164134,HS-grad,9,Never-married,Tech-support,Own-child,White,Female,0,0,10,United-States,<=50K,under_25,under_35
66,Private,204283,7th-8th,4,Married-civ-spouse,Transport-moving,Husband,Black,Male,0,0,40,United-States,<=50K,55_plus,35_40
50,Private,134680,HS-grad,9,Never-married,Other-service,Not-in-family,White,Male,0,0,40,United-States,<=50K,45_54,35_40
21,Private,145964,Some-college,10,Married-civ-spouse,Craft-repair,Husband,White,Male,7298,0,60,United-States,>50K,under_25,50_plus
54,State-gov,239256,Some-college,10,Married-civ-spouse,Adm-clerical,Husband,White,Male,0,0,40,United-States,<=50K,45_54,35_40
42,Private,388725,Masters,14,Divorced,Sales,Not-in-family,White,Male,0,0,50,United-States,>50K,35_44,50_plus
29,Private,39388,HS-grad,9,Divorced,Sales,Not-in-family,White,Male,0,0,40,United-States,<=50K,25_34,35_40
23,,170456,Some-college,10,Never-married,,Own-child,White,Male,0,0,5,United-States,<=50K,under_25,under_35
21,Private,96178,HS-grad,9,Never-married,Other-service,Own-child,White,Female,0,0,40,United-States,<=50K,under_25,35_40
49,Private,198126,7th-8th,4,Never-married,Farming-fishing,Not-in-family,White,Male,0,0,40,United-States,<=50K,45_54,35_40
39,Local-gov,131239,Masters,14,Married-civ-spouse,Prof-specialty,Husband,White,Male,0,0,40,United-States,<=50K,35_44,35_40
21,Private,120998,Some-college,10,Never-married,Prof-specialty,Not-in-family,White,Male,0,0,20,United-States,<=50K,under_25,under_35
28,Private,34452,Assoc-voc,11,Married-civ-spouse,Craft-repair,Husband,White,Male,0,0,50,United-States,<=50K,25_34,50_plus
41,Private,328013,Masters,14,Never-married,Prof-specialty,Not-in-family,Black,Male,0,0,65,United-States,<=50K,35_44,50_plus
40,Self-emp-inc,266047,Bachelors,13,Never-married,Exec-managerial,Not-in-family,White,Male,0,0,65,United-States,>50K,35_44,50_plus
39,Self-emp-inc,285890,Some-college,10,Married-civ-spouse,Prof-specialty,Husband,Black,Male,0,0,40,Haiti,>50K,35_44,35_40
23,Private,292264,Some-college,10,Married-civ-spouse,Sales,Husband,White,Male,0,0,40,United-States,<=50K,under_25,35_40
17,Private,34465,11th,7,Never-married,Handlers-cleaners,Own-child,White,Male,0,0,32,United-States,<=50K,under_25,under_35
17,Private,150471,10th,6,Never-married,Other-service,Own-child,White,Female,0,0,25,United-States,<=50K,under_25,under_35
43,Self-emp-not-inc,153109,Assoc-acdm,12,Divorced,Exec-managerial,Unmarried,White,Female,0,0,60,United-States,<=50K,35_44,50_plus
29,Private,352451,HS-grad,9,Never-married,Machine-op-inspct,Unmarried,Black,Female,0,0,40,United-States,<=50K,25_34,35_40
43,Private,176716,Bachelors,13,Married-civ-spouse,Transport-moving,Husband,White,Male,0,0,70,United-States,>50K,35_44,50_plus
57,State-gov,229270,Bachelors,13,Married-civ-spouse,Exec-managerial,Husband,Other,Male,0,1579,37,United-States,<=50K,55_plus,35_40
43,Private,212027,Bachelors,13,Divorced,Prof-specialty,Not-in-family,Black,Male,0,0,38,United-States,<=50K,35_44,35_40
18,Private,67019,HS-grad,9,Never-married,Other-service,Not-in-family,White,Female,0,0,30,United-States,<=50K,under_25,under_35
45,Private,175600,Assoc-voc,11,Divorced,Sales,Not-in-family,White,Male,0,0,50,United-States,<=50K,45_54,50_plus
40,Private,227466,HS-grad,9,Married-civ-spouse,Transport-moving,Husband,Black,Male,0,0,50,United-States,<=50K,35_44,50_plus
41,Private,106501,Assoc-acdm,12,Married-civ-spouse,Exec-managerial,Husband,White,Male,7688,0,50,United-States,>50K,35_44,50_plus
36,Private,176249,HS-grad,9,Never-married,Craft-repair,Not-in-family,White,Male,0,1590,40,United-States,<=50K,35_44,35_40
19,Private,311015,HS-grad,9,Never-married,Other-service,Not-in-family,White,Male,0,0,40,United-States,<=50K,under_25,35_40
26,,228457,11th,7,Never-married,,Not-in-family,White,Male,0,0,40,United-States,<=50K,25_34,35_40
39,Self-emp-inc,51089,Bachelors,13,Married-civ-spouse,Prof-specialty,Husband,White,Male,0,0,30,United-States,<=50K,35_44,under_35
25,Self-emp-not-inc,275197,HS-grad,9,Never-married,Farming-fishing,Own-child,White,Male,0,0,40,United-States,<=50K,25_34,35_40
64,,226878,Masters,14,Married-civ-spouse,,Wife,Black,Female,9386,0,50,Jamaica,>50K,55_plus,50_plus
49,Private,123807,HS-grad,9,Separated,Adm-clerical,Unmarried,Black,Female,0,0,40,United-States,<=50K,45_54,35_40
29,Private,285294,Assoc-acdm,12,Never-married,Adm-clerical,Unmarried,Black,Female,0,0,40,United-States,<=50K,25_34,35_40
29,Private,168221,HS-grad,9,Married-civ-spouse,Machine-op-inspct,Husband,White,Male,0,0,40,United-States,<=50K,25_34,35_40
18,Private,93985,Some-college,10,Never-married,Other-service,Own-child,White,Male,0,0,30,United-States,<=50K,under_25,under_35
20,Private,148351,7th-8th,4,Never-married,Handlers-cleaners,Other-relative,White,Male,0,0,40,,<=50K,under_25,35_40
25,Private,158734,HS-grad,9,Never-married,Adm-clerical,Not-in-family,White,Female,0,0,45,United-States,<=50K,25_34,41_49
45,Self-emp-not-inc,32948,Bachelors,13,Married-civ-spouse,Farming-fishing,Husband,White,Male,0,0,60,United-States,<=50K,45_54,50_plus
43,Private,153132,Some-college,10,Married-civ-spouse,Craft-repair,Husband,White,Male,0,0,40,United-States,>50K,35_44,35_40
70,Local-gov,111712,HS-grad,9,Married-civ-spouse,Exec-managerial,Husband,White,Male,0,0,22,United-States,<=50K,55_plus,under_35
47,Private,121622,Bachelors,13,Married-civ-spouse,Prof-specialty,Wife,White,Female,0,0,40,United-States,>50K,45_54,35_40
27,Private,284250,Some-college,10,Married-civ-spouse,Adm-clerical,Own-child,Black,Female,0,0,40,United-States,<=50K,25_34,35_40
44,Self-emp-not-inc,242434,Bachelors,13,Divorced,Sales,Not-in-family,White,Female,27828,0,60,United-States,>50K,35_44,50_plus
41,Private,155293,Assoc-voc,11,Married-civ-spouse,Craft-repair,Husband,White,Male,0,0,45,United-States,<=50K,35_44,41_49
54,Self-emp-not-inc,139023,Some-college,10,Married-civ-spouse,Sales,Husband,White,Male,0,0,40,United-States,<=50K,45_54,35_40
45,Private,203785,9th,5,Married-civ-spouse,Handlers-cleaners,Husband,White,Male,0,0,40,United-States,<=50K,45_54,35_40
38,Private,108293,Some-college,10,Married-civ-spouse,Exec-managerial,Wife,White,Female,0,0,45,United-States,>50K,35_44,41_49
34,Private,424988,9th,5,Married-civ-spouse,Craft-repair,Husband,White,Male,0,0,40,Mexico,<=50K,25_34,35_40
17,Self-emp-not-inc,226203,12th,8,Never-married,Sales,Own-child,White,Male,0,0,45,United-States,<=50K,under_25,41_49
52,Private,260954,10th,6,Widowed,Machine-op-inspct,Unmarried,Black,Female,0,0,40,United-States,<=50K,45_54,35_40
32,Private,29144,Bachelors,13,Never-married,Sales,Not-in-family,White,Male,0,0,35,United-States,<=50K,25_34,35_40
28,Private,265074,11th,7,Never-married,Craft-repair,Not-in-family,White,Male,0,0,40,United-States,<=50K,25_34,35_40
35,Private,216473,HS-grad,9,Divorced,Craft-repair,Unmarried,White,Male,0,0,40,United-States,<=50K,35_44,35_40
36,Private,143123,Bachelors,13,Married-civ-spouse,Sales,Husband,White,Male,0,1902,40,United-States,>50K,35_44,35_40
36,Private,359001,Assoc-voc,11,Divorced,Craft-repair,Not-in-family,White,Male,0,0,40,United-States,<=50K,35_44,35_40
50,Private,260052,Bachelors,13,Divorced,Exec-managerial,Unmarried,White,Male,15020,0,40,United-States,>50K,45_54,35_40
53,Local-gov,237523,Some-college,10,Married-civ-spouse,Protective-serv,Husband,White,Male,0,0,40,United-States,>50K,45_54,35_40
24,,35633,Some-college,10,Never-married,,Not-in-family,White,Male,0,0,11,,<=50K,under_25,under_35
50,Private,160400,HS-grad,9,Divorced,Sales,Not-in-family,White,Female,0,0,40,United-States,<=50K,45_54,35_40
23,Private,114939,Some-college,10,Never-married,Other-service,Own-child,White,Female,0,0,30,United-States,<=50K,under_25,under_35
68,,353524,7th-8th,4,Married-civ-spouse,,Husband,White,Male,0,0,60,United-States,<=50K,55_plus,50_plus
36,Private,116445,HS-grad,9,Divorced,Machine-op-inspct,Own-child,White,Male,0,0,40,United-States,<=50K,35_44,35_40
30,Private,323833,5th-6th,3,Married-civ-spouse,Machine-op-inspct,Husband,White,Male,0,0,40,Mexico,<=50K,25_34,35_40
77,Private,189173,HS-grad,9,Married-civ-spouse,Prof-specialty,Husband,White,Male,0,0,35,United-States,<=50K,55_plus,35_40
38,Private,65738,Assoc-voc,11,Divorced,Tech-support,Not-in-family,White,Female,0,0,40,United-States,<=50K,35_44,35_40
66,,28367,HS-grad,9,Married-civ-spouse,,Husband,White,Male,0,0,40,United-States,<=50K,55_plus,35_40
21,,231286,Some-college,10,Never-married,,Own-child,Black,Male,0,0,25,Jamaica,<=50K,under_25,under_35
54,Private,140592,HS-grad,9,Divorced,Adm-clerical,Not-in-family,White,Female,0,0,40,United-States,<=50K,45_54,35_40
29,State-gov,73928,Bachelors,13,Never-married,Prof-specialty,Own-child,Asian-Pac-Islander,Female,0,0,15,United-States,<=50K,25_34,under_35
24,Private,395297,Some-college,10,Never-married,Other-service,Unmarried,White,Female,0,0,30,Japan,<=50K,under_25,under_35
50,Private,178946,Masters,14,Married-civ-spouse,Prof-specialty,Husband,White,Male,0,0,50,United-States,>50K,45_54,50_plus
23,Local-gov,49296,Some-college,10,Married-spouse-absent,Prof-specialty,Own-child,Black,Male,0,0,40,United-States,<=50K,under_25,35_40
24,Private,267181,Some-college,10,Never-married,Other-service,Own-child,White,Male,0,0,35,United-States,<=50K,under_25,35_40
33,Private,92003,HS-grad,9,Married-civ-spouse,Adm-clerical,Wife,White,Female,0,0,40,United-States,<=50K,25_34,35_40
60,Private,69955,Assoc-voc,11,Married-civ-spouse,Craft-repair,Husband,White,Male,4064,0,40,United-States,<=50K,55_plus,35_40
28,Private,196674,HS-grad,9,Married-civ-spouse,Machine-op-inspct,Husband,White,Male,0,0,45,United-States,<=50K,25_34,41_49
23,Self-emp-inc,304871,Some-college,10,Never-married,Exec-managerial,Own-child,White,Male,0,0,40,United-States,<=50K,under_25,35_40
27,Private,187450,Bachelors,13,Married-civ-spouse,Exec-managerial,Husband,White,Male,0,0,50,United-States,<=50K,25_34,50_plus
56,Private,50490,HS-grad,9,Married-civ-spouse,Transport-moving,Husband,White,Male,0,0,40,United-States,<=50K,55_plus,35_40
42,Private,262243,11th,7,Married-civ-spouse,Craft-repair,Husband,White,Male,0,0,35,United-States,>50K,35_44,35_40
21,Private,127914,Some-college,10,Never-married,Other-service,Own-child,White,Male,0,0,20,United-States,<=50K,under_25,under_35
31,Private,263110,HS-grad,9,Divorced,Adm-clerical,Unmarried,White,Female,0,0,40,United-States,<=50K,25_34,35_40
31,Self-emp-not-inc,279015,Some-college,10,Married-civ-spouse,Exec-managerial,Husband,White,Male,0,1887,40,United-States,>50K,25_34,35_40
44,Private,227466,Some-college,10,Married-civ-spouse,Transport-moving,Husband,Black,Male,0,0,40,United-States,>50K,35_44,35_40
36,Local-gov,404661,Some-college,10,Married-civ-spouse,Prof-specialty,Husband,Black,Male,0,0,40,United-States,>50K,35_44,35_40
51,Private,106151,5th-6th,3,Married-civ-spouse,Machine-op-inspct,Husband,White,Male,0,0,44,,>50K,45_54,41_49
56,Self-emp-inc,373593,Masters,14,Married-civ-spouse,Exec-managerial,Husband,White,Male,0,1977,60,Italy,>50K,55_plus,50_plus
63,Private,75813,Prof-school,15,Married-civ-spouse,Prof-specialty,Husband,White,Male,99999,0,60,United-States,>50K,55_plus,50_plus
63,Self-emp-not-inc,74991,HS-grad,9,Widowed,Farming-fishing,Unmarried,White,Male,0,0,60,United-States,<=50K,55_plus,50_plus
63,Private,199888,HS-grad,9,Divorced,Adm-clerical,Other-relative,White,Female,0,0,40,United-States,<=50K,55_plus,35_40
41,Private,127314,HS-grad,9,Married-civ-spouse,Craft-repair,Husband,White,Male,5178,0,40,United-States,>50K,35_44,35_40
17,Private,171461,10th,6,Never-married,Sales,Own-child,White,Female,0,0,14,United-States,<=50K,under_25,under_35
44,Private,167333,HS-grad,9,Never-married,Other-service,Own-child,White,Male,0,0,40,United-States,<=50K,35_44,35_40
42,Private,188331,Some-college,10,Married-civ-spouse,Adm-clerical,Wife,White,Female,15024,0,40,United-States,>50K,35_44,35_40
23,Private,864960,10th,6,Married-civ-spouse,Craft-repair,Husband,White,Male,0,0,40,United-States,<=50K,under_25,35_40
32,Private,186269,HS-grad,9,Never-married,Other-service,Own-child,White,Male,2907,0,35,United-States,<=50K,25_34,35_40
18,,167875,Some-college,10,Never-married,,Own-child,White,Female,0,0,16,United-States,<=50K,under_25,under_35
58,Private,71283,HS-grad,9,Married-civ-spouse,Transport-moving,Husband,White,Male,0,0,38,United-States,>50K,55_plus,35_40
27,Private,225746,Bachelors,13,Never-married,Adm-clerical,Own-child,Black,Male,0,0,35,United-States,<=50K,25_34,35_40
39,Private,278632,HS-grad,9,Married-civ-spouse,Machine-op-inspct,Husband,White,Male,0,0,40,United-States,<=50K,35_44,35_40
51,Self-emp-not-inc,71046,Bachelors,13,Married-civ-spouse,Farming-fishing,Husband,White,Male,0,0,60,United-States,>50K,45_54,50_plus
23,,234108,Bachelors,13,Never-married,,Not-in-family,White,Male,0,0,35,United-States,<=50K,under_25,35_40
43,Self-emp-not-inc,95246,Prof-school,15,Married-civ-spouse,Prof-specialty,Wife,White,Female,0,0,5,United-States,>50K,35_44,under_35
25,Private,61956,Bachelors,13,Never-married,Exec-managerial,Own-child,White,Male,4650,0,45,United-States,<=50K,25_34,41_49
31,State-gov,227864,HS-grad,9,Married-civ-spouse,Craft-repair,Husband,Black,Male,0,0,40,United-States,<=50K,25_34,35_40
21,Private,97212,HS-grad,9,Never-married,Other-service,Not-in-family,White,Female,0,2001,25,United-States,<=50K,under_25,under_35
38,Private,332154,Bachelors,13,Married-civ-spouse,Exec-managerial,Husband,Asian-Pac-Islander,Male,0,0,60,United-States,>50K,35_44,50_plus
40,Private,218653,Some-college,10,Married-civ-spouse,Prof-specialty,Husband,White,Male,0,0,40,United-States,<=50K,35_44,35_40
23,Private,142566,HS-grad,9,Never-married,Craft-repair,Own-child,White,Male,0,0,40,United-States,<=50K,under_25,35_40
41,Self-emp-inc,220821,Masters,14,Married-civ-spouse,Prof-specialty,Husband,White,Male,0,0,70,United-States,>50K,35_44,50_plus
27,Private,214695,Bachelors,13,Never-married,Prof-specialty,Not-in-family,White,Male,0,0,50,United-States,<=50K,25_34,50_plus
37,Private,186934,Masters,14,Married-civ-spouse,Sales,Husband,White,Male,0,0,50,United-States,>50K,35_44,50_plus
28,Private,209934,Some-college,10,Never-married,Machine-op-inspct,Own-child,White,Male,0,0,40,Mexico,<=50K,25_34,35_40
57,Private,322691,Assoc-voc,11,Married-civ-spouse,Craft-repair,Husband,White,Male,0,0,40,United-States,>50K,55_plus,35_40
34,Private,226702,Some-college,10,Married-civ-spouse,Craft-repair,Husband,White,Male,0,0,40,United-States,<=50K,25_34,35_40
42,Self-emp-inc,173628,Bachelors,13,Married-civ-spouse,Sales,Husband,White,Male,0,0,45,United-States,<=50K,35_44,41_49
63,Self-emp-not-inc,141962,10th,6,Divorced,Craft-repair,Not-in-family,White,Male,0,0,20,United-States,<=50K,55_plus,under_35
56,Private,21626,HS-grad,9,Never-married,Adm-clerical,Unmarried,White,Male,0,0,43,United-States,<=50K,55_plus,41_49
45,Private,94809,Some-college,10,Married-spouse-absent,Other-service,Not-in-family,White,Female,0,0,24,United-States,<=50K,45_54,under_35
32,Self-emp-inc,144949,Bachelors,13,Married-civ-spouse,Sales,Husband,White,Male,0,0,70,United-States,>50K,25_34,50_plus
54,Local-gov,249949,Some-college,10,Divorced,Exec-managerial,Other-relative,Black,Female,0,0,40,United-States,<=50K,45_54,35_40
38,Private,120053,HS-grad,9,Divorced,Priv-house-serv,Unmarried,White,Female,0,0,35,United-States,<=50K,35_44,35_40
23,Private,251073,10th,6,Never-married,Handlers-cleaners,Not-in-family,White,Male,0,0,40,United-States,<=50K,under_25,35_40
36,Private,161141,Masters,14,Married-civ-spouse,Prof-specialty,Husband,White,Male,0,0,50,United-States,>50K,35_44,50_plus
29,Private,221428,12th,8,Married-civ-spouse,Sales,Own-child,Other,Male,0,0,35,United-States,<=50K,25_34,35_40
26,Private,116991,HS-grad,9,Never-married,Farming-fishing,Not-in-family,White,Male,0,0,40,United-States,<=50K,25_34,35_40
64,Private,96076,Masters,14,Married-civ-spouse,Prof-specialty,Husband,White,Male,0,0,40,United-States,>50K,55_plus,35_40
17,Private,153021,12th,8,Never-married,Sales,Own-child,White,Female,0,0,20,United-States,<=50K,under_25,under_35
23,Private,129345,10th,6,Never-married,Other-service,Not-in-family,White,Male,0,0,50,United-States,<=50K,under_25,50_plus
34,Federal-gov,121093,Bachelors,13,Married-civ-spouse,Exec-managerial,Husband,White,Male,0,0,53,United-States,>50K,25_34,50_plus
36,Private,300373,10th,6,Divorced,Machine-op-inspct,Unmarried,Black,Female,0,0,40,United-States,<=50K,35_44,35_40
50,Self-emp-inc,235307,Assoc-acdm,12,Married-civ-spouse,Prof-specialty,Husband,White,Male,0,0,48,United-States,>50K,45_54,41_49
22,Private,221694,Some-college,10,Never-married,Protective-serv,Not-in-family,White,Male,0,0,60,United-States,<=50K,under_25,50_plus
37,Self-emp-not-inc,334291,Bachelors,13,Divorced,Transport-moving,Not-in-family,White,Male,0,0,50,United-States,<=50K,35_44,50_plus
33,Private,183017,HS-grad,9,Married-civ-spouse,Protective-serv,Husband,White,Male,0,0,32,United-States,<=50K,25_34,under_35
37,Private,80303,Some-college,10,Married-civ-spouse,Tech-support,Husband,White,Male,0,0,40,United-States,>50K,35_44,35_40
19,Private,210509,Some-college,10,Never-married,Adm-clerical,Own-child,White,Female,0,0,30,United-States,<=50K,under_25,under_35
37,,48915,HS-grad,9,Never-married,,Not-in-family,White,Male,0,0,35,United-States,<=50K,35_44,35_40
52,Private,264129,Some-college,10,Divorced,Sales,Not-in-family,White,Female,0,0,40,United-States,<=50K,45_54,35_40
43,Federal-gov,79529,HS-grad,9,Married-civ-spouse,Adm-clerical,Wife,White,Female,0,0,35,United-States,<=50K,35_44,35_40
33,State-gov,427812,Bachelors,13,Married-civ-spouse,Prof-specialty,Husband,White,Male,0,0,15,Mexico,<=50K,25_34,under_35
45,Self-emp-not-inc,180680,11th,7,Married-civ-spouse,Craft-repair,Husband,White,Male,0,0,35,United-States,<=50K,45_54,35_40
63,Private,134960,HS-grad,9,Married-civ-spouse,Sales,Husband,White,Male,0,0,40,Scotland,<=50K,55_plus,35_40
56,Private,242782,HS-grad,9,Widowed,Sales,Not-in-family,White,Female,0,0,44,United-States,<=50K,55_plus,41_49
65,,193365,Some-college,10,Married-civ-spouse,,Husband,White,Male,0,0,50,United-States,<=50K,55_plus,50_plus
24,,234791,Some-college,10,Divorced,,Unmarried,White,Female,0,0,25,United-States,<=50K,under_25,under_35
72,Self-emp-not-inc,28865,7th-8th,4,Married-civ-spouse,Transport-moving,Husband,White,Male,0,0,14,United-States,<=50K,55_plus,under_35
61,Private,163729,HS-grad,9,Divorced,Machine-op-inspct,Not-in-family,White,Female,0,0,40,United-States,<=50K,55_plus,35_40
33,Private,218407,Bachelors,13,Married-civ-spouse,Sales,Husband,White,Male,0,0,80,Columbia,>50K,25_34,50_plus
25,Private,150312,HS-grad,9,Never-married,Machine-op-inspct,Not-in-family,White,Male,0,0,40,United-States,<=50K,25_34,35_40
71,Private,124901,HS-grad,9,Married-civ-spouse,Sales,Husband,White,Male,0,0,50,United-States,<=50K,55_plus,50_plus
44,Private,75742,Bachelors,13,Married-civ-spouse,Machine-op-inspct,Husband,White,Male,0,0,40,United-States,<=50K,35_44,35_40
22,Private,119742,HS-grad,9,Never-married,Sales,Not-in-family,White,Female,0,0,40,United-States,<=50K,under_25,35_40
28,Private,216479,Bachelors,13,Never-married,Adm-clerical,Not-in-family,White,Female,0,0,40,United-States,<=50K,25_34,35_40
38,Private,293475,HS-grad,9,Divorced,Other-service,Not-in-family,White,Female,0,0,40,United-States,<=50K,35_44,35_40
33,Private,236379,Assoc-voc,11,Married-civ-spouse,Craft-repair,Husband,White,Male,0,0,45,United-States,>50K,25_34,41_49
32,Private,464621,Some-college,10,Never-married,Farming-fishing,Own-child,Amer-Indian-Eskimo,Male,0,0,40,United-States,<=50K,25_34,35_40
43,Private,170230,HS-grad,9,Separated,Adm-clerical,Unmarried,White,Female,0,0,40,United-States,<=50K,35_44,35_40
33,Private,100294,HS-grad,9,Separated,Craft-repair,Not-in-family,White,Male,0,0,50,United-States,<=50K,25_34,50_plus
36,Private,124111,HS-grad,9,Divorced,Adm-clerical,Unmarried,White,Female,0,0,35,United-States,<=50K,35_44,35_40
30,Private,348592,10th,6,Married-civ-spouse,Craft-repair,Husband,White,Male,0,0,40,United-States,<=50K,25_34,35_40
32,Private,170983,HS-grad,9,Never-married,Sales,Not-in-family,White,Male,0,0,40,United-States,<=50K,25_34,35_40
23,Self-emp-not-inc,121407,HS-grad,9,Never-married,Handlers-cleaners,Own-child,White,Female,0,0,35,United-States,<=50K,under_25,35_40
40,Local-gov,210275,HS-grad,9,Never-married,Adm-clerical,Other-relative,Black,Female,0,0,40,United-States,<=50K,35_44,35_40
30,Local-gov,370990,Masters,14,Never-married,Prof-specialty,Not-in-family,White,Female,0,0,45,United-States,<=50K,25_34,41_49
49,Private,169760,Bachelors,13,Married-civ-spouse,Prof-specialty,Wife,White,Female,0,0,50,United-States,>50K,45_54,50_plus
30,State-gov,185590,Bachelors,13,Never-married,Exec-managerial,Own-child,White,Female,0,0,40,United-States,<=50K,25_34,35_40
35,Private,57640,7th-8th,4,Married-civ-spouse,Sales,Husband,White,Male,0,0,40,United-States,<=50K,35_44,35_40
50,Self-emp-not-inc,169112,Some-college,10,Married-civ-spouse,Prof-specialty,Husband,White,Male,0,0,25,United-States,<=50K,45_54,under_35
26,Private,63234,Bachelors,13,Married-civ-spouse,Tech-support,Wife,White,Female,4508,0,12,United-States,<=50K,25_34,under_35
26,State-gov,291586,HS-grad,9,Divorced,Transport-moving,Unmarried,White,Male,0,0,40,United-States,<=50K,25_34,35_40
47,Self-emp-not-inc,117310,HS-grad,9,Never-married,Other-service,Not-in-family,White,Female,0,1876,48,United-States,<=50K,45_54,41_49
33,Private,180656,5th-6th,3,Never-married,Machine-op-inspct,Other-relative,White,Male,0,0,40,Guatemala,<=50K,25_34,35_40
50,State-gov,53497,Masters,14,Married-civ-spouse,Prof-specialty,Husband,White,Male,0,0,46,United-States,>50K,45_54,41_49
29,Private,80179,HS-grad,9,Separated,Sales,Not-in-family,White,Male,0,0,50,United-States,<=50K,25_34,50_plus
19,State-gov,116385,Assoc-acdm,12,Never-married,Adm-clerical,Own-child,White,Female,0,0,18,United-States,<=50K,under_25,under_35
22,,140001,HS-grad,9,Never-married,,Own-child,White,Male,0,0,40,United-States,<=50K,under_25,35_40
22,Private,163687,10th,6,Never-married,Sales,Own-child,White,Male,0,0,15,United-States,<=50K,under_25,under_35
34,Local-gov,174215,Masters,14,Married-civ-spouse,Prof-specialty,Wife,White,Female,7688,0,35,United-States,>50K,25_34,35_40
32,Private,37646,Some-college,10,Married-civ-spouse,Prof-specialty,Husband,White,Male,0,0,45,United-States,<=50K,25_34,41_49
36,Private,66687,HS-grad,9,Married-civ-spouse,Sales,Husband,White,Male,0,0,50,United-States,<=50K,35_44,50_plus
35,Private,248694,HS-grad,9,Divorced,Craft-repair,Not-in-family,White,Male,0,0,40,United-States,<=50K,35_44,35_40
45,Self-emp-not-inc,123681,Prof-school,15,Married-civ-spouse,Prof-specialty,Husband,White,Male,0,0,40,United-States,>50K,45_54,35_40
72,,305145,Bachelors,13,Widowed,,Not-in-family,White,Male,0,0,4,United-States,<=50K,55_plus,under_35
41,Self-emp-not-inc,170785,12th,8,Divorced,Craft-repair,Unmarried,White,Male,0,0,40,United-States,<=50K,35_44,35_40
19,Private,111232,Some-college,10,Never-married,Handlers-cleaners,Not-in-family,White,Male,0,0,30,United-States,<=50K,under_25,under_35
48,Private,148254,Bachelors,13,Married-civ-spouse,Other-service,Wife,White,Female,0,1902,40,,>50K,45_54,35_40
52,Private,285224,HS-grad,9,Married-civ-spouse,Craft-repair,Husband,White,Male,0,0,32,United-States,<=50K,45_54,under_35
44,Self-emp-not-inc,55844,Bachelors,13,Married-civ-spouse,Sales,Husband,White,Male,0,0,45,United-States,>50K,35_44,41_49
42,State-gov,101950,Bachelors,13,Never-married,Exec-managerial,Not-in-family,White,Female,0,0,38,United-States,<=50K,35_44,35_40
51,Private,350131,HS-grad,9,Divorced,Adm-clerical,Unmarried,White,Female,0,2339,40,United-States,<=50K,45_54,35_40
67,Self-emp-inc,22313,Some-college,10,Married-civ-spouse,Sales,Husband,White,Male,20051,0,40,United-States,>50K,55_plus,35_40
32,Private,50178,HS-grad,9,Married-civ-spouse,Machine-op-inspct,Husband,White,Male,0,0,40,United-States,>50K,25_34,35_40
50,Private,213041,HS-grad,9,Divorced,Sales,Unmarried,White,Female,0,0,40,United-States,<=50K,45_54,35_40
32,Private,241731,Some-college,10,Never-married,Other-service,Not-in-family,Black,Male,0,0,40,United-States,<=50K,25_34,35_40
29,Private,359155,HS-grad,9,Separated,Transport-moving,Unmarried,White,Female,0,0,30,United-States,<=50K,25_34,under_35
36,Private,182954,Some-college,10,Married-civ-spouse,Craft-repair,Husband,White,Male,0,0,52,Dominican-Republic,<=50K,35_44,50_plus
61,Private,143837,HS-grad,9,Married-civ-spouse,Machine-op-inspct,Husband,White,Male,0,0,40,United-States,<=50K,55_plus,35_40
26,Private,666014,Bachelors,13,Never-married,Exec-managerial,Not-in-family,White,Female,0,0,50,United-States,<=50K,25_34,50_plus
20,Private,167424,Some-college,10,Never-married,Priv-house-serv,Own-child,White,Female,0,0,40,United-States,<=50K,under_25,35_40
21,Self-emp-inc,95997,Some-college,10,Never-married,Farming-fishing,Own-child,White,Male,0,0,60,United-States,<=50K,under_25,50_plus
81,,143732,1st-4th,2,Widowed,,Not-in-family,White,Male,0,0,30,United-States,<=50K,55_plus,under_35
34,Private,301251,Bachelors,13,Married-civ-spouse,Sales,Husband,White,Male,0,0,50,United-States,>50K,25_34,50_plus
24,Private,150683,Bachelors,13,Never-married,Tech-support,Own-child,White,Male,0,0,42,United-States,<=50K,under_25,41_49
52,Private,155759,Some-college,10,Never-married,Machine-op-inspct,Not-in-family,White,Male,0,0,40,United-States,<=50K,45_54,35_40
33,Private,179708,HS-grad,9,Divorced,Exec-managerial,Not-in-family,White,Male,0,0,48,United-States,<=50K,25_34,41_49
23,Private,220993,HS-grad,9,Married-civ-spouse,Sales,Not-in-family,Black,Male,0,0,60,United-States,<=50K,under_25,50_plus
50,Local-gov,258819,Some-college,10,Divorced,Protective-serv,Not-in-family,White,Male,0,0,40,United-States,<=50K,45_54,35_40
20,Private,197767,Some-college,10,Never-married,Sales,Not-in-family,Black,Female,0,0,36,United-States,<=50K,under_25,35_40
20,Private,341294,Some-college,10,Never-married,Protective-serv,Own-child,White,Male,0,0,40,United-States,<=50K,under_25,35_40
39,Federal-gov,72887,Some-college,10,Married-civ-spouse,Exec-managerial,Husband,Asian-Pac-Islander,Male,0,0,40,United-States,>50K,35_44,35_40
39,Private,282489,HS-grad,9,Never-married,Other-service,Not-in-family,White,Female,0,0,25,United-States,<=50K,35_44,under_35
36,Private,103925,Bachelors,13,Never-married,Prof-specialty,Not-in-family,White,Female,0,0,45,Germany,<=50K,35_44,41_49
30,State-gov,119197,Masters,14,Divorced,Prof-specialty,Not-in-family,Amer-Indian-Eskimo,Male,0,0,50,United-States,<=50K,25_34,50_plus
21,Private,224632,Bachelors,13,Never-married,Adm-clerical,Own-child,Black,Female,0,0,38,United-States,<=50K,under_25,35_40
51,Private,184529,HS-grad,9,Married-civ-spouse,Sales,Husband,White,Male,0,1977,50,United-States,>50K,45_54,50_plus
37,Private,224566,Some-college,10,Married-civ-spouse,Tech-support,Husband,White,Male,0,0,39,United-States,<=50K,35_44,35_40
25,Private,195994,Bachelors,13,Never-married,Adm-clerical,Not-in-family,White,Female,0,0,35,United-States,<=50K,25_34,35_40
36,Private,166855,7th-8th,4,Divorced,Machine-op-inspct,Not-in-family,White,Female,0,0,40,United-States,<=50K,35_44,35_40
19,Private,163072,Some-college,10,Never-married,Sales,Own-child,White,Female,0,0,34,United-States,<=50K,under_25,under_35
30,Local-gov,287737,Some-college,10,Never-married,Protective-serv,Not-in-family,White,Female,3325,0,40,United-States,<=50K,25_34,35_40
44,,256211,Assoc-voc,11,Married-civ-spouse,,Husband,Asian-Pac-Islander,Male,0,2129,40,Poland,<=50K,35_44,35_40
42,Private,211940,Some-college,10,Never-married,Transport-moving,Not-in-family,Black,Male,0,0,40,United-States,<=50K,35_44,35_40
55,State-gov,136819,Some-college,10,Married-civ-spouse,Craft-repair,Husband,White,Male,0,0,43,United-States,>50K,55_plus,41_49
20,Private,289982,HS-grad,9,Never-married,Sales,Own-child,White,Female,0,0,10,El-Salvador,<=50K,under_25,under_35
63,Private,65740,Some-college,10,Married-civ-spouse,Handlers-cleaners,Husband,Asian-Pac-Islander,Male,0,0,40,Philippines,>50K,55_plus,35_40
26,State-gov,92795,Prof-school,15,Never-married,Prof-specialty,Not-in-family,White,Female,0,0,80,United-States,<=50K,25_34,50_plus
54,Private,64421,Some-college,10,Widowed,Tech-support,Unmarried,White,Female,0,0,40,United-States,<=50K,45_54,35_40
40,Self-emp-inc,253060,Bachelors,13,Married-civ-spouse,Exec-managerial,Husband,White,Male,0,0,55,United-States,>50K,35_44,50_plus
35,Self-emp-not-inc,103323,Some-college,10,Married-civ-spouse,Craft-repair,Husband,White,Male,0,0,40,United-States,>50K,35_44,35_40
39,Local-gov,32587,Some-college,10,Married-civ-spouse,Exec-managerial,Husband,Amer-Indian-Eskimo,Male,0,1485,40,United-States,>50K,35_44,35_40
39,Private,289890,Bachelors,13,Divorced,Sales,Not-in-family,White,Male,0,0,60,United-States,<=50K,35_44,50_plus
38,Local-gov,196673,Bachelors,13,Married-civ-spouse,Prof-specialty,Wife,White,Female,0,0,55,United-States,<=50K,35_44,50_plus
29,Private,201954,Assoc-voc,11,Married-civ-spouse,Machine-op-inspct,Husband,White,Male,0,0,40,,<=50K,25_34,35_40
68,,294420,Bachelors,13,Widowed,,Not-in-family,White,Female,0,0,2,United-States,<=50K,55_plus,under_35
34,Private,113129,Assoc-acdm,12,Married-civ-spouse,Sales,Husband,White,Male,0,0,38,United-States,>50K,25_34,35_40
22,Private,211013,HS-grad,9,Separated,Adm-clerical,Other-relative,White,Female,0,0,40,United-States,<=50K,under_25,35_40
49,Private,201127,11th,7,Married-civ-spouse,Transport-moving,Husband,White,Male,0,1902,70,United-States,<=50K,45_54,50_plus
39,Private,107038,HS-grad,9,Never-married,Craft-repair,Own-child,White,Male,0,0,40,United-States,<=50K,35_44,35_40
33,Private,201122,HS-grad,9,Separated,Tech-support,Not-in-family,White,Male,0,0,40,United-States,<=50K,25_34,35_40
41,Self-emp-not-inc,37618,Assoc-acdm,12,Married-civ-spouse,Craft-repair,Husband,White,Male,0,0,60,United-States,>50K,35_44,50_plus
25,Private,181054,Bachelors,13,Never-married,Adm-clerical,Not-in-family,White,Female,0,0,32,United-States,<=50K,25_34,under_35
39,Self-emp-not-inc,34066,Some-college,10,Married-civ-spouse,Craft-repair,Husband,Amer-Indian-Eskimo,Male,0,0,50,United-States,>50K,35_44,50_plus
35,Private,99065,Assoc-acdm,12,Divorced,Adm-clerical,Unmarried,White,Female,0,0,32,United-States,<=50K,35_44,under_35
22,Self-emp-not-inc,238917,HS-grad,9,Never-married,Handlers-cleaners,Not-in-family,White,Male,0,0,40,United-States,<=50K,under_25,35_40
22,Private,196280,Assoc-acdm,12,Never-married,Other-service,Own-child,White,Female,0,0,40,United-States,<=50K,under_25,35_40
49,Private,61885,Assoc-acdm,12,Married-civ-spouse,Sales,Husband,White,Male,0,0,45,United-States,>50K,45_54,41_49
33,Private,91666,HS-grad,9,Married-civ-spouse,Machine-op-inspct,Husband,White,Male,0,0,40,United-States,<=50K,25_34,35_40
43,Private,134120,HS-grad,9,Divorced,Sales,Other-relative,White,Female,0,0,46,United-States,<=50K,35_44,41_49
21,Private,183789,HS-grad,9,Never-married,Other-service,Own-child,White,Male,0,0,40,United-States,<=50K,under_25,35_40
44,Local-gov,113597,HS-grad,9,Married-civ-spouse,Craft-repair,Husband,White,Male,0,0,40,United-States,<=50K,35_44,35_40
60,Private,298967,7th-8th,4,Married-civ-spouse,Transport-moving,Husband,White,Male,0,0,15,United-States,<=50K,55_plus,under_35
74,Private,89852,12th,8,Married-civ-spouse,Handlers-cleaners,Husband,White,Male,0,0,11,United-States,<=50K,55_plus,under_35
29,Private,159109,11th,7,Never-married,Transport-moving,Unmarried,White,Male,0,0,40,United-States,<=50K,25_34,35_40
37,Private,184456,Bachelors,13,Married-civ-spouse,Sales,Husband,White,Male,0,0,40,United-States,>50K,35_44,35_40
56,Private,373216,HS-grad,9,Married-civ-spouse,Adm-clerical,Husband,White,Male,0,0,48,United-States,<=50K,55_plus,41_49
52,Private,163776,HS-grad,9,Married-civ-spouse,Sales,Husband,White,Male,0,1902,60,United-States,>50K,45_54,50_plus
24,Private,230126,Assoc-acdm,12,Married-civ-spouse,Other-service,Husband,White,Male,0,0,40,United-States,<=50K,under_25,35_40
38,Local-gov,173804,Bachelors,13,Divorced,Prof-specialty,Own-child,White,Female,0,0,38,United-States,<=50K,35_44,35_40
31,Private,106637,Some-college,10,Divorced,Adm-clerical,Unmarried,White,Female,0,0,20,United-States,<=50K,25_34,under_35
46,Private,141221,Bachelors,13,Married-civ-spouse,Adm-clerical,Husband,Asian-Pac-Islander,Male,0,0,40,Philippines,>50K,45_54,35_40
49,Private,27802,Some-college,10,Married-civ-spouse,Craft-repair,Husband,White,Male,0,1887,40,United-States,>50K,45_54,35_40
41,State-gov,29324,HS-grad,9,Divorced,Adm-clerical,Unmarried,White,Female,0,0,45,United-States,<=50K,35_44,41_49
53,Private,177063,Some-college,10,Married-civ-spouse,Sales,Husband,White,Male,0,0,45,United-States,>50K,45_54,41_49
32,Private,167063,Bachelors,13,Married-civ-spouse,Tech-support,Husband,White,Male,0,0,40,United-States,<=50K,25_34,35_40
24,Private,95552,HS-grad,9,Never-married,Handlers-cleaners,Not-in-family,White,Male,0,0,40,United-States,<=50K,under_25,35_40
50,Private,271493,HS-grad,9,Divorced,Adm-clerical,Not-in-family,White,Female,0,0,40,United-States,<=50K,45_54,35_40
44,Private,204314,HS-grad,9,Married-civ-spouse,Other-service,Wife,Black,Female,0,0,38,United-States,>50K,35_44,35_40
40,Private,146906,Masters,14,Married-civ-spouse,Exec-managerial,Husband,White,Male,0,0,50,United-States,>50K,35_44,50_plus
51,Self-emp-not-inc,195634,Masters,14,Never-married,Exec-managerial,Not-in-family,White,Male,10520,0,20,United-States,>50K,45_54,under_35
32,Private,100734,HS-grad,9,Never-married,Exec-managerial,Not-in-family,White,Female,0,0,50,United-States,<=50K,25_34,50_plus
52,Local-gov,266433,Some-college,10,Widowed,Tech-support,Unmarried,White,Female,0,0,40,United-States,<=50K,45_54,35_40
35,State-gov,190759,Masters,14,Never-married,Adm-clerical,Not-in-family,White,Male,0,0,40,United-States,<=50K,35_44,35_40
32,Private,195447,Bachelors,13,Married-civ-spouse,Exec-managerial,Husband,White,Male,0,0,55,United-States,>50K,25_34,50_plus
39,Private,145933,Bachelors,13,Married-civ-spouse,Craft-repair,Husband,White,Male,15024,0,55,United-States,>50K,35_44,50_plus
30,State-gov,252818,Some-college,10,Never-married,Prof-specialty,Not-in-family,White,Female,0,0,40,United-States,<=50K,25_34,35_40
41,Self-emp-inc,60414,Bachelors,13,Married-civ-spouse,Exec-managerial,Husband,White,Male,0,0,99,United-States,>50K,35_44,50_plus
39,Private,148485,Some-college,10,Married-civ-spouse,Craft-repair,Husband,White,Male,0,0,50,United-States,<=50K,35_44,50_plus
18,Private,112626,Some-college,10,Never-married,Priv-house-serv,Own-child,White,Female,0,0,15,United-States,<=50K,under_25,under_35
26,State-gov,162487,Bachelors,13,Never-married,Prof-specialty,Not-in-family,White,Male,0,0,20,,<=50K,25_34,under_35
24,Private,172169,HS-grad,9,Married-civ-spouse,Handlers-cleaners,Husband,White,Male,0,0,50,United-States,<=50K,under_25,50_plus
56,Private,257555,Masters,14,Married-civ-spouse,Prof-specialty,Husband,White,Male,0,0,40,United-States,>50K,55_plus,35_40
19,Private,222866,10th,6,Never-married,Farming-fishing,Other-relative,White,Male,0,0,40,United-States,<=50K,under_25,35_40
25,Private,257910,Bachelors,13,Never-married,Prof-specialty,Not-in-family,White,Male,0,0,45,United-States,<=50K,25_34,41_49
49,Self-emp-inc,211020,Doctorate,16,Married-civ-spouse,Prof-specialty,Husband,White,Male,15024,0,50,United-States,>50K,45_54,50_plus
28,Private,30912,Assoc-acdm,12,Never-married,Machine-op-inspct,Not-in-family,White,Male,0,0,40,United-States,<=50K,25_34,35_40
42,Private,155899,Assoc-acdm,12,Married-civ-spouse,Sales,Husband,White,Male,0,0,45,United-States,<=50K,35_44,41_49
25,Private,133373,Bachelors,13,Never-married,Sales,Own-child,White,Male,0,0,40,United-States,>50K,25_34,35_40
66,,106791,HS-grad,9,Widowed,,Unmarried,White,Female,0,0,40,United-States,<=50K,55_plus,35_40
28,Private,160510,Some-college,10,Married-civ-spouse,Adm-clerical,Husband,White,Male,0,0,50,United-States,>50K,25_34,50_plus
70,,308689,5th-6th,3,Married-civ-spouse,,Husband,Black,Male,0,0,40,Cuba,<=50K,55_plus,35_40
17,Private,188949,11th,7,Never-married,Transport-moving,Not-in-family,White,Male,0,0,40,United-States,<=50K,under_25,35_40
34,Private,205152,HS-grad,9,Married-civ-spouse,Handlers-cleaners,Husband,White,Male,0,0,40,United-States,<=50K,25_34,35_40
73,,30713,HS-grad,9,Married-civ-spouse,,Husband,White,Male,0,0,10,United-States,<=50K,55_plus,under_35
42,Private,130760,Some-college,10,Married-civ-spouse,Machine-op-inspct,Husband,White,Male,0,0,40,United-States,<=50K,35_44,35_40
24,Local-gov,174413,Bachelors,13,Never-married,Prof-specialty,Not-in-family,White,Female,0,1974,40,United-States,<=50K,under_25,35_40
22,Private,144238,11th,7,Never-married,Farming-fishing,Own-child,White,Female,0,0,38,United-States,<=50K,under_25,35_40
30,Private,181372,Bachelors,13,Married-civ-spouse,Prof-specialty,Wife,White,Female,0,0,40,United-States,>50K,25_34,35_40
33,Private,119017,Some-college,10,Divorced,Adm-clerical,Unmarried,White,Female,0,0,50,United-States,<=50K,25_34,50_plus
40,Private,36556,Doctorate,16,Married-civ-spouse,Prof-specialty,Husband,White,Male,0,0,55,United-States,<=50K,35_44,50_plus
18,Private,115815,Some-college,10,Never-married,Other-service,Own-child,White,Male,0,0,20,England,<=50K,under_25,under_35
38,Private,233571,Some-college,10,Married-civ-spouse,Tech-support,Wife,White,Female,0,1902,40,United-States,>50K,35_44,35_40
25,Private,390537,Some-college,10,Never-married,Sales,Unmarried,White,Female,0,0,25,El-Salvador,<=50K,25_34,under_35
36,Private,184659,HS-grad,9,Married-civ-spouse,Craft-repair,Husband,White,Male,7298,0,40,United-States,>50K,35_44,35_40
58,Private,170608,10th,6,Separated,Protective-serv,Not-in-family,White,Female,0,0,40,United-States,<=50K,55_plus,35_40
39,Private,319052,Bachelors,13,Married-civ-spouse,Handlers-cleaners,Wife,Asian-Pac-Islander,Female,0,0,37,Philippines,<=50K,35_44,35_40
27,Federal-gov,409815,Some-college,10,Divorced,Adm-clerical,Other-relative,Black,Female,0,0,50,United-States,<=50K,25_34,50_plus
33,Private,87209,HS-grad,9,Divorced,Craft-repair,Not-in-family,White,Male,0,0,45,United-States,<=50K,25_34,41_49
26,Private,246156,10th,6,Never-married,Craft-repair,Other-relative,White,Male,0,0,24,Honduras,<=50K,25_34,under_35
42,Local-gov,298885,HS-grad,9,Divorced,Exec-managerial,Unmarried,White,Male,0,0,40,United-States,<=50K,35_44,35_40
39,Self-emp-inc,31709,Some-college,10,Married-civ-spouse,Adm-clerical,Wife,White,Female,0,0,20,United-States,>50K,35_44,under_35
45,Private,192053,Bachelors,13,Married-civ-spouse,Craft-repair,Husband,White,Male,0,0,50,United-States,<=50K,45_54,50_plus
21,Private,95918,Some-college,10,Never-married,Adm-clerical,Own-child,White,Male,0,0,43,Germany,<=50K,under_25,41_49
27,Private,169544,Some-college,10,Married-civ-spouse,Machine-op-inspct,Husband,White,Male,0,0,50,United-States,<=50K,25_34,50_plus
76,,32995,7th-8th,4,Married-civ-spouse,,Husband,White,Male,0,0,5,United-States,<=50K,55_plus,under_35
33,Private,252646,Masters,14,Married-civ-spouse,Exec-managerial,Husband,White,Male,0,0,55,United-States,>50K,25_34,50_plus
21,Private,43587,Some-college,10,Never-married,Sales,Own-child,White,Female,0,0,30,United-States,<=50K,under_25,under_35
24,Private,318612,Some-college,10,Never-married,Exec-managerial,Not-in-family,White,Male,0,1504,40,United-States,<=50K,under_25,35_40
29,Private,129528,Bachelors,13,Never-married,Prof-specialty,Not-in-family,White,Female,0,0,40,United-States,<=50K,25_34,35_40
56,Self-emp-not-inc,306633,Assoc-voc,11,Married-civ-spouse,Prof-specialty,Husband,White,Male,0,0,40,United-States,<=50K,55_plus,35_40
30,Private,183388,HS-grad,9,Separated,Adm-clerical,Unmarried,White,Female,0,0,40,United-States,<=50K,25_34,35_40
21,Private,116489,Some-college,10,Never-married,Prof-specialty,Own-child,White,Female,0,0,40,United-States,<=50K,under_25,35_40
19,Private,365871,Some-college,10,Never-married,Transport-moving,Own-child,White,Male,0,0,32,United-States,<=50K,under_25,under_35
72,,314567,Some-college,10,Widowed,,Not-in-family,White,Female,0,0,8,United-States,<=50K,55_plus,under_35
33,Private,30612,Some-college,10,Married-civ-spouse,Sales,Husband,White,Male,0,0,40,United-States,<=50K,25_34,35_40
35,Private,105994,11th,7,Never-married,Machine-op-inspct,Not-in-family,White,Female,0,0,40,United-States,<=50K,35_44,35_40
24,Private,172169,Some-college,10,Never-married,Handlers-cleaners,Unmarried,White,Male,0,0,30,United-States,<=50K,under_25,under_35
62,Private,155915,10th,6,Married-civ-spouse,Machine-op-inspct,Husband,White,Male,0,0,40,United-States,<=50K,55_plus,35_40
24,Private,236804,Some-college,10,Divorced,Sales,Not-in-family,White,Male,0,0,40,United-States,<=50K,under_25,35_40
43,Private,223881,Bachelors,13,Married-civ-spouse,Tech-support,Husband,White,Male,7298,0,40,United-States,>50K,35_44,35_40
18,Private,264017,Some-college,10,Never-married,Other-service,Own-child,White,Male,0,0,16,Canada,<=50K,under_25,under_35
61,Self-emp-inc,190610,Bachelors,13,Married-civ-spouse,Sales,Husband,White,Male,0,0,45,United-States,>50K,55_plus,41_49
26,Self-emp-not-inc,195636,10th,6,Never-married,Exec-managerial,Not-in-family,White,Male,0,0,75,United-States,>50K,25_34,50_plus
48,Private,323798,Assoc-acdm,12,Married-civ-spouse,Prof-specialty,Husband,White,Male,0,1902,38,United-States,>50K,45_54,35_40
28,Private,258594,Bachelors,13,Never-married,Other-service,Not-in-family,White,Female,0,0,50,United-States,<=50K,25_34,50_plus
35,,365739,Some-college,10,Never-married,,Own-child,White,Male,0,0,40,United-States,<=50K,35_44,35_40
27,Private,203697,Masters,14,Never-married,Tech-support,Own-child,White,Male,0,0,50,United-States,<=50K,25_34,50_plus
41,Private,470486,1st-4th,2,Married-spouse-absent,Handlers-cleaners,Unmarried,White,Male,0,1719,40,Mexico,<=50K,35_44,35_40
76,Self-emp-not-inc,42162,HS-grad,9,Widowed,Exec-managerial,Not-in-family,White,Female,0,0,2,United-States,<=50K,55_plus,under_35
31,Private,112115,HS-grad,9,Never-married,Adm-clerical,Own-child,White,Male,0,0,40,United-States,<=50K,25_34,35_40
48,Self-emp-inc,341762,Some-college,10,Married-civ-spouse,Exec-managerial,Husband,White,Male,0,0,50,United-States,>50K,45_54,50_plus
39,State-gov,178100,Bachelors,13,Never-married,Prof-specialty,Not-in-family,White,Female,0,0,40,United-States,<=50K,35_44,35_40
31,Private,176025,HS-grad,9,Never-married,Tech-support,Unmarried,Black,Female,0,0,40,United-States,<=50K,25_34,35_40
66,Self-emp-not-inc,44712,HS-grad,9,Married-civ-spouse,Craft-repair,Wife,White,Female,0,0,15,United-States,<=50K,55_plus,under_35
36,Private,185692,7th-8th,4,Married-civ-spouse,Farming-fishing,Husband,White,Male,0,0,35,United-States,<=50K,35_44,35_40
20,Private,187158,HS-grad,9,Never-married,Machine-op-inspct,Own-child,White,Female,0,0,40,United-States,<=50K,under_25,35_40
37,Private,87757,Assoc-acdm,12,Never-married,Exec-managerial,Not-in-family,White,Male,0,0,45,United-States,<=50K,35_44,41_49
32,Private,155293,12th,8,Divorced,Sales,Not-in-family,White,Female,0,1762,45,United-States,<=50K,25_34,41_49
36,Private,216845,1st-4th,2,Married-civ-spouse,Other-service,Husband,White,Male,0,0,40,Mexico,<=50K,35_44,35_40
29,Private,87632,11th,7,Married-civ-spouse,Machine-op-inspct,Husband,White,Male,0,0,40,United-States,<=50K,25_34,35_40
27,Local-gov,106179,Bachelors,13,Married-spouse-absent,Prof-specialty,Not-in-family,White,Female,0,0,50,United-States,<=50K,25_34,50_plus
54,Private,181246,Some-college,10,Married-civ-spouse,Sales,Husband,White,Male,0,0,40,United-States,<=50K,45_54,35_40
53,Private,290882,7th-8th,4,Married-civ-spouse,Machine-op-inspct,Husband,White,Male,0,0,40,Mexico,<=50K,45_54,35_40
33,Private,150154,Bachelors,13,Married-civ-spouse,Sales,Husband,White,Male,0,0,40,United-States,<=50K,25_34,35_40
39,Private,158592,Some-college,10,Never-married,Sales,Own-child,White,Male,0,0,40,United-States,<=50K,35_44,35_40
38,Private,103886,Some-college,10,Divorced,Other-service,Not-in-family,White,Male,0,0,40,United-States,<=50K,35_44,35_40
44,Private,76487,HS-grad,9,Married-civ-spouse,Transport-moving,Husband,White,Male,0,0,40,United-States,<=50K,35_44,35_40
24,Private,588484,HS-grad,9,Never-married,Handlers-cleaners,Own-child,White,Male,594,0,40,United-States,<=50K,under_25,35_40
23,Private,32950,Some-college,10,Never-married,Handlers-cleaners,Own-child,White,Male,0,0,40,United-States,<=50K,under_25,35_40
72,Self-emp-not-inc,117030,Some-college,10,Married-civ-spouse,Other-service,Husband,White,Male,0,0,40,United-States,<=50K,55_plus,35_40
27,Local-gov,230997,Bachelors,13,Never-married,Prof-specialty,Not-in-family,White,Female,0,0,45,United-States,<=50K,25_34,41_49
43,Self-emp-inc,147206,Assoc-acdm,12,Never-married,Exec-managerial,Not-in-family,White,Male,27828,0,45,United-States,>50K,35_44,41_49
46,Private,28497,Some-college,10,Married-civ-spouse,Sales,Husband,White,Male,0,0,8,United-States,<=50K,45_54,under_35
27,Private,29261,Assoc-acdm,12,Never-married,Other-service,Other-relative,White,Male,0,0,42,United-States,<=50K,25_34,41_49
49,Local-gov,199862,HS-grad,9,Married-civ-spouse,Machine-op-inspct,Husband,White,Male,0,2179,40,United-States,<=50K,45_54,35_40
44,Private,142968,HS-grad,9,Widowed,Other-service,Unmarried,White,Female,0,0,40,United-States,<=50K,35_44,35_40
41,Private,161880,HS-grad,9,Separated,Machine-op-inspct,Not-in-family,Black,Male,0,0,50,United-States,<=50K,35_44,50_plus
18,Private,156981,11th,7,Never-married,Sales,Own-child,White,Female,0,0,20,United-States,<=50K,under_25,under_35
31,Private,82508,Some-college,10,Never-married,Adm-clerical,Not-in-family,White,Male,0,0,40,United-States,<=50K,25_34,35_40
22,Private,252570,Some-college,10,Married-civ-spouse,Exec-managerial,Wife,White,Female,0,0,40,United-States,<=50K,under_25,35_40
17,Private,89160,12th,8,Never-married,Priv-house-serv,Own-child,White,Female,0,0,18,United-States,<=50K,under_25,under_35
35,Private,87757,Bachelors,13,Never-married,Exec-managerial,Not-in-family,White,Male,0,0,40,United-States,<=50K,35_44,35_40
19,Private,111836,HS-grad,9,Never-married,Transport-moving,Own-child,White,Male,0,0,35,United-States,<=50K,under_25,35_40
58,Private,96840,HS-grad,9,Widowed,Craft-repair,Unmarried,White,Female,0,0,37,United-States,<=50K,55_plus,35_40
33,Private,111567,Bachelors,13,Never-married,Sales,Own-child,White,Male,0,0,40,United-States,<=50K,25_34,35_40
67,Self-emp-inc,323636,HS-grad,9,Married-civ-spouse,Craft-repair,Husband,White,Male,0,0,15,Canada,<=50K,55_plus,under_35
41,Local-gov,248748,Bachelors,13,Never-married,Prof-specialty,Unmarried,Black,Female,0,0,40,United-States,<=50K,35_44,35_40
53,Private,403121,HS-grad,9,Divorced,Adm-clerical,Not-in-family,White,Female,0,0,30,United-States,<=50K,45_54,under_35
29,Self-emp-not-inc,467936,Some-college,10,Never-married,Farming-fishing,Not-in-family,White,Male,0,0,40,,<=50K,25_34,35_40
62,Private,252134,7th-8th,4,Divorced,Handlers-cleaners,Not-in-family,White,Female,0,0,40,Cuba,<=50K,55_plus,35_40
30,Private,95923,Assoc-acdm,12,Married-spouse-absent,Adm-clerical,Unmarried,White,Female,0,0,45,United-States,<=50K,25_34,41_49
34,Self-emp-inc,196385,HS-grad,9,Married-civ-spouse,Exec-managerial,Husband,White,Male,0,0,50,United-States,<=50K,25_34,50_plus
24,Private,87546,Some-college,10,Married-civ-spouse,Adm-clerical,Wife,White,Female,0,0,40,United-States,<=50K,under_25,35_40
40,Self-emp-not-inc,85668,HS-grad,9,Married-civ-spouse,Craft-repair,Husband,White,Male,0,0,40,United-States,<=50K,35_44,35_40
28,Private,89813,HS-grad,9,Divorced,Handlers-cleaners,Not-in-family,White,Female,0,0,40,United-States,<=50K,25_34,35_40
44,Private,39581,Bachelors,13,Separated,Tech-support,Unmarried,Black,Female,0,0,40,United-States,<=50K,35_44,35_40
25,Private,165866,Assoc-voc,11,Never-married,Farming-fishing,Not-in-family,White,Male,0,0,20,United-States,<=50K,25_34,under_35
19,,155863,Some-college,10,Never-married,,Own-child,White,Female,0,1602,30,United-States,<=50K,under_25,under_35
23,Private,238917,5th-6th,3,Never-married,Handlers-cleaners,Other-relative,White,Male,0,0,40,El-Salvador,<=50K,under_25,35_40
44,Private,858091,HS-grad,9,Never-married,Other-service,Unmarried,Black,Female,0,0,40,United-States,<=50K,35_44,35_40
20,State-gov,117210,Some-college,10,Never-married,Tech-support,Own-child,White,Male,0,0,40,United-States,<=50K,under_25,35_40
25,Private,215188,HS-grad,9,Married-civ-spouse,Adm-clerical,Wife,White,Female,0,0,40,United-States,<=50K,25_34,35_40
35,Private,289890,11th,7,Married-civ-spouse,Machine-op-inspct,Husband,White,Male,0,0,40,United-States,<=50K,35_44,35_40
34,Private,270488,Bachelors,13,Never-married,Prof-specialty,Own-child,White,Female,0,0,40,United-States,<=50K,25_34,35_40
25,Private,74389,Bachelors,13,Never-married,Exec-managerial,Not-in-family,Asian-Pac-Islander,Female,0,0,40,United-States,<=50K,25_34,35_40
41,Private,94210,HS-grad,9,Divorced,Handlers-cleaners,Unmarried,White,Male,0,0,48,United-States,<=50K,35_44,41_49
19,Private,143608,HS-grad,9,Never-married,Machine-op-inspct,Own-child,White,Male,0,0,40,United-States,<=50K,under_25,35_40
34,Private,126853,Masters,14,Married-civ-spouse,Exec-managerial,Husband,Asian-Pac-Islander,Male,0,0,40,Taiwan,>50K,25_34,35_40
21,Private,416103,HS-grad,9,Never-married,Machine-op-inspct,Own-child,White,Male,0,0,40,United-States,<=50K,under_25,35_40
51,Self-emp-not-inc,194259,Masters,14,Married-civ-spouse,Prof-specialty,Wife,White,Female,15024,0,55,,>50K,45_54,50_plus
36,Private,416745,11th,7,Married-civ-spouse,Machine-op-inspct,Husband,White,Male,0,0,40,United-States,<=50K,35_44,35_40
49,Private,182862,Some-college,10,Married-civ-spouse,Craft-repair,Husband,White,Male,7688,0,40,United-States,>50K,45_54,35_40
35,Local-gov,182074,HS-grad,9,Separated,Protective-serv,Not-in-family,White,Male,0,0,42,United-States,<=50K,35_44,41_49
38,Federal-gov,122240,HS-grad,9,Married-civ-spouse,Adm-clerical,Husband,White,Male,0,0,55,United-States,>50K,35_44,50_plus
28,Private,185896,Some-college,10,Never-married,Handlers-cleaners,Not-in-family,Amer-Indian-Eskimo,Male,0,0,47,Mexico,<=50K,25_34,41_49
34,Self-emp-not-inc,581025,9th,5,Never-married,Other-service,Own-child,Black,Male,0,0,38,United-States,<=50K,25_34,35_40
34,Private,405713,Some-college,10,Divorced,Machine-op-inspct,Not-in-family,White,Female,0,0,40,United-States,<=50K,25_34,35_40
24,Private,266971,Bachelors,13,Never-married,Sales,Not-in-family,White,Female,0,0,40,United-States,<=50K,under_25,35_40
20,,41035,HS-grad,9,Never-married,,Own-child,White,Male,0,0,60,United-States,<=50K,under_25,50_plus
64,Private,137135,HS-grad,9,Married-civ-spouse,Machine-op-inspct,Husband,White,Male,0,0,48,United-States,<=50K,55_plus,41_49
70,Private,117464,HS-grad,9,Married-civ-spouse,Other-service,Husband,White,Male,0,0,16,United-States,<=50K,55_plus,under_35
17,Private,197186,10th,6,Never-married,Sales,Own-child,White,Female,0,0,24,United-States,<=50K,under_25,under_35
30,Private,236379,11th,7,Never-married,Transport-moving,Unmarried,White,Male,0,0,30,United-States,<=50K,25_34,under_35
24,Private,117789,Bachelors,13,Never-married,Prof-specialty,Own-child,White,Female,0,0,40,United-States,<=50K,under_25,35_40
45,Private,180695,Masters,14,Never-married,Exec-managerial,Not-in-family,White,Female,0,1408,40,United-States,<=50K,45_54,35_40
38,Private,314007,Some-college,10,Married-civ-spouse,Transport-moving,Husband,White,Male,5178,0,40,United-States,>50K,35_44,35_40
53,Local-gov,222381,Masters,14,Married-civ-spouse,Exec-managerial,Husband,White,Male,0,0,40,United-States,>50K,45_54,35_40
45,Private,39464,HS-grad,9,Divorced,Adm-clerical,Unmarried,White,Female,0,0,40,United-States,<=50K,45_54,35_40
66,Self-emp-not-inc,163726,HS-grad,9,Married-civ-spouse,Farming-fishing,Husband,White,Male,0,0,10,United-States,<=50K,55_plus,under_35
57,Private,87317,10th,6,Widowed,Adm-clerical,Not-in-family,White,Female,0,0,8,United-States,<=50K,55_plus,under_35
38,,320811,Some-college,10,Married-civ-spouse,,Husband,White,Male,0,0,40,United-States,<=50K,35_44,35_40
34,Private,191834,HS-grad,9,Married-civ-spouse,Transport-moving,Husband,White,Male,0,0,40,United-States,<=50K,25_34,35_40
27,Private,107236,Masters,14,Never-married,Prof-specialty,Not-in-family,White,Male,0,0,50,United-States,<=50K,25_34,50_plus
48,Private,205100,Bachelors,13,Married-civ-spouse,Sales,Husband,White,Male,99999,0,80,United-States,>50K,45_54,50_plus
29,Private,130010,Masters,14,Married-civ-spouse,Exec-managerial,Husband,White,Male,0,0,40,United-States,>50K,25_34,35_40
47,Private,123425,HS-grad,9,Never-married,Exec-managerial,Own-child,White,Male,0,0,41,United-States,<=50K,45_54,41_49
31,Private,33731,HS-grad,9,Married-civ-spouse,Exec-managerial,Husband,White,Male,7688,0,40,United-States,>50K,25_34,35_40
41,Private,557349,HS-grad,9,Married-civ-spouse,Craft-repair,Husband,White,Male,0,0,40,United-States,>50K,35_44,35_40
37,Private,141584,Assoc-acdm,12,Married-civ-spouse,Other-service,Husband,White,Male,0,0,47,United-States,<=50K,35_44,41_49
52,Private,24740,HS-grad,9,Married-civ-spouse,Transport-moving,Husband,White,Male,0,1740,55,United-States,<=50K,45_54,50_plus
20,Private,236601,Some-college,10,Never-married,Sales,Not-in-family,White,Male,0,0,20,United-States,<=50K,under_25,under_35
47,Private,246891,Bachelors,13,Married-civ-spouse,Sales,Husband,White,Male,15024,0,45,United-States,>50K,45_54,41_49
45,Private,78529,HS-grad,9,Divorced,Machine-op-inspct,Not-in-family,White,Male,0,0,50,United-States,<=50K,45_54,50_plus
56,Private,94156,HS-grad,9,Married-civ-spouse,Adm-clerical,Husband,White,Male,0,0,50,United-States,<=50K,55_plus,50_plus
32,Private,179415,10th,6,Married-civ-spouse,Handlers-cleaners,Other-relative,White,Male,0,0,40,United-States,<=50K,25_34,35_40
38,State-gov,91670,Some-college,10,Divorced,Prof-specialty,Own-child,Asian-Pac-Islander,Female,0,0,40,United-States,<=50K,35_44,35_40
23,Private,138513,HS-grad,9,Never-married,Handlers-cleaners,Not-in-family,White,Male,0,0,40,United-States,<=50K,under_25,35_40
31,Federal-gov,30917,Some-college,10,Married-civ-spouse,Protective-serv,Husband,White,Male,0,0,72,United-States,<=50K,25_34,50_plus
64,Private,191477,5th-6th,3,Widowed,Priv-house-serv,Unmarried,Black,Female,0,0,4,United-States,<=50K,55_plus,under_35
57,Self-emp-inc,208018,HS-grad,9,Married-civ-spouse,Craft-repair,Husband,White,Male,0,0,40,United-States,>50K,55_plus,35_40
34,Private,161153,10th,6,Married-civ-spouse,Farming-fishing,Husband,White,Male,0,0,35,United-States,<=50K,25_34,35_40
28,,162312,Some-college,10,Never-married,,Own-child,Asian-Pac-Islander,Male,0,0,40,South,<=50K,25_34,35_40
29,Private,57423,HS-grad,9,Married-civ-spouse,Handlers-cleaners,Husband,White,Male,0,0,45,United-States,<=50K,25_34,41_49
56,Private,106850,Some-college,10,Widowed,Other-service,Not-in-family,White,Female,0,0,40,United-States,<=50K,55_plus,35_40
22,Private,207969,Some-college,10,Never-married,Exec-managerial,Own-child,Black,Male,0,0,35,United-States,<=50K,under_25,35_40
35,Private,110013,Bachelors,13,Divorced,Other-service,Own-child,White,Female,0,0,40,United-States,<=50K,35_44,35_40
46,Self-emp-inc,218890,HS-grad,9,Divorced,Other-service,Not-in-family,White,Female,0,0,60,United-States,<=50K,45_54,50_plus
35,Private,211154,HS-grad,9,Married-civ-spouse,Sales,Husband,White,Male,0,0,45,United-States,<=50K,35_44,41_49
39,Private,367020,Bachelors,13,Never-married,Exec-managerial,Own-child,White,Male,0,0,40,United-States,<=50K,35_44,35_40
24,Private,161092,Bachelors,13,Never-married,Exec-managerial,Not-in-family,White,Male,0,0,40,United-States,<=50K,under_25,35_40
35,Local-gov,184117,Masters,14,Never-married,Prof-specialty,Own-child,White,Female,0,0,25,United-States,<=50K,35_44,under_35
32,Private,386806,5th-6th,3,Married-civ-spouse,Craft-repair,Husband,Other,Male,0,0,45,Mexico,>50K,25_34,41_49
18,State-gov,352317,Some-college,10,Never-married,Other-service,Own-child,White,Female,0,0,20,United-States,<=50K,under_25,under_35
46,Private,124356,Assoc-acdm,12,Married-civ-spouse,Tech-support,Husband,White,Male,0,0,40,United-States,>50K,45_54,35_40
42,Federal-gov,201520,Masters,14,Married-civ-spouse,Exec-managerial,Husband,White,Male,0,1902,43,United-States,>50K,35_44,41_49
23,Private,334105,Assoc-acdm,12,Never-married,Tech-support,Own-child,White,Female,0,0,40,United-States,<=50K,under_25,35_40
41,Private,115323,Some-college,10,Married-civ-spouse,Sales,Husband,White,Male,0,0,40,United-States,>50K,35_44,35_40
52,Private,320877,HS-grad,9,Married-civ-spouse,Machine-op-inspct,Husband,Black,Male,0,0,40,United-States,>50K,45_54,35_40
35,Private,216068,Assoc-acdm,12,Divorced,Tech-support,Unmarried,White,Female,0,0,40,United-States,<=50K,35_44,35_40
34,Private,177216,HS-grad,9,Never-married,Machine-op-inspct,Own-child,White,Female,0,0,40,United-States,<=50K,25_34,35_40
48,Private,195554,7th-8th,4,Divorced,Other-service,Not-in-family,White,Male,0,0,40,United-States,<=50K,45_54,35_40
76,Local-gov,224058,10th,6,Divorced,Transport-moving,Not-in-family,Black,Male,0,0,20,United-States,<=50K,55_plus,under_35
28,Private,145284,Some-college,10,Never-married,Adm-clerical,Not-in-family,White,Male,0,0,40,United-States,<=50K,25_34,35_40
25,Private,189663,Masters,14,Never-married,Prof-specialty,Own-child,White,Female,0,0,40,United-States,<=50K,25_34,35_40
42,Private,89226,Assoc-voc,11,Married-civ-spouse,Transport-moving,Husband,White,Male,0,0,45,United-States,>50K,35_44,41_49
61,Federal-gov,294466,Some-college,10,Divorced,Adm-clerical,Not-in-family,Black,Female,0,0,40,United-States,<=50K,55_plus,35_40
42,Private,147110,Bachelors,13,Married-civ-spouse,Other-service,Husband,White,Male,0,0,40,United-States,<=50K,35_44,35_40
32,Private,228873,11th,7,Married-civ-spouse,Transport-moving,Husband,White,Male,7298,0,60,United-States,>50K,25_34,50_plus
29,Private,364986,Bachelors,13,Married-civ-spouse,Exec-managerial,Husband,White,Male,0,1628,47,United-States,<=50K,25_34,41_49
52,Private,234286,Some-college,10,Divorced,Transport-moving,Not-in-family,White,Male,0,0,84,United-States,<=50K,45_54,50_plus
17,Private,355559,12th,8,Never-married,Prof-specialty,Own-child,White,Male,0,0,18,United-States,<=50K,under_25,under_35
35,Private,32528,Some-college,10,Married-civ-spouse,Machine-op-inspct,Husband,White,Male,0,0,40,United-States,<=50K,35_44,35_40
45,Private,132847,Bachelors,13,Never-married,Sales,Not-in-family,White,Female,0,0,50,United-States,<=50K,45_54,50_plus
55,,194740,10th,6,Widowed,,Not-in-family,White,Female,0,0,45,United-States,<=50K,55_plus,41_49
53,Private,231865,12th,8,Married-civ-spouse,Craft-repair,Husband,White,Male,0,0,40,United-States,>50K,45_54,35_40
58,Self-emp-not-inc,605504,HS-grad,9,Married-civ-spouse,Sales,Husband,White,Male,0,0,40,United-States,>50K,55_plus,35_40
36,Self-emp-inc,298624,Some-college,10,Married-civ-spouse,Exec-managerial,Husband,White,Male,0,0,30,United-States,>50K,35_44,under_35
51,Private,169719,Some-college,10,Married-civ-spouse,Adm-clerical,Husband,White,Male,0,0,38,United-States,<=50K,45_54,35_40
45,Private,78507,Assoc-voc,11,Married-civ-spouse,Craft-repair,Husband,White,Male,0,0,40,United-States,>50K,45_54,35_40
23,Private,329174,HS-grad,9,Never-married,Adm-clerical,Not-in-family,White,Male,0,0,40,United-States,<=50K,under_25,35_40
54,Private,320012,Some-college,10,Married-civ-spouse,Adm-clerical,Wife,White,Female,0,0,40,United-States,<=50K,45_54,35_40
37,Self-emp-inc,183898,Some-college,10,Married-civ-spouse,Exec-managerial,Husband,White,Male,0,0,40,United-States,>50K,35_44,35_40
19,Private,216413,Some-college,10,Never-married,Other-service,Own-child,White,Female,0,0,20,United-States,<=50K,under_25,under_35
24,Private,251603,HS-grad,9,Never-married,Adm-clerical,Own-child,White,Female,0,0,40,United-States,<=50K,under_25,35_40
30,Self-emp-not-inc,164461,11th,7,Divorced,Sales,Unmarried,White,Male,0,653,40,United-States,<=50K,25_34,35_40
42,Private,54102,Some-college,10,Divorced,Adm-clerical,Unmarried,White,Female,0,0,40,United-States,<=50K,35_44,35_40
22,Private,293324,HS-grad,9,Never-married,Exec-managerial,Not-in-family,White,Male,0,0,40,United-States,<=50K,under_25,35_40
47,Private,96798,Bachelors,13,Married-civ-spouse,Prof-specialty,Husband,White,Male,0,0,40,United-States,>50K,45_54,35_40
30,Private,200700,Some-college,10,Never-married,Sales,Not-in-family,White,Male,0,0,40,United-States,<=50K,25_34,35_40
50,Private,378581,12th,8,Never-married,Protective-serv,Other-relative,Black,Male,0,0,40,United-States,<=50K,45_54,35_40
22,Private,341760,Bachelors,13,Never-married,Exec-managerial,Own-child,White,Female,0,0,40,United-States,<=50K,under_25,35_40
53,Private,171058,Some-college,10,Divorced,Handlers-cleaners,Unmarried,White,Female,0,0,40,United-States,<=50K,45_54,35_40
24,Private,214810,Assoc-voc,11,Never-married,Sales,Not-in-family,White,Female,0,0,35,United-States,<=50K,under_25,35_40
62,Federal-gov,34916,Some-college,10,Married-civ-spouse,Prof-specialty,Husband,White,Male,0,0,40,United-States,>50K,55_plus,35_40
26,Private,220499,HS-grad,9,Never-married,Handlers-cleaners,Unmarried,White,Male,0,0,40,United-States,<=50K,25_34,35_40
35,Private,185621,Bachelors,13,Never-married,Exec-managerial,Own-child,White,Female,0,0,40,United-States,<=50K,35_44,35_40
23,State-gov,315449,Some-college,10,Never-married,Adm-clerical,Own-child,Black,Male,0,0,20,United-States,<=50K,under_25,under_35
58,Private,299991,11th,7,Divorced,Adm-clerical,Not-in-family,White,Female,3674,0,40,United-States,<=50K,55_plus,35_40
52,Private,227832,Bachelors,13,Married-civ-spouse,Prof-specialty,Husband,White,Male,0,0,50,United-States,>50K,45_54,50_plus
26,Private,195994,Bachelors,13,Separated,Sales,Not-in-family,White,Female,0,0,40,United-States,<=50K,25_34,35_40
29,Federal-gov,128553,Assoc-voc,11,Never-married,Adm-clerical,Unmarried,Black,Female,0,0,40,United-States,<=50K,25_34,35_40
30,Local-gov,170449,Masters,14,Married-civ-spouse,Prof-specialty,Husband,Asian-Pac-Islander,Male,0,0,40,United-States,>50K,25_34,35_40
80,,156942,1st-4th,2,Separated,,Not-in-family,Black,Male,0,0,15,United-States,<=50K,55_plus,under_35
51,Private,136080,HS-grad,9,Divorced,Sales,Other-relative,White,Female,0,0,31,United-States,<=50K,45_54,under_35
29,Private,241607,HS-grad,9,Never-married,Craft-repair,Not-in-family,White,Male,2597,0,40,United-States,<=50K,25_34,35_40
19,Private,400356,Some-college,10,Married-spouse-absent,Adm-clerical,Own-child,White,Male,0,0,40,United-States,<=50K,under_25,35_40
27,Self-emp-not-inc,151382,HS-grad,9,Never-married,Farming-fishing,Own-child,White,Male,0,0,40,United-States,<=50K,25_34,35_40
57,Private,118993,9th,5,Married-civ-spouse,Transport-moving,Other-relative,White,Female,0,0,40,,<=50K,55_plus,35_40
60,Private,772919,Bachelors,13,Married-civ-spouse,Other-service,Husband,White,Male,0,0,25,United-States,<=50K,55_plus,under_35
21,,117222,Some-college,10,Never-married,,Own-child,White,Male,0,0,40,United-States,<=50K,under_25,35_40
53,Private,270655,12th,8,Married-civ-spouse,Tech-support,Husband,White,Male,0,0,45,United-States,>50K,45_54,41_49
42,State-gov,884434,Some-college,10,Separated,Prof-specialty,Unmarried,Black,Female,0,0,40,United-States,<=50K,35_44,35_40
40,Private,69495,HS-grad,9,Married-civ-spouse,Transport-moving,Husband,White,Male,0,0,40,United-States,<=50K,35_44,35_40
41,Private,144925,Some-college,10,Divorced,Craft-repair,Not-in-family,White,Male,0,0,40,United-States,<=50K,35_44,35_40
42,Self-emp-not-inc,32016,HS-grad,9,Married-civ-spouse,Farming-fishing,Husband,White,Male,0,0,70,United-States,<=50K,35_44,50_plus
19,Private,39026,HS-grad,9,Never-married,Adm-clerical,Own-child,White,Male,0,0,40,United-States,<=50K,under_25,35_40
47,Self-emp-not-inc,159399,Assoc-voc,11,Married-civ-spouse,Other-service,Husband,White,Male,0,0,45,United-States,<=50K,45_54,41_49
34,State-gov,392518,HS-grad,9,Never-married,Other-service,Unmarried,Black,Female,0,0,40,United-States,<=50K,25_34,35_40
62,Private,185503,Masters,14,Married-civ-spouse,Exec-managerial,Husband,White,Male,0,0,50,United-States,>50K,55_plus,50_plus
67,,183420,HS-grad,9,Married-civ-spouse,,Husband,White,Male,0,0,21,United-States,<=50K,55_plus,under_35
39,Private,257250,HS-grad,9,Divorced,Craft-repair,Not-in-family,White,Male,0,0,60,United-States,<=50K,35_44,50_plus
38,Private,179481,HS-grad,9,Married-civ-spouse,Machine-op-inspct,Husband,White,Male,0,0,40,Poland,<=50K,35_44,35_40
33,Private,488720,5th-6th,3,Married-civ-spouse,Handlers-cleaners,Other-relative,White,Male,0,0,40,Mexico,<=50K,25_34,35_40
33,Private,159574,10th,6,Married-civ-spouse,Transport-moving,Husband,White,Male,0,0,40,United-States,<=50K,25_34,35_40
34,Private,346736,Assoc-acdm,12,Never-married,Exec-managerial,Own-child,White,Female,0,0,50,United-States,<=50K,25_34,50_plus
26,,157008,HS-grad,9,Divorced,,Not-in-family,White,Female,0,0,40,United-States,<=50K,25_34,35_40
61,Private,233427,Bachelors,13,Married-civ-spouse,Prof-specialty,Husband,White,Male,0,0,30,United-States,<=50K,55_plus,under_35
31,Private,328118,Some-college,10,Never-married,Other-service,Not-in-family,White,Female,0,0,20,United-States,<=50K,25_34,under_35
27,Private,181916,Some-college,10,Never-married,Machine-op-inspct,Own-child,White,Male,0,0,40,United-States,<=50K,25_34,35_40
32,Private,307353,HS-grad,9,Divorced,Adm-clerical,Not-in-family,Black,Female,0,0,40,United-States,<=50K,25_34,35_40
36,Private,157954,HS-grad,9,Divorced,Adm-clerical,Unmarried,White,Female,0,0,40,United-States,<=50K,35_44,35_40
22,Private,21154,HS-grad,9,Never-married,Other-service,Not-in-family,White,Female,0,1590,32,United-States,<=50K,under_25,under_35
21,Private,116657,HS-grad,9,Never-married,Sales,Other-relative,White,Male,0,0,40,United-States,<=50K,under_25,35_40
51,Private,197189,HS-grad,9,Married-civ-spouse,Exec-managerial,Husband,White,Male,0,0,40,United-States,<=50K,45_54,35_40
90,Self-emp-not-inc,122348,Prof-school,15,Married-civ-spouse,Prof-specialty,Husband,White,Male,20051,0,45,United-States,>50K,55_plus,41_49
44,Private,40024,HS-grad,9,Married-civ-spouse,Craft-repair,Husband,White,Male,0,0,40,United-States,<=50K,35_44,35_40
60,Self-emp-not-inc,119471,Assoc-acdm,12,Married-civ-spouse,Exec-managerial,Husband,Asian-Pac-Islander,Male,0,0,40,Japan,<=50K,55_plus,35_40
38,,217409,Some-college,10,Married-civ-spouse,,Wife,White,Female,0,0,40,United-States,<=50K,35_44,35_40
39,Private,111000,Masters,14,Never-married,Other-service,Unmarried,White,Female,0,0,35,United-States,<=50K,35_44,35_40
24,Self-emp-not-inc,194102,Bachelors,13,Never-married,Exec-managerial,Own-child,White,Male,0,0,40,United-States,<=50K,under_25,35_40
44,Self-emp-not-inc,106900,Bachelors,13,Divorced,Craft-repair,Not-in-family,White,Male,0,0,40,United-States,<=50K,35_44,35_40
50,Private,53497,HS-grad,9,Never-married,Exec-managerial,Not-in-family,White,Male,0,0,40,United-States,<=50K,45_54,35_40
36,Self-emp-not-inc,60269,Bachelors,13,Married-civ-spouse,Sales,Husband,White,Male,0,0,40,United-States,>50K,35_44,35_40
17,Private,311288,11th,7,Never-married,Exec-managerial,Own-child,White,Female,0,0,24,United-States,<=50K,under_25,under_35
33,Private,186884,HS-grad,9,Married-spouse-absent,Adm-clerical,Not-in-family,Black,Male,0,0,40,United-States,<=50K,25_34,35_40
41,Private,313830,HS-grad,9,Never-married,Prof-specialty,Not-in-family,White,Female,0,0,40,United-States,<=50K,35_44,35_40
31,Private,110083,HS-grad,9,Separated,Exec-managerial,Unmarried,White,Female,0,0,40,United-States,<=50K,25_34,35_40
36,Federal-gov,125933,Bachelors,13,Never-married,Prof-specialty,Own-child,White,Male,0,2258,40,United-States,<=50K,35_44,35_40
22,Private,444554,Bachelors,13,Never-married,Exec-managerial,Not-in-family,White,Male,0,0,50,United-States,<=50K,under_25,50_plus
34,Private,190228,Some-college,10,Never-married,Adm-clerical,Own-child,White,Male,0,0,40,United-States,>50K,25_34,35_40
48,State-gov,158451,Bachelors,13,Separated,Prof-specialty,Unmarried,White,Female,914,0,40,United-States,<=50K,45_54,35_40
54,Private,137069,Prof-school,15,Married-civ-spouse,Exec-managerial,Husband,Asian-Pac-Islander,Male,0,0,40,India,<=50K,45_54,35_40
68,,186163,1st-4th,2,Widowed,,Unmarried,Black,Female,0,0,40,United-States,<=50K,55_plus,35_40
63,Private,697806,HS-grad,9,Married-civ-spouse,Transport-moving,Husband,White,Male,0,0,60,United-States,<=50K,55_plus,50_plus
34,Private,140011,HS-grad,9,Never-married,Craft-repair,Own-child,White,Male,0,0,45,United-States,<=50K,25_34,41_49
53,Federal-gov,411700,HS-grad,9,Married-civ-spouse,Adm-clerical,Husband,White,Male,7298,0,40,United-States,>50K,45_54,35_40
41,Private,165304,Some-college,10,Married-civ-spouse,Craft-repair,Husband,White,Male,0,0,50,Greece,<=50K,35_44,50_plus
57,Private,192325,HS-grad,9,Widowed,Other-service,Unmarried,White,Female,0,0,42,United-States,<=50K,55_plus,41_49
53,Self-emp-not-inc,385183,Some-college,10,Married-civ-spouse,Other-service,Husband,White,Male,0,0,60,United-States,<=50K,45_54,50_plus
47,Self-emp-not-inc,182474,HS-grad,9,Married-civ-spouse,Exec-managerial,Wife,White,Female,0,0,36,United-States,<=50K,45_54,35_40
18,Private,632271,Some-college,10,Married-spouse-absent,Adm-clerical,Other-relative,White,Female,0,0,40,Peru,<=50K,under_25,35_40
18,Private,295607,10th,6,Never-married,Transport-moving,Own-child,White,Male,0,0,40,United-States,<=50K,under_25,35_40
84,,163443,7th-8th,4,Widowed,,Not-in-family,White,Male,0,0,3,United-States,<=50K,55_plus,under_35
23,Private,107882,Bachelors,13,Never-married,Tech-support,Own-child,White,Female,0,0,50,United-States,<=50K,under_25,50_plus
76,Private,204113,HS-grad,9,Widowed,Protective-serv,Not-in-family,White,Female,7896,0,18,United-States,<=50K,55_plus,under_35
34,Private,235062,HS-grad,9,Never-married,Craft-repair,Not-in-family,White,Male,0,0,45,United-States,<=50K,25_34,41_49
28,State-gov,175389,Assoc-acdm,12,Never-married,Adm-clerical,Own-child,White,Female,0,0,40,Mexico,<=50K,25_34,35_40
41,Private,80666,Some-college,10,Married-civ-spouse,Prof-specialty,Husband,White,Male,0,0,50,United-States,>50K,35_44,50_plus
34,Self-emp-not-inc,181091,Some-college,10,Never-married,Farming-fishing,Own-child,White,Male,0,0,50,United-States,<=50K,25_34,50_plus
59,Self-emp-inc,155259,Some-college,10,Married-civ-spouse,Exec-managerial,Wife,White,Female,0,0,20,United-States,<=50K,55_plus,under_35
30,State-gov,35683,Bachelors,13,Divorced,Tech-support,Not-in-family,White,Female,0,0,40,United-States,<=50K,25_34,35_40
26,Private,188703,Masters,14,Never-married,Prof-specialty,Not-in-family,White,Female,0,0,40,United-States,<=50K,25_34,35_40
38,Private,127961,Bachelors,13,Married-civ-spouse,Prof-specialty,Husband,White,Male,7688,0,40,United-States,>50K,35_44,35_40
40,Self-emp-inc,142030,Bachelors,13,Married-civ-spouse,Exec-managerial,Wife,White,Female,0,0,55,United-States,>50K,35_44,50_plus
65,Local-gov,188903,HS-grad,9,Married-civ-spouse,Handlers-cleaners,Husband,White,Male,6418,0,45,United-States,>50K,55_plus,41_49
30,Private,348592,HS-grad,9,Separated,Other-service,Not-in-family,White,Male,0,0,40,United-States,<=50K,25_34,35_40
47,Local-gov,188537,Masters,14,Married-civ-spouse,Prof-specialty,Wife,White,Female,0,0,60,United-States,>50K,45_54,50_plus
34,Private,312667,Masters,14,Married-civ-spouse,Prof-specialty,Husband,White,Male,0,0,45,United-States,<=50K,25_34,41_49
76,Private,328227,Bachelors,13,Married-civ-spouse,Adm-clerical,Husband,White,Male,5556,0,13,United-States,>50K,55_plus,under_35
18,Self-emp-inc,29582,11th,7,Never-married,Farming-fishing,Own-child,White,Male,0,0,50,United-States,<=50K,under_25,50_plus
21,Private,262634,7th-8th,4,Never-married,Farming-fishing,Not-in-family,White,Male,0,0,36,United-States,<=50K,under_25,35_40
21,Private,226668,Assoc-voc,11,Never-married,Craft-repair,Not-in-family,Other,Male,0,0,40,United-States,<=50K,under_25,35_40
20,Private,344698,Some-college,10,Never-married,Machine-op-inspct,Own-child,White,Male,0,0,30,United-States,<=50K,under_25,under_35
42,Private,159911,HS-grad,9,Married-civ-spouse,Other-service,Wife,White,Female,0,0,24,United-States,<=50K,35_44,under_35
26,Self-emp-not-inc,331861,Bachelors,13,Never-married,Sales,Not-in-family,White,Male,0,0,60,United-States,>50K,25_34,50_plus
25,Private,269015,HS-grad,9,Never-married,Other-service,Other-relative,Black,Female,0,0,40,United-States,<=50K,25_34,35_40
41,Local-gov,39581,HS-grad,9,Separated,Other-service,Not-in-family,Black,Female,4101,0,40,United-States,<=50K,35_44,35_40
29,Private,167336,Some-college,10,Married-civ-spouse,Adm-clerical,Wife,White,Female,0,0,50,United-States,<=50K,25_34,50_plus
46,Local-gov,274689,Assoc-acdm,12,Divorced,Protective-serv,Not-in-family,White,Male,0,0,40,United-States,<=50K,45_54,35_40
50,Private,46401,Bachelors,13,Married-spouse-absent,Sales,Not-in-family,White,Female,0,0,20,Germany,<=50K,45_54,under_35
50,Private,233149,Assoc-voc,11,Married-civ-spouse,Sales,Husband,White,Male,0,0,50,United-States,>50K,45_54,50_plus
41,Local-gov,180599,Masters,14,Married-civ-spouse,Prof-specialty,Husband,White,Male,0,0,50,United-States,<=50K,35_44,50_plus
24,Self-emp-inc,158950,Bachelors,13,Married-civ-spouse,Sales,Husband,White,Male,0,0,45,United-States,<=50K,under_25,41_49
36,Private,120204,HS-grad,9,Divorced,Tech-support,Not-in-family,White,Female,0,0,40,United-States,<=50K,35_44,35_40
49,Local-gov,229337,HS-grad,9,Separated,Other-service,Not-in-family,White,Male,0,0,40,United-States,<=50K,45_54,35_40
43,Private,183674,12th,8,Married-spouse-absent,Sales,Unmarried,White,Female,0,0,25,,<=50K,35_44,under_35
32,Private,459465,HS-grad,9,Married-civ-spouse,Craft-repair,Husband,White,Male,0,0,40,El-Salvador,<=50K,25_34,35_40
31,Self-emp-not-inc,213643,Masters,14,Divorced,Prof-specialty,Not-in-family,White,Male,0,1590,60,United-States,<=50K,25_34,50_plus
61,Private,353031,HS-grad,9,Married-civ-spouse,Transport-moving,Husband,White,Male,0,0,60,United-States,<=50K,55_plus,50_plus
46,Private,173938,Masters,14,Married-civ-spouse,Prof-specialty,Husband,White,Male,15024,0,50,United-States,>50K,45_54,50_plus
65,,146722,12th,8,Married-civ-spouse,,Husband,White,Male,0,0,10,United-States,<=50K,55_plus,under_35
25,Private,129275,HS-grad,9,Never-married,Handlers-cleaners,Not-in-family,White,Male,0,0,40,United-States,<=50K,25_34,35_40
26,State-gov,239303,Bachelors,13,Married-civ-spouse,Adm-clerical,Husband,White,Male,3942,0,7,United-States,<=50K,25_34,under_35
29,Private,229124,HS-grad,9,Married-civ-spouse,Adm-clerical,Husband,White,Male,0,0,48,United-States,>50K,25_34,41_49
18,Private,152508,11th,7,Married-civ-spouse,Sales,Wife,Other,Female,0,0,20,United-States,<=50K,under_25,under_35
24,Federal-gov,332194,9th,5,Never-married,Adm-clerical,Other-relative,Black,Male,0,0,40,United-States,<=50K,under_25,35_40
39,Private,183279,Bachelors,13,Married-civ-spouse,Sales,Husband,White,Male,7298,0,40,United-States,>50K,35_44,35_40
43,Self-emp-not-inc,136986,Bachelors,13,Married-civ-spouse,Exec-managerial,Husband,White,Male,7298,0,50,United-States,>50K,35_44,50_plus
33,Private,199248,Some-college,10,Married-civ-spouse,Prof-specialty,Wife,White,Female,0,0,40,United-States,<=50K,25_34,35_40
40,Private,180206,Assoc-acdm,12,Married-civ-spouse,Exec-managerial,Husband,White,Male,0,0,40,United-States,>50K,35_44,35_40
31,Private,408208,HS-grad,9,Never-married,Machine-op-inspct,Not-in-family,Black,Male,0,0,30,United-States,<=50K,25_34,under_35
54,Private,105638,9th,5,Married-civ-spouse,Craft-repair,Husband,White,Male,0,0,40,United-States,<=50K,45_54,35_40
38,Private,102478,HS-grad,9,Never-married,Exec-managerial,Not-in-family,White,Female,0,0,40,United-States,<=50K,35_44,35_40
48,Private,56664,HS-grad,9,Divorced,Other-service,Not-in-family,White,Female,0,0,40,United-States,<=50K,45_54,35_40
24,Private,162958,Assoc-acdm,12,Never-married,Prof-specialty,Not-in-family,White,Male,0,1980,50,United-States,<=50K,under_25,50_plus
68,,129802,HS-grad,9,Widowed,,Not-in-family,White,Female,0,0,12,United-States,<=50K,55_plus,under_35
21,,223515,Some-college,10,Never-married,,Own-child,White,Male,0,0,40,United-States,<=50K,under_25,35_40
47,Private,341814,Bachelors,13,Married-civ-spouse,Prof-specialty,Wife,White,Female,0,0,45,United-States,<=50K,45_54,41_49
47,Federal-gov,303637,Bachelors,13,Married-civ-spouse,Prof-specialty,Husband,White,Male,0,0,60,United-States,>50K,45_54,50_plus
31,Private,307543,10th,6,Never-married,Transport-moving,Own-child,White,Male,0,0,99,Cuba,<=50K,25_34,50_plus
44,Private,160837,5th-6th,3,Married-civ-spouse,Other-service,Husband,White,Male,0,0,40,Puerto-Rico,<=50K,35_44,35_40
42,Private,335846,Bachelors,13,Never-married,Exec-managerial,Unmarried,White,Female,0,0,50,United-States,<=50K,35_44,50_plus
34,Private,127875,Bachelors,13,Never-married,Adm-clerical,Not-in-family,White,Female,0,0,20,United-States,<=50K,25_34,under_35
58,Private,270131,5th-6th,3,Widowed,Other-service,Unmarried,White,Female,0,0,70,Mexico,<=50K,55_plus,50_plus
53,Private,321865,Prof-school,15,Never-married,Adm-clerical,Not-in-family,White,Male,0,0,40,United-States,>50K,45_54,35_40
27,Private,307724,Some-college,10,Never-married,Adm-clerical,Not-in-family,White,Female,0,0,40,,<=50K,25_34,35_40
40,Local-gov,208277,Bachelors,13,Divorced,Prof-specialty,Unmarried,White,Female,0,0,35,United-States,<=50K,35_44,35_40
19,Private,107405,Some-college,10,Never-married,Adm-clerical,Not-in-family,White,Female,0,0,40,United-States,<=50K,under_25,35_40
51,Self-emp-inc,114674,Some-college,10,Married-civ-spouse,Exec-managerial,Husband,White,Male,0,0,55,United-States,>50K,45_54,50_plus
34,Private,209691,Some-college,10,Divorced,Transport-moving,Not-in-family,White,Male,0,0,66,United-States,<=50K,25_34,50_plus
18,Local-gov,283342,10th,6,Never-married,Craft-repair,Own-child,Black,Male,0,0,40,United-States,<=50K,under_25,35_40
44,Local-gov,196797,Bachelors,13,Married-civ-spouse,Prof-specialty,Wife,Black,Female,0,0,36,United-States,>50K,35_44,35_40
25,,168358,HS-grad,9,Never-married,,Own-child,White,Male,0,0,40,United-States,<=50K,25_34,35_40
27,Self-emp-not-inc,164725,HS-grad,9,Married-civ-spouse,Other-service,Wife,White,Female,3464,0,35,United-States,<=50K,25_34,35_40
47,Private,29438,HS-grad,9,Divorced,Transport-moving,Not-in-family,White,Male,0,0,70,United-States,<=50K,45_54,50_plus
63,Private,198206,Some-college,10,Divorced,Other-service,Not-in-family,White,Female,0,0,30,United-States,<=50K,55_plus,under_35
40,Private,103513,Masters,14,Married-civ-spouse,Sales,Husband,White,Male,0,0,40,United-States,<=50K,35_44,35_40
35,Private,170174,Some-college,10,Divorced,Machine-op-inspct,Not-in-family,White,Male,0,0,40,United-States,<=50K,35_44,35_40
26,Private,191573,Assoc-acdm,12,Married-civ-spouse,Prof-specialty,Wife,White,Female,0,0,40,United-States,>50K,25_34,35_40
22,Private,72887,Some-college,10,Never-married,Other-service,Own-child,Asian-Pac-Islander,Male,0,0,24,United-States,<=50K,under_25,under_35
40,Private,225263,Some-college,10,Married-civ-spouse,Exec-managerial,Wife,White,Female,0,0,45,United-States,>50K,35_44,41_49
28,Private,89598,Bachelors,13,Never-married,Exec-managerial,Own-child,White,Female,0,0,45,United-States,<=50K,25_34,41_49
36,Private,348960,Some-college,10,Married-civ-spouse,Craft-repair,Husband,White,Male,0,0,40,United-States,<=50K,35_44,35_40
24,Private,285775,Bachelors,13,Never-married,Adm-clerical,Not-in-family,White,Male,0,0,40,United-States,<=50K,under_25,35_40
76,Self-emp-not-inc,106430,9th,5,Married-civ-spouse,Farming-fishing,Husband,White,Male,0,0,40,United-States,<=50K,55_plus,35_40
33,Private,377692,Assoc-acdm,12,Never-married,Tech-support,Not-in-family,White,Male,0,0,40,United-States,<=50K,25_34,35_40
66,,52654,11th,7,Married-civ-spouse,,Husband,White,Male,0,0,32,United-States,<=50K,55_plus,under_35
33,Self-emp-inc,206609,HS-grad,9,Never-married,Craft-repair,Own-child,White,Male,0,1876,50,United-States,<=50K,25_34,50_plus
40,Private,192878,10th,6,Divorced,Machine-op-inspct,Not-in-family,White,Male,0,0,40,United-States,<=50K,35_44,35_40
68,Local-gov,159643,HS-grad,9,Married-civ-spouse,Adm-clerical,Husband,White,Male,0,0,15,United-States,<=50K,55_plus,under_35
21,Private,142875,10th,6,Married-civ-spouse,Sales,Husband,White,Male,0,0,44,United-States,<=50K,under_25,41_49
32,Private,285946,Bachelors,13,Never-married,Exec-managerial,Not-in-family,White,Female,0,0,50,United-States,<=50K,25_34,50_plus
46,Federal-gov,269890,Bachelors,13,Married-civ-spouse,Exec-managerial,Husband,Black,Male,0,0,40,United-States,<=50K,45_54,35_40
22,Private,126822,10th,6,Never-married,Sales,Own-child,White,Female,0,0,30,United-States,<=50K,under_25,under_35
42,Self-emp-not-inc,24763,Bachelors,13,Divorced,Craft-repair,Not-in-family,White,Male,0,0,65,United-States,<=50K,35_44,50_plus
23,Private,308924,HS-grad,9,Married-civ-spouse,Craft-repair,Other-relative,White,Male,0,0,40,United-States,<=50K,under_25,35_40
27,Private,169748,HS-grad,9,Divorced,Handlers-cleaners,Not-in-family,White,Male,0,0,40,United-States,<=50K,25_34,35_40
33,Private,250804,Bachelors,13,Married-civ-spouse,Exec-managerial,Husband,White,Male,0,0,50,England,<=50K,25_34,50_plus
45,Private,324655,Bachelors,13,Never-married,Prof-specialty,Not-in-family,White,Male,0,0,40,United-States,<=50K,45_54,35_40
42,Private,126319,HS-grad,9,Never-married,Adm-clerical,Own-child,White,Female,0,0,35,United-States,<=50K,35_44,35_40
22,,227943,Some-college,10,Never-married,,Not-in-family,White,Male,0,0,44,United-States,<=50K,under_25,41_49
71,Private,99549,5th-6th,3,Married-civ-spouse,Exec-managerial,Husband,White,Male,0,0,40,United-States,<=50K,55_plus,35_40
38,Private,129764,Some-college,10,Divorced,Sales,Unmarried,White,Male,1506,0,50,United-States,<=50K,35_44,50_plus
31,State-gov,223376,Bachelors,13,Never-married,Adm-clerical,Unmarried,Black,Female,0,0,40,United-States,<=50K,25_34,35_40
44,Federal-gov,151933,Some-college,10,Married-civ-spouse,Adm-clerical,Husband,White,Male,0,1485,40,United-States,>50K,35_44,35_40
24,Private,153082,HS-grad,9,Never-married,Other-service,Not-in-family,White,Male,0,0,35,United-States,<=50K,under_25,35_40
46,Private,182414,Doctorate,16,Married-civ-spouse,Prof-specialty,Husband,White,Male,0,0,55,United-States,>50K,45_54,50_plus
20,Private,117789,Some-college,10,Never-married,Sales,Own-child,White,Female,0,0,10,United-States,<=50K,under_25,under_35
51,Private,171275,7th-8th,4,Divorced,Other-service,Not-in-family,Other,Male,0,0,40,Peru,<=50K,45_54,35_40
36,Private,353263,Bachelors,13,Divorced,Adm-clerical,Unmarried,White,Female,0,0,40,United-States,<=50K,35_44,35_40
17,Private,262031,12th,8,Never-married,Other-service,Other-relative,White,Male,0,0,20,United-States,<=50K,under_25,under_35
70,,187972,HS-grad,9,Married-civ-spouse,,Husband,White,Male,0,0,40,United-States,<=50K,55_plus,35_40
29,Private,114968,Assoc-voc,11,Married-civ-spouse,Prof-specialty,Husband,White,Male,0,0,40,United-States,<=50K,25_34,35_40
47,Private,362654,Masters,14,Married-civ-spouse,Prof-specialty,Husband,White,Male,0,0,40,United-States,>50K,45_54,35_40
46,Private,111410,11th,7,Married-civ-spouse,Craft-repair,Husband,White,Male,0,0,40,United-States,<=50K,45_54,35_40
37,Local-gov,125550,Bachelors,13,Married-civ-spouse,Prof-specialty,Wife,White,Female,7688,0,40,United-States,>50K,35_44,35_40
45,Local-gov,133969,Bachelors,13,Married-civ-spouse,Transport-moving,Husband,Asian-Pac-Islander,Male,0,0,40,Thailand,<=50K,45_54,35_40
53,Private,203967,HS-grad,9,Never-married,Adm-clerical,Not-in-family,White,Male,0,0,40,United-States,<=50K,45_54,35_40
22,Private,316304,Some-college,10,Never-married,Farming-fishing,Own-child,White,Male,0,0,50,United-States,<=50K,under_25,50_plus
43,Federal-gov,265604,HS-grad,9,Married-civ-spouse,Craft-repair,Husband,Black,Male,0,0,40,United-States,<=50K,35_44,35_40
45,State-gov,116892,Assoc-acdm,12,Divorced,Adm-clerical,Unmarried,Black,Female,0,0,40,United-States,<=50K,45_54,35_40
65,Private,237024,1st-4th,2,Married-civ-spouse,Other-service,Husband,White,Male,0,0,35,Mexico,<=50K,55_plus,35_40
21,Private,342575,Some-college,10,Never-married,Sales,Own-child,Black,Female,0,0,35,United-States,<=50K,under_25,35_40
42,State-gov,214781,Bachelors,13,Never-married,Prof-specialty,Unmarried,White,Male,0,1876,38,United-States,<=50K,35_44,35_40
35,Private,195946,Assoc-acdm,12,Married-civ-spouse,Other-service,Husband,Asian-Pac-Islander,Male,0,0,40,Thailand,<=50K,35_44,35_40
22,Private,52262,Some-college,10,Married-civ-spouse,Sales,Husband,White,Male,0,0,45,United-States,<=50K,under_25,41_49
60,Private,96660,HS-grad,9,Divorced,Sales,Other-relative,White,Female,0,0,33,United-States,<=50K,55_plus,under_35
47,State-gov,142856,Masters,14,Married-civ-spouse,Prof-specialty,Husband,White,Male,0,0,45,United-States,>50K,45_54,41_49
22,Private,150683,HS-grad,9,Never-married,Transport-moving,Own-child,White,Male,0,0,20,United-States,<=50K,under_25,under_35
40,Self-emp-inc,188615,11th,7,Married-civ-spouse,Exec-managerial,Husband,White,Male,15024,0,20,United-States,>50K,35_44,under_35
73,Private,159007,Bachelors,13,Divorced,Farming-fishing,Other-relative,White,Female,0,0,12,United-States,<=50K,55_plus,under_35
38,Self-emp-not-inc,187098,Masters,14,Never-married,Prof-specialty,Not-in-family,White,Female,0,0,48,United-States,<=50K,35_44,41_49
63,Private,164435,Some-college,10,Married-civ-spouse,Prof-specialty,Husband,White,Male,0,0,50,United-States,<=50K,55_plus,50_plus
24,Private,324960,Assoc-acdm,12,Never-married,Adm-clerical,Not-in-family,White,Male,0,0,30,United-States,<=50K,under_25,under_35
36,Private,33435,Assoc-voc,11,Divorced,Sales,Unmarried,White,Female,0,0,40,United-States,<=50K,35_44,35_40
31,Private,326104,Bachelors,13,Married-civ-spouse,Farming-fishing,Husband,White,Male,0,0,45,United-States,<=50K,25_34,41_49
23,Private,33644,Bachelors,13,Never-married,Other-service,Not-in-family,White,Female,0,0,50,United-States,<=50K,under_25,50_plus
20,Private,353696,Some-college,10,Never-married,Adm-clerical,Own-child,White,Male,0,0,28,United-States,<=50K,under_25,under_35
31,Self-emp-inc,111567,Bachelors,13,Married-civ-spouse,Exec-managerial,Husband,White,Male,0,0,40,United-States,<=50K,25_34,35_40
35,State-gov,140564,Some-college,10,Married-civ-spouse,Tech-support,Husband,White,Male,5013,0,40,United-States,<=50K,35_44,35_40
47,Private,247379,HS-grad,9,Never-married,Handlers-cleaners,Not-in-family,White,Male,0,0,45,United-States,<=50K,45_54,41_49
40,Private,108945,HS-grad,9,Divorced,Adm-clerical,Unmarried,White,Female,0,0,32,United-States,<=50K,35_44,under_35
30,Private,195602,Some-college,10,Married-civ-spouse,Tech-support,Husband,White,Male,0,0,45,,<=50K,25_34,41_49
42,Self-emp-inc,272551,Bachelors,13,Divorced,Tech-support,Not-in-family,White,Female,0,1564,60,United-States,>50K,35_44,50_plus
19,,191140,Some-college,10,Never-married,,Own-child,White,Male,0,0,20,United-States,<=50K,under_25,under_35
33,Private,235124,Some-college,10,Married-civ-spouse,Adm-clerical,Husband,White,Male,0,0,40,,<=50K,25_34,35_40
17,Private,230999,11th,7,Never-married,Other-service,Own-child,White,Female,0,0,16,United-States,<=50K,under_25,under_35
38,Private,453663,HS-grad,9,Married-civ-spouse,Craft-repair,Husband,White,Male,0,0,44,United-States,<=50K,35_44,41_49
35,Private,141276,HS-grad,9,Never-married,Machine-op-inspct,Unmarried,Black,Female,0,0,40,United-States,<=50K,35_44,35_40
20,Private,262877,HS-grad,9,Never-married,Craft-repair,Not-in-family,White,Female,0,0,55,United-States,<=50K,under_25,50_plus
43,Self-emp-inc,504423,Masters,14,Married-civ-spouse,Exec-managerial,Husband,Asian-Pac-Islander,Male,0,0,60,Japan,>50K,35_44,50_plus
51,Self-emp-inc,161482,HS-grad,9,Married-civ-spouse,Sales,Wife,White,Female,0,0,40,United-States,<=50K,45_54,35_40
51,Private,373448,Some-college,10,Married-civ-spouse,Exec-managerial,Husband,White,Male,0,2002,40,United-States,<=50K,45_54,35_40
62,,268315,Some-college,10,Divorced,,Not-in-family,White,Female,0,0,40,United-States,<=50K,55_plus,35_40
52,Self-emp-not-inc,210377,10th,6,Married-civ-spouse,Exec-managerial,Wife,Black,Female,0,0,40,United-States,<=50K,45_54,35_40
29,Private,334032,Some-college,10,Never-married,Craft-repair,Not-in-family,White,Male,0,0,40,United-States,<=50K,25_34,35_40
35,Private,415167,Bachelors,13,Married-civ-spouse,Exec-managerial,Husband,White,Male,0,0,60,United-States,>50K,35_44,50_plus
76,Self-emp-not-inc,161182,Some-college,10,Widowed,Sales,Not-in-family,White,Male,0,0,20,United-States,<=50K,55_plus,under_35
33,Private,154950,Bachelors,13,Married-civ-spouse,Prof-specialty,Husband,White,Male,0,0,50,United-States,<=50K,25_34,50_plus
43,Private,211518,HS-grad,9,Divorced,Adm-clerical,Own-child,White,Female,0,0,40,United-States,<=50K,35_44,35_40
34,Private,117963,9th,5,Married-civ-spouse,Transport-moving,Husband,White,Male,0,0,45,United-States,<=50K,25_34,41_49
47,Private,100009,Some-college,10,Divorced,Exec-managerial,Not-in-family,White,Male,0,0,30,United-States,<=50K,45_54,under_35
20,Private,83141,HS-grad,9,Never-married,Machine-op-inspct,Own-child,White,Male,4416,0,53,United-States,<=50K,under_25,50_plus
49,Private,90907,Some-college,10,Married-civ-spouse,Adm-clerical,Husband,Asian-Pac-Islander,Male,0,0,40,Outlying-US(Guam-USVI-etc),>50K,45_54,35_40
60,Private,235336,Some-college,10,Widowed,Exec-managerial,Not-in-family,White,Female,0,0,70,United-States,<=50K,55_plus,50_plus
41,Private,362815,Some-college,10,Separated,Exec-managerial,Not-in-family,White,Male,0,0,50,United-States,<=50K,35_44,50_plus
55,Private,120910,HS-grad,9,Separated,Adm-clerical,Not-in-family,White,Female,0,0,40,United-States,<=50K,55_plus,35_40
49,State-gov,247043,Some-college,10,Married-civ-spouse,Protective-serv,Husband,White,Male,0,0,40,United-States,<=50K,45_54,35_40
23,Private,131415,HS-grad,9,Married-civ-spouse,Other-service,Wife,White,Female,0,0,35,United-States,<=50K,under_25,35_40
50,Private,230858,Masters,14,Married-civ-spouse,Sales,Husband,White,Male,0,0,50,United-States,>50K,45_54,50_plus
38,Private,80680,10th,6,Divorced,Sales,Not-in-family,White,Female,0,0,40,United-States,<=50K,35_44,35_40
31,Self-emp-inc,264554,HS-grad,9,Married-civ-spouse,Transport-moving,Husband,White,Male,0,1977,40,United-States,>50K,25_34,35_40
62,Federal-gov,164021,Masters,14,Married-civ-spouse,Exec-managerial,Husband,White,Male,0,0,40,United-States,>50K,55_plus,35_40
55,Self-emp-inc,142020,HS-grad,9,Married-civ-spouse,Exec-managerial,Husband,White,Male,0,0,80,United-States,<=50K,55_plus,50_plus
47,Federal-gov,326048,HS-grad,9,Married-civ-spouse,Craft-repair,Husband,White,Male,0,0,40,United-States,<=50K,45_54,35_40
23,Private,109053,HS-grad,9,Never-married,Handlers-cleaners,Other-relative,White,Male,0,0,60,United-States,<=50K,under_25,50_plus
19,,466458,Some-college,10,Never-married,,Own-child,White,Female,0,0,45,United-States,<=50K,under_25,41_49
44,Private,107683,Assoc-voc,11,Married-civ-spouse,Craft-repair,Wife,White,Female,4386,0,40,United-States,>50K,35_44,35_40
39,Self-emp-inc,88973,Some-college,10,Married-civ-spouse,Exec-managerial,Husband,White,Male,0,0,84,United-States,>50K,35_44,50_plus
28,Private,220043,Bachelors,13,Married-civ-spouse,Sales,Husband,White,Male,0,0,40,United-States,>50K,25_34,35_40
38,Private,65390,12th,8,Divorced,Craft-repair,Not-in-family,White,Male,0,0,40,United-States,<=50K,35_44,35_40
46,Private,153536,Some-college,10,Married-civ-spouse,Exec-managerial,Husband,White,Male,3103,0,40,United-States,>50K,45_54,35_40
73,Local-gov,147703,HS-grad,9,Widowed,Other-service,Not-in-family,White,Female,0,0,15,United-States,<=50K,55_plus,under_35
57,Self-emp-not-inc,50990,Some-college,10,Divorced,Transport-moving,Not-in-family,White,Male,0,0,40,United-States,<=50K,55_plus,35_40
40,Self-emp-not-inc,45093,Masters,14,Married-civ-spouse,Prof-specialty,Husband,White,Male,0,0,50,United-States,<=50K,35_44,50_plus
31,Private,162312,Bachelors,13,Never-married,Prof-specialty,Not-in-family,Asian-Pac-Islander,Male,0,0,35,Philippines,<=50K,25_34,35_40
48,Private,207540,Bachelors,13,Never-married,Craft-repair,Not-in-family,White,Male,99999,0,60,United-States,>50K,45_54,50_plus
47,Private,175958,Some-college,10,Separated,Other-service,Not-in-family,White,Male,0,0,21,United-States,<=50K,45_54,under_35
35,Local-gov,126569,HS-grad,9,Married-civ-spouse,Craft-repair,Husband,White,Male,0,0,40,United-States,<=50K,35_44,35_40
38,Private,206951,Some-college,10,Never-married,Craft-repair,Own-child,White,Male,0,0,40,United-States,<=50K,35_44,35_40
40,Private,165858,Assoc-acdm,12,Never-married,Sales,Not-in-family,White,Male,0,0,80,United-States,>50K,35_44,50_plus
36,Private,341672,HS-grad,9,Married-spouse-absent,Adm-clerical,Other-relative,Asian-Pac-Islander,Male,0,0,60,India,<=50K,35_44,50_plus
41,Self-emp-not-inc,197176,HS-grad,9,Married-civ-spouse,Exec-managerial,Husband,White,Male,0,0,50,United-States,<=50K,35_44,50_plus
22,State-gov,203518,Some-college,10,Never-married,Prof-specialty,Not-in-family,White,Female,0,0,16,United-States,<=50K,under_25,under_35
37,Private,149347,Some-college,10,Married-civ-spouse,Craft-repair,Husband,White,Male,0,0,40,United-States,>50K,35_44,35_40
55,Private,451603,Some-college,10,Divorced,Craft-repair,Not-in-family,White,Male,0,0,40,United-States,<=50K,55_plus,35_40
31,Self-emp-not-inc,132705,HS-grad,9,Married-civ-spouse,Craft-repair,Husband,White,Male,0,0,50,United-States,<=50K,25_34,50_plus
40,Private,197033,Some-college,10,Married-civ-spouse,Craft-repair,Husband,White,Male,0,0,50,United-States,<=50K,35_44,50_plus
39,Self-emp-not-inc,341643,HS-grad,9,Separated,Craft-repair,Not-in-family,White,Male,0,1669,50,United-States,<=50K,35_44,50_plus
65,Private,176279,Assoc-voc,11,Married-civ-spouse,Other-service,Husband,White,Male,0,0,35,United-States,<=50K,55_plus,35_40
62,Private,200834,Masters,14,Married-civ-spouse,Exec-managerial,Husband,White,Male,0,0,55,United-States,<=50K,55_plus,50_plus
32,Private,236861,Assoc-acdm,12,Married-civ-spouse,Exec-managerial,Husband,White,Male,0,0,45,United-States,>50K,25_34,41_49
57,Private,477867,HS-grad,9,Married-civ-spouse,Transport-moving,Husband,White,Male,0,0,40,United-States,<=50K,55_plus,35_40
37,Private,361951,Bachelors,13,Never-married,Sales,Not-in-family,Black,Male,0,0,48,,<=50K,35_44,41_49
36,Private,168055,Bachelors,13,Married-civ-spouse,Exec-managerial,Husband,White,Male,5178,0,40,United-States,>50K,35_44,35_40
39,Federal-gov,135500,HS-grad,9,Married-civ-spouse,Adm-clerical,Husband,White,Male,0,0,40,United-States,>50K,35_44,35_40
74,Local-gov,214514,7th-8th,4,Married-civ-spouse,Protective-serv,Husband,White,Male,0,0,40,United-States,<=50K,55_plus,35_40
48,Private,102359,Doctorate,16,Married-civ-spouse,Prof-specialty,Husband,White,Male,0,0,60,United-States,>50K,45_54,50_plus
61,Federal-gov,95680,Assoc-acdm,12,Married-civ-spouse,Exec-managerial,Husband,Asian-Pac-Islander,Male,3103,0,40,United-States,>50K,55_plus,35_40
52,Local-gov,136175,Some-college,10,Married-civ-spouse,Protective-serv,Husband,White,Male,0,0,35,United-States,<=50K,45_54,35_40
49,Private,136358,Masters,14,Divorced,Sales,Unmarried,Other,Female,0,0,20,Peru,<=50K,45_54,under_35
44,Private,227065,Bachelors,13,Married-civ-spouse,Prof-specialty,Husband,White,Male,99999,0,40,,>50K,35_44,35_40
49,State-gov,160812,Bachelors,13,Married-civ-spouse,Prof-specialty,Wife,White,Female,0,0,40,United-States,>50K,45_54,35_40
22,Private,126613,Some-college,10,Never-married,Exec-managerial,Own-child,White,Female,0,0,40,France,<=50K,under_25,35_40
33,Private,127651,Bachelors,13,Never-married,Sales,Not-in-family,White,Male,8614,0,40,United-States,>50K,25_34,35_40
54,Self-emp-not-inc,236157,Masters,14,Married-civ-spouse,Sales,Husband,White,Male,0,0,40,United-States,>50K,45_54,35_40
24,Private,228649,HS-grad,9,Never-married,Transport-moving,Own-child,White,Male,0,0,40,United-States,<=50K,under_25,35_40
42,Private,126094,HS-grad,9,Married-civ-spouse,Machine-op-inspct,Husband,White,Male,0,0,40,United-States,<=50K,35_44,35_40
40,Private,219869,HS-grad,9,Married-civ-spouse,Farming-fishing,Husband,White,Male,99999,0,75,United-States,>50K,35_44,50_plus
21,Private,253190,Some-college,10,Never-married,Handlers-cleaners,Not-in-family,White,Male,0,0,48,United-States,<=50K,under_25,41_49
18,Private,195318,11th,7,Never-married,Handlers-cleaners,Own-child,White,Male,0,0,23,United-States,<=50K,under_25,under_35
39,Self-emp-not-inc,306678,HS-grad,9,Married-civ-spouse,Exec-managerial,Husband,White,Male,0,0,40,United-States,>50K,35_44,35_40
47,Private,101204,Some-college,10,Married-civ-spouse,Tech-support,Husband,Black,Male,4064,0,40,United-States,<=50K,45_54,35_40
27,Private,153475,Assoc-acdm,12,Divorced,Exec-managerial,Not-in-family,White,Female,0,0,45,United-States,<=50K,25_34,41_49
31,Private,194752,HS-grad,9,Never-married,Exec-managerial,Unmarried,Black,Female,0,0,45,United-States,<=50K,25_34,41_49
32,Private,107435,HS-grad,9,Divorced,Machine-op-inspct,Not-in-family,White,Female,0,0,40,United-States,<=50K,25_34,35_40
23,Private,353542,Bachelors,13,Never-married,Prof-specialty,Not-in-family,White,Female,0,0,8,United-States,<=50K,under_25,under_35
31,Private,295099,Some-college,10,Divorced,Tech-support,Own-child,Black,Female,0,0,40,United-States,<=50K,25_34,35_40
38,Private,275338,Some-college,10,Never-married,Sales,Own-child,White,Female,0,0,45,United-States,<=50K,35_44,41_49
35,Private,122353,HS-grad,9,Married-civ-spouse,Exec-managerial,Husband,White,Male,0,0,40,United-States,>50K,35_44,35_40
55,Private,134789,HS-grad,9,Divorced,Craft-repair,Not-in-family,White,Female,0,0,20,United-States,<=50K,55_plus,under_35
73,Private,53114,Some-college,10,Widowed,Sales,Not-in-family,White,Female,2538,0,20,United-States,<=50K,55_plus,under_35
50,Private,197189,Masters,14,Married-civ-spouse,Sales,Husband,White,Male,0,0,60,United-States,<=50K,45_54,50_plus
48,Self-emp-inc,214994,Some-college,10,Married-civ-spouse,Exec-managerial,Husband,White,Male,0,0,55,United-States,>50K,45_54,50_plus
25,State-gov,230200,Bachelors,13,Married-civ-spouse,Other-service,Wife,White,Female,0,0,40,United-States,<=50K,25_34,35_40
19,Private,344592,HS-grad,9,Never-married,Sales,Not-in-family,Black,Female,0,0,35,United-States,<=50K,under_25,35_40
29,Private,256764,Bachelors,13,Never-married,Sales,Not-in-family,White,Male,0,1564,40,United-States,>50K,25_34,35_40
49,Private,123681,Assoc-acdm,12,Separated,Sales,Unmarried,White,Male,0,0,35,United-States,<=50K,45_54,35_40
41,Private,63042,HS-grad,9,Married-civ-spouse,Sales,Wife,White,Female,0,0,20,United-States,<=50K,35_44,under_35
39,Private,215981,Some-college,10,Married-civ-spouse,Sales,Husband,White,Male,0,0,40,United-States,>50K,35_44,35_40
44,State-gov,26880,Doctorate,16,Divorced,Prof-specialty,Not-in-family,White,Female,0,1092,40,United-States,<=50K,35_44,35_40
55,Private,102058,Bachelors,13,Married-civ-spouse,Sales,Husband,White,Male,0,0,40,United-States,>50K,55_plus,35_40
33,Private,166275,HS-grad,9,Never-married,Machine-op-inspct,Not-in-family,White,Female,0,0,40,United-States,<=50K,25_34,35_40
21,Private,329174,HS-grad,9,Never-married,Tech-support,Not-in-family,White,Male,4865,0,40,United-States,<=50K,under_25,35_40
28,Private,380390,Bachelors,13,Married-civ-spouse,Exec-managerial,Husband,White,Male,0,0,50,United-States,<=50K,25_34,50_plus
18,,36064,12th,8,Never-married,,Own-child,White,Male,0,0,20,United-States,<=50K,under_25,under_35
52,Private,208570,Assoc-voc,11,Divorced,Tech-support,Not-in-family,White,Female,0,0,40,United-States,<=50K,45_54,35_40
46,Private,173461,Some-college,10,Married-civ-spouse,Sales,Wife,White,Female,0,0,40,United-States,>50K,45_54,35_40
31,Private,36222,HS-grad,9,Separated,Handlers-cleaners,Not-in-family,White,Male,0,0,65,United-States,<=50K,25_34,50_plus
57,Private,82676,HS-grad,9,Divorced,Transport-moving,Not-in-family,White,Male,0,0,48,United-States,<=50K,55_plus,41_49
25,Private,144301,Some-college,10,Married-civ-spouse,Handlers-cleaners,Husband,White,Male,0,0,30,United-States,<=50K,25_34,under_35
42,State-gov,126333,HS-grad,9,Married-civ-spouse,Sales,Wife,White,Female,0,0,40,United-States,<=50K,35_44,35_40
55,Private,160631,HS-grad,9,Married-civ-spouse,Machine-op-inspct,Husband,White,Male,4508,0,8,Yugoslavia,<=50K,55_plus,under_35
39,Private,99783,HS-grad,9,Never-married,Adm-clerical,Not-in-family,White,Female,0,0,45,United-States,<=50K,35_44,41_49
21,Private,301915,11th,7,Separated,Sales,Not-in-family,Other,Female,0,0,30,Mexico,<=50K,under_25,under_35
28,Private,193125,Some-college,10,Married-civ-spouse,Sales,Wife,White,Female,0,0,40,United-States,>50K,25_34,35_40
30,Private,127610,Bachelors,13,Never-married,Sales,Own-child,White,Female,0,0,20,Greece,<=50K,25_34,under_35
46,Private,207733,1st-4th,2,Widowed,Other-service,Unmarried,White,Female,0,0,40,Puerto-Rico,<=50K,45_54,35_40
30,Private,685955,Bachelors,13,Never-married,Sales,Unmarried,Black,Male,0,0,50,United-States,<=50K,25_34,50_plus
32,Private,72887,Some-college,10,Married-civ-spouse,Sales,Husband,Asian-Pac-Islander,Male,0,0,40,United-States,>50K,25_34,35_40
40,Local-gov,166822,Masters,14,Married-civ-spouse,Prof-specialty,Wife,Black,Female,0,0,36,United-States,>50K,35_44,35_40
54,Self-emp-not-inc,152652,HS-grad,9,Married-civ-spouse,Craft-repair,Husband,White,Male,0,0,40,United-States,<=50K,45_54,35_40
46,Private,123807,HS-grad,9,Never-married,Machine-op-inspct,Not-in-family,Black,Female,0,0,15,United-States,<=50K,45_54,under_35
51,State-gov,71691,Bachelors,13,Divorced,Exec-managerial,Not-in-family,White,Male,0,0,60,United-States,>50K,45_54,50_plus
50,Private,168212,Some-college,10,Married-spouse-absent,Transport-moving,Unmarried,White,Male,0,0,40,United-States,<=50K,45_54,35_40
51,Private,253357,HS-grad,9,Married-civ-spouse,Craft-repair,Husband,White,Male,0,0,40,United-States,<=50K,45_54,35_40
51,Private,257126,10th,6,Married-civ-spouse,Craft-repair,Husband,White,Male,0,0,40,United-States,<=50K,45_54,35_40
33,Private,192644,Doctorate,16,Married-civ-spouse,Prof-specialty,Husband,White,Male,0,1977,90,United-States,>50K,25_34,50_plus
45,Self-emp-not-inc,58683,Bachelors,13,Married-civ-spouse,Sales,Husband,White,Male,5178,0,48,United-States,>50K,45_54,41_49
22,Private,162282,HS-grad,9,Never-married,Machine-op-inspct,Own-child,White,Male,0,0,55,United-States,<=50K,under_25,50_plus
38,State-gov,239539,HS-grad,9,Married-civ-spouse,Machine-op-inspct,Husband,Asian-Pac-Islander,Male,0,0,40,Philippines,<=50K,35_44,35_40
46,Private,117849,Masters,14,Married-civ-spouse,Exec-managerial,Husband,White,Male,99999,0,50,United-States,>50K,45_54,50_plus
42,Self-emp-inc,204598,Assoc-voc,11,Married-civ-spouse,Other-service,Husband,White,Male,3464,0,80,United-States,<=50K,35_44,50_plus
41,Private,201908,Masters,14,Married-civ-spouse,Sales,Husband,White,Male,0,0,20,United-States,<=50K,35_44,under_35
47,Private,172753,HS-grad,9,Married-civ-spouse,Transport-moving,Husband,White,Male,0,0,85,United-States,>50K,45_54,50_plus
34,Private,153927,Bachelors,13,Married-civ-spouse,Prof-specialty,Husband,White,Male,0,0,40,United-States,>50K,25_34,35_40
59,Private,47534,Masters,14,Divorced,Exec-managerial,Not-in-family,White,Female,0,0,45,United-States,>50K,55_plus,41_49
25,Private,104614,HS-grad,9,Never-married,Protective-serv,Unmarried,White,Female,0,0,25,United-States,<=50K,25_34,under_35
27,Self-emp-not-inc,32280,HS-grad,9,Never-married,Farming-fishing,Unmarried,White,Male,0,0,50,United-States,<=50K,25_34,50_plus
39,Private,144169,HS-grad,9,Married-civ-spouse,Exec-managerial,Husband,White,Male,0,0,40,United-States,<=50K,35_44,35_40
69,Self-emp-not-inc,30951,Assoc-voc,11,Married-civ-spouse,Exec-managerial,Husband,White,Male,0,0,20,United-States,<=50K,55_plus,under_35
24,Private,126613,11th,7,Never-married,Other-service,Not-in-family,White,Female,0,0,20,United-States,<=50K,under_25,under_35
70,Private,135601,Bachelors,13,Married-civ-spouse,Prof-specialty,Husband,White,Male,20051,0,35,United-States,>50K,55_plus,35_40
24,Private,241582,Some-college,10,Never-married,Sales,Not-in-family,White,Male,0,0,33,United-States,<=50K,under_25,under_35
29,State-gov,237028,HS-grad,9,Never-married,Adm-clerical,Unmarried,White,Female,0,0,40,United-States,<=50K,25_34,35_40
66,Private,172646,5th-6th,3,Married-civ-spouse,Transport-moving,Husband,White,Male,1173,0,12,United-States,<=50K,55_plus,under_35
48,Private,246367,Some-college,10,Widowed,Adm-clerical,Not-in-family,White,Female,0,0,50,United-States,<=50K,45_54,50_plus
42,Private,111483,Masters,14,Never-married,Prof-specialty,Not-in-family,White,Male,0,0,48,United-States,>50K,35_44,41_49
67,Self-emp-not-inc,132626,HS-grad,9,Married-civ-spouse,Farming-fishing,Husband,White,Male,0,0,70,United-States,<=50K,55_plus,50_plus
18,Private,70021,11th,7,Never-married,Other-service,Own-child,White,Male,0,0,15,United-States,<=50K,under_25,under_35
24,Private,253190,HS-grad,9,Married-civ-spouse,Sales,Husband,White,Male,0,0,45,United-States,<=50K,under_25,41_49
62,Self-emp-not-inc,271464,Masters,14,Separated,Farming-fishing,Not-in-family,White,Male,0,0,30,United-States,<=50K,55_plus,under_35
40,Private,359389,Bachelors,13,Divorced,Other-service,Unmarried,Asian-Pac-Islander,Female,0,0,40,Philippines,<=50K,35_44,35_40
35,Private,169037,HS-grad,9,Married-civ-spouse,Transport-moving,Wife,White,Female,0,0,48,United-States,<=50K,35_44,41_49
22,Private,221406,Some-college,10,Never-married,Other-service,Not-in-family,White,Female,0,0,20,United-States,<=50K,under_25,under_35
71,Private,211707,Some-college,10,Married-civ-spouse,Sales,Husband,White,Male,0,0,4,United-States,<=50K,55_plus,under_35
46,Private,430278,Masters,14,Never-married,Prof-specialty,Not-in-family,White,Male,0,0,40,United-States,<=50K,45_54,35_40
39,Private,360494,HS-grad,9,Never-married,Transport-moving,Not-in-family,White,Male,0,0,40,United-States,<=50K,35_44,35_40
53,Private,98659,9th,5,Married-civ-spouse,Craft-repair,Husband,White,Male,0,0,44,United-States,<=50K,45_54,41_49
38,Private,222573,HS-grad,9,Separated,Machine-op-inspct,Unmarried,White,Female,0,0,40,United-States,<=50K,35_44,35_40
31,Private,328734,HS-grad,9,Never-married,Adm-clerical,Unmarried,White,Female,0,2238,40,United-States,<=50K,25_34,35_40
48,Private,163706,Bachelors,13,Married-civ-spouse,Exec-managerial,Husband,White,Male,15024,0,70,United-States,>50K,45_54,50_plus
29,Private,66473,Some-college,10,Never-married,Farming-fishing,Unmarried,White,Male,0,0,50,United-States,<=50K,25_34,50_plus
37,Private,356231,10th,6,Married-civ-spouse,Machine-op-inspct,Husband,Black,Male,0,2129,65,United-States,<=50K,35_44,50_plus
23,Private,158996,Some-college,10,Married-civ-spouse,Handlers-cleaners,Husband,White,Male,0,0,38,United-States,<=50K,under_25,35_40
26,Private,359854,Bachelors,13,Never-married,Priv-house-serv,Other-relative,White,Female,0,0,35,Mexico,<=50K,25_34,35_40
60,Self-emp-not-inc,157588,HS-grad,9,Divorced,Adm-clerical,Unmarried,White,Female,0,0,99,United-States,<=50K,55_plus,50_plus
41,Local-gov,291831,Masters,14,Married-civ-spouse,Prof-specialty,Husband,White,Male,0,0,35,United-States,<=50K,35_44,35_40
24,Private,299528,Some-college,10,Never-married,Sales,Not-in-family,Asian-Pac-Islander,Female,0,0,50,Taiwan,<=50K,under_25,50_plus
40,Private,266631,HS-grad,9,Married-civ-spouse,Craft-repair,Husband,Black,Male,0,0,40,Haiti,<=50K,35_44,35_40
21,,133515,Assoc-acdm,12,Never-married,,Own-child,White,Female,594,0,40,United-States,<=50K,under_25,35_40
53,Private,230936,Bachelors,13,Married-civ-spouse,Sales,Husband,White,Male,0,0,40,United-States,>50K,45_54,35_40
26,Private,82488,Masters,14,Never-married,Prof-specialty,Own-child,Asian-Pac-Islander,Female,0,0,40,Philippines,>50K,25_34,35_40
39,Private,186719,Some-college,10,Separated,Craft-repair,Unmarried,White,Female,0,0,25,United-States,<=50K,35_44,under_35
44,Private,303619,11th,7,Divorced,Craft-repair,Not-in-family,White,Male,0,0,40,United-States,<=50K,35_44,35_40
31,Private,190772,Bachelors,13,Never-married,Exec-managerial,Own-child,White,Female,0,1590,35,,<=50K,25_34,35_40
35,Local-gov,91124,Bachelors,13,Never-married,Exec-managerial,Not-in-family,White,Male,0,0,40,United-States,<=50K,35_44,35_40
49,Private,140826,Masters,14,Married-civ-spouse,Exec-managerial,Husband,Asian-Pac-Islander,Male,99999,0,50,,>50K,45_54,50_plus
18,Private,137532,Some-college,10,Never-married,Sales,Own-child,White,Female,0,0,20,United-States,<=50K,under_25,under_35
65,Private,138247,Some-college,10,Widowed,Sales,Not-in-family,White,Female,0,0,22,United-States,<=50K,55_plus,under_35
31,Private,187560,Some-college,10,Married-civ-spouse,Adm-clerical,Husband,White,Male,0,0,40,United-States,<=50K,25_34,35_40
39,Private,240468,HS-grad,9,Never-married,Exec-managerial,Not-in-family,White,Male,0,0,42,United-States,<=50K,35_44,41_49
54,Self-emp-not-inc,183668,5th-6th,3,Married-civ-spouse,Farming-fishing,Husband,White,Male,0,0,55,United-States,<=50K,45_54,50_plus
28,Private,30014,Some-college,10,Never-married,Adm-clerical,Not-in-family,White,Female,0,0,40,United-States,<=50K,25_34,35_40
45,Private,183168,Some-college,10,Married-civ-spouse,Tech-support,Wife,White,Female,0,0,40,United-States,<=50K,45_54,35_40
37,Private,342642,Some-college,10,Married-civ-spouse,Craft-repair,Husband,White,Male,0,0,40,United-States,>50K,35_44,35_40
25,Self-emp-not-inc,46015,HS-grad,9,Married-civ-spouse,Sales,Husband,White,Male,0,0,50,United-States,<=50K,25_34,50_plus
17,Private,219199,10th,6,Never-married,Other-service,Own-child,Black,Male,0,0,15,United-States,<=50K,under_25,under_35
56,Private,176613,Bachelors,13,Divorced,Prof-specialty,Not-in-family,Asian-Pac-Islander,Female,0,0,40,Philippines,<=50K,55_plus,35_40
68,Private,174895,HS-grad,9,Married-civ-spouse,Other-service,Husband,White,Male,0,0,40,United-States,<=50K,55_plus,35_40
27,Private,339921,Some-college,10,Never-married,Other-service,Not-in-family,White,Male,0,0,38,Mexico,<=50K,25_34,35_40
46,Self-emp-inc,321764,Prof-school,15,Married-civ-spouse,Prof-specialty,Husband,White,Male,0,0,50,United-States,>50K,45_54,50_plus
58,Self-emp-not-inc,426263,Some-college,10,Married-civ-spouse,Prof-specialty,Husband,White,Male,0,0,32,United-States,<=50K,55_plus,under_35
33,Private,513977,Some-college,10,Married-civ-spouse,Tech-support,Husband,Black,Male,0,0,40,United-States,<=50K,25_34,35_40
44,Private,136986,Some-college,10,Divorced,Adm-clerical,Not-in-family,White,Male,0,0,40,United-States,<=50K,35_44,35_40
45,Private,247120,HS-grad,9,Married-civ-spouse,Transport-moving,Other-relative,White,Female,0,0,50,,<=50K,45_54,50_plus
61,Self-emp-not-inc,185640,HS-grad,9,Married-civ-spouse,Exec-managerial,Husband,White,Male,0,0,30,United-States,>50K,55_plus,under_35
38,Private,104727,Masters,14,Never-married,Adm-clerical,Not-in-family,White,Female,0,0,40,United-States,<=50K,35_44,35_40
63,Private,116993,HS-grad,9,Married-civ-spouse,Machine-op-inspct,Husband,White,Male,0,0,40,United-States,>50K,55_plus,35_40
53,Federal-gov,218382,Assoc-acdm,12,Married-civ-spouse,Adm-clerical,Wife,Black,Female,0,0,40,United-States,>50K,45_54,35_40
18,Federal-gov,54377,HS-grad,9,Never-married,Handlers-cleaners,Own-child,White,Male,0,0,50,United-States,<=50K,under_25,50_plus
40,Private,32185,HS-grad,9,Never-married,Handlers-cleaners,Own-child,White,Male,0,0,44,United-States,<=50K,35_44,41_49
24,Private,275244,Some-college,10,Never-married,Exec-managerial,Not-in-family,Black,Male,0,0,35,United-States,<=50K,under_25,35_40
58,Self-emp-inc,120384,HS-grad,9,Married-civ-spouse,Exec-managerial,Husband,White,Male,0,0,40,United-States,>50K,55_plus,35_40
27,Private,384774,7th-8th,4,Divorced,Tech-support,Not-in-family,White,Female,0,0,50,United-States,<=50K,25_34,50_plus
33,Private,303942,9th,5,Married-civ-spouse,Machine-op-inspct,Husband,White,Male,0,0,40,United-States,<=50K,25_34,35_40
59,Private,124137,HS-grad,9,Divorced,Sales,Not-in-family,White,Male,2202,0,40,United-States,<=50K,55_plus,35_40
42,Self-emp-not-inc,165815,Bachelors,13,Married-civ-spouse,Prof-specialty,Husband,White,Male,0,0,52,United-States,>50K,35_44,50_plus
76,Local-gov,104443,HS-grad,9,Widowed,Other-service,Not-in-family,White,Female,0,1668,40,United-States,<=50K,55_plus,35_40
19,Private,375079,Some-college,10,Never-married,Other-service,Own-child,White,Male,0,0,35,United-States,<=50K,under_25,35_40
26,Private,169100,HS-grad,9,Divorced,Machine-op-inspct,Not-in-family,White,Male,0,0,40,United-States,<=50K,25_34,35_40
52,Self-emp-inc,392502,Bachelors,13,Married-civ-spouse,Exec-managerial,Husband,White,Male,0,0,60,United-States,<=50K,45_54,50_plus
68,Self-emp-not-inc,338432,HS-grad,9,Married-civ-spouse,Farming-fishing,Husband,White,Male,0,0,50,United-States,<=50K,55_plus,50_plus
64,Private,280957,Some-college,10,Married-civ-spouse,Other-service,Husband,White,Male,0,0,20,United-States,<=50K,55_plus,under_35
43,Private,214242,HS-grad,9,Married-civ-spouse,Machine-op-inspct,Husband,White,Male,0,0,40,Poland,<=50K,35_44,35_40
22,Private,124971,Bachelors,13,Never-married,Exec-managerial,Not-in-family,White,Male,0,0,30,United-States,<=50K,under_25,under_35
64,Private,271559,HS-grad,9,Married-civ-spouse,Machine-op-inspct,Wife,White,Female,0,0,30,Columbia,<=50K,55_plus,under_35
28,Private,303601,12th,8,Married-civ-spouse,Machine-op-inspct,Husband,White,Male,0,0,40,United-States,<=50K,25_34,35_40
30,Private,433325,10th,6,Married-civ-spouse,Craft-repair,Husband,White,Male,0,0,40,Mexico,<=50K,25_34,35_40
38,Private,167440,HS-grad,9,Married-civ-spouse,Machine-op-inspct,Husband,White,Male,0,0,40,United-States,<=50K,35_44,35_40
22,,374116,HS-grad,9,Never-married,,Not-in-family,White,Female,0,0,36,United-States,<=50K,under_25,35_40
42,Self-emp-not-inc,52781,Bachelors,13,Married-civ-spouse,Exec-managerial,Husband,White,Male,0,0,40,United-States,>50K,35_44,35_40
34,Private,209900,Some-college,10,Divorced,Prof-specialty,Not-in-family,White,Male,0,0,15,United-States,<=50K,25_34,under_35
47,Self-emp-inc,120131,HS-grad,9,Married-civ-spouse,Exec-managerial,Husband,White,Male,0,0,50,United-States,<=50K,45_54,50_plus
41,Self-emp-not-inc,198196,Prof-school,15,Married-civ-spouse,Prof-specialty,Husband,White,Male,15024,0,50,United-States,>50K,35_44,50_plus
18,Private,108501,Some-college,10,Never-married,Craft-repair,Own-child,White,Male,0,0,25,United-States,<=50K,under_25,under_35
61,Self-emp-not-inc,170278,Prof-school,15,Never-married,Prof-specialty,Not-in-family,White,Female,0,0,30,Philippines,<=50K,55_plus,under_35
51,Self-emp-not-inc,222883,Bachelors,13,Married-civ-spouse,Sales,Husband,Black,Male,0,0,55,United-States,<=50K,45_54,50_plus
45,Private,154237,HS-grad,9,Divorced,Handlers-cleaners,Unmarried,Black,Female,0,0,40,United-States,<=50K,45_54,35_40
19,Private,263568,10th,6,Never-married,Handlers-cleaners,Own-child,White,Male,594,0,35,United-States,<=50K,under_25,35_40
22,Private,369084,Some-college,10,Never-married,Craft-repair,Own-child,White,Male,0,0,40,United-States,<=50K,under_25,35_40
19,Private,84250,Some-college,10,Never-married,Sales,Own-child,White,Female,0,0,22,United-States,<=50K,under_25,under_35
39,Private,189404,Bachelors,13,Married-civ-spouse,Tech-support,Husband,White,Male,0,0,40,United-States,>50K,35_44,35_40
44,Private,271756,HS-grad,9,Married-civ-spouse,Adm-clerical,Husband,Black,Male,0,0,40,United-States,>50K,35_44,35_40
36,Private,141029,HS-grad,9,Separated,Craft-repair,Unmarried,White,Female,0,0,40,United-States,<=50K,35_44,35_40
26,Private,167350,HS-grad,9,Married-civ-spouse,Craft-repair,Husband,White,Male,0,0,45,United-States,<=50K,25_34,41_49
62,State-gov,160062,HS-grad,9,Married-civ-spouse,Transport-moving,Husband,White,Male,0,0,44,United-States,<=50K,55_plus,41_49
20,Private,190290,Some-college,10,Never-married,Transport-moving,Own-child,White,Male,0,1602,40,United-States,<=50K,under_25,35_40
26,Private,331806,HS-grad,9,Never-married,Transport-moving,Not-in-family,Black,Male,0,0,37,United-States,<=50K,25_34,35_40
24,Private,271354,HS-grad,9,Married-civ-spouse,Other-service,Husband,White,Male,0,0,40,United-States,<=50K,under_25,35_40
62,Self-emp-not-inc,142139,HS-grad,9,Married-civ-spouse,Transport-moving,Husband,White,Male,0,0,30,United-States,<=50K,55_plus,under_35
52,Private,251585,10th,6,Married-civ-spouse,Transport-moving,Husband,White,Male,0,0,55,United-States,<=50K,45_54,50_plus
43,Federal-gov,111483,Assoc-voc,11,Married-civ-spouse,Prof-specialty,Husband,White,Male,3103,0,40,United-States,>50K,35_44,35_40
23,Private,129980,Some-college,10,Never-married,Handlers-cleaners,Other-relative,White,Male,0,0,40,United-States,<=50K,under_25,35_40
42,Private,200610,HS-grad,9,Married-civ-spouse,Craft-repair,Husband,White,Male,0,1740,60,United-States,<=50K,35_44,50_plus
48,State-gov,54985,Bachelors,13,Married-civ-spouse,Prof-specialty,Husband,White,Male,0,0,40,United-States,<=50K,45_54,35_40
23,Private,204226,Some-college,10,Never-married,Adm-clerical,Not-in-family,White,Female,0,0,40,United-States,<=50K,under_25,35_40
35,Private,285000,Bachelors,13,Never-married,Prof-specialty,Not-in-family,White,Male,0,0,45,United-States,<=50K,35_44,41_49
37,Private,196434,Some-college,10,Married-civ-spouse,Sales,Husband,White,Male,0,0,40,United-States,>50K,35_44,35_40
52,Private,191968,HS-grad,9,Never-married,Adm-clerical,Not-in-family,White,Female,0,0,40,United-States,<=50K,45_54,35_40
24,Private,214399,Bachelors,13,Never-married,Prof-specialty,Own-child,White,Female,0,0,55,United-States,<=50K,under_25,50_plus
27,Private,420351,HS-grad,9,Never-married,Adm-clerical,Not-in-family,White,Male,0,0,45,United-States,<=50K,25_34,41_49
48,Private,59380,Some-college,10,Never-married,Prof-specialty,Unmarried,White,Female,0,0,45,United-States,<=50K,45_54,41_49
21,Private,186452,Some-college,10,Never-married,Other-service,Own-child,White,Male,0,0,35,United-States,<=50K,under_25,35_40
68,Local-gov,212932,10th,6,Married-civ-spouse,Other-service,Husband,Black,Male,0,0,20,United-States,<=50K,55_plus,under_35
29,Self-emp-not-inc,132267,Assoc-acdm,12,Married-civ-spouse,Tech-support,Husband,White,Male,0,0,60,United-States,<=50K,25_34,50_plus
34,Private,93699,HS-grad,9,Separated,Sales,Unmarried,White,Female,0,0,50,United-States,<=50K,25_34,50_plus
48,Private,277946,HS-grad,9,Married-civ-spouse,Craft-repair,Husband,White,Male,0,0,40,United-States,<=50K,45_54,35_40
19,,187161,HS-grad,9,Married-civ-spouse,,Own-child,White,Female,0,0,20,United-States,<=50K,under_25,under_35
28,Private,208725,Prof-school,15,Married-civ-spouse,Prof-specialty,Husband,White,Male,0,0,50,United-States,>50K,25_34,50_plus
29,Private,375313,Some-college,10,Never-married,Craft-repair,Not-in-family,Asian-Pac-Islander,Male,0,0,45,Philippines,<=50K,25_34,41_49
35,State-gov,223725,Assoc-acdm,12,Married-civ-spouse,Prof-specialty,Husband,White,Male,0,0,65,United-States,<=50K,35_44,50_plus
22,,125040,Some-college,10,Never-married,,Own-child,White,Male,0,0,40,United-States,<=50K,under_25,35_40
50,Local-gov,24013,Masters,14,Married-civ-spouse,Exec-managerial,Husband,White,Male,0,0,55,United-States,>50K,45_54,50_plus
41,Private,409902,10th,6,Separated,Other-service,Unmarried,Black,Female,0,0,33,United-States,<=50K,35_44,under_35
55,Private,178353,9th,5,Divorced,Machine-op-inspct,Not-in-family,White,Male,10520,0,60,United-States,>50K,55_plus,50_plus
43,Private,169076,HS-grad,9,Married-civ-spouse,Machine-op-inspct,Husband,Black,Male,0,0,40,United-States,<=50K,35_44,35_40
62,Private,202958,Some-college,10,Married-civ-spouse,Machine-op-inspct,Husband,White,Male,0,0,40,United-States,<=50K,55_plus,35_40
21,Private,131230,Some-college,10,Never-married,Tech-support,Own-child,White,Male,0,0,30,United-States,<=50K,under_25,under_35
46,Private,230806,Some-college,10,Never-married,Exec-managerial,Not-in-family,White,Female,0,0,40,United-States,<=50K,45_54,35_40
40,Private,133986,10th,6,Separated,Transport-moving,Unmarried,White,Female,0,0,70,United-States,<=50K,35_44,50_plus
31,Private,236543,5th-6th,3,Married-civ-spouse,Handlers-cleaners,Husband,White,Male,0,0,40,Mexico,<=50K,25_34,35_40
62,Self-emp-not-inc,243733,Masters,14,Married-civ-spouse,Prof-specialty,Husband,White,Male,7298,0,70,United-States,>50K,55_plus,50_plus
33,Local-gov,93585,Masters,14,Never-married,Prof-specialty,Not-in-family,White,Female,0,0,40,United-States,<=50K,25_34,35_40
40,Private,199191,Masters,14,Divorced,Exec-managerial,Not-in-family,White,Female,0,0,50,England,>50K,35_44,50_plus
50,Self-emp-inc,193720,HS-grad,9,Married-civ-spouse,Exec-managerial,Husband,White,Male,0,0,70,Greece,>50K,45_54,50_plus
44,Private,27242,Assoc-acdm,12,Married-civ-spouse,Craft-repair,Husband,White,Male,0,0,40,Philippines,<=50K,35_44,35_40
33,Private,295591,Preschool,1,Never-married,Farming-fishing,Not-in-family,White,Male,0,0,40,Mexico,<=50K,25_34,35_40
31,Private,209529,11th,7,Married-civ-spouse,Adm-clerical,Husband,White,Male,0,0,40,Puerto-Rico,<=50K,25_34,35_40
64,Private,134912,HS-grad,9,Married-civ-spouse,Exec-managerial,Husband,White,Male,0,0,12,United-States,<=50K,55_plus,under_35
19,,80978,HS-grad,9,Never-married,,Own-child,White,Female,0,0,25,United-States,<=50K,under_25,under_35
54,Private,146325,Bachelors,13,Married-civ-spouse,Adm-clerical,Husband,White,Male,0,0,40,United-States,>50K,45_54,35_40
50,Private,38540,HS-grad,9,Married-civ-spouse,Exec-managerial,Husband,White,Male,0,0,40,United-States,<=50K,45_54,35_40
65,Self-emp-not-inc,172906,Assoc-acdm,12,Widowed,Prof-specialty,Not-in-family,White,Female,0,0,50,United-States,>50K,55_plus,50_plus
30,Private,161444,Assoc-voc,11,Married-civ-spouse,Handlers-cleaners,Husband,White,Male,0,0,38,United-States,<=50K,25_34,35_40
27,Private,82242,Bachelors,13,Never-married,Exec-managerial,Other-relative,White,Male,0,0,45,Germany,<=50K,25_34,41_49
35,Self-emp-inc,152307,HS-grad,9,Married-civ-spouse,Craft-repair,Husband,White,Male,0,1485,40,United-States,<=50K,35_44,35_40
28,Self-emp-not-inc,149141,Some-college,10,Married-civ-spouse,Craft-repair,Husband,White,Male,0,0,45,United-States,>50K,25_34,41_49
20,,96483,Some-college,10,Never-married,,Own-child,Asian-Pac-Islander,Female,0,0,8,United-States,<=50K,under_25,under_35
32,Private,107142,Assoc-voc,11,Married-civ-spouse,Craft-repair,Husband,White,Male,5013,0,50,United-States,<=50K,25_34,50_plus
36,Private,276276,Some-college,10,Divorced,Sales,Not-in-family,White,Male,0,0,40,United-States,<=50K,35_44,35_40
31,Private,375221,11th,7,Never-married,Transport-moving,Not-in-family,Black,Male,0,0,35,United-States,<=50K,25_34,35_40
30,Private,194971,HS-grad,9,Married-civ-spouse,Other-service,Husband,Asian-Pac-Islander,Male,0,0,52,China,<=50K,25_34,50_plus
54,Local-gov,277777,Bachelors,13,Married-civ-spouse,Prof-specialty,Wife,White,Female,3103,0,40,United-States,>50K,45_54,35_40
32,Local-gov,247156,HS-grad,9,Married-civ-spouse,Other-service,Husband,Black,Male,3103,0,38,United-States,>50K,25_34,35_40
46,Private,409443,5th-6th,3,Married-civ-spouse,Handlers-cleaners,Husband,White,Male,0,0,25,Mexico,<=50K,45_54,under_35
30,Self-emp-not-inc,255424,Prof-school,15,Married-civ-spouse,Prof-specialty,Husband,White,Male,0,0,55,United-States,<=50K,25_34,50_plus
36,Private,275338,Bachelors,13,Married-civ-spouse,Exec-managerial,Wife,White,Female,0,0,40,United-States,>50K,35_44,35_40
23,Private,410446,HS-grad,9,Never-married,Craft-repair,Own-child,White,Male,0,0,40,United-States,<=50K,under_25,35_40
22,,379883,Some-college,10,Never-married,,Own-child,White,Female,0,0,40,United-States,<=50K,under_25,35_40
19,Private,70505,Some-college,10,Never-married,Other-service,Not-in-family,White,Female,0,0,20,United-States,<=50K,under_25,under_35
33,Private,441949,Some-college,10,Never-married,Handlers-cleaners,Own-child,White,Male,0,0,24,United-States,<=50K,25_34,under_35
49,Private,103123,Bachelors,13,Married-civ-spouse,Handlers-cleaners,Husband,White,Male,0,0,40,United-States,>50K,45_54,35_40
47,Private,31141,Masters,14,Married-civ-spouse,Tech-support,Husband,White,Male,0,0,40,United-States,>50K,45_54,35_40
32,Private,220066,Some-college,10,Never-married,Sales,Not-in-family,White,Female,0,0,40,United-States,<=50K,25_34,35_40
23,Private,223019,Some-college,10,Married-civ-spouse,Adm-clerical,Wife,White,Female,0,0,40,United-States,<=50K,under_25,35_40
32,Private,243243,HS-grad,9,Married-civ-spouse,Adm-clerical,Husband,White,Male,0,0,77,United-States,<=50K,25_34,50_plus
37,Local-gov,152587,Some-college,10,Never-married,Craft-repair,Not-in-family,White,Male,0,0,40,United-States,<=50K,35_44,35_40
37,Private,53703,Bachelors,13,Never-married,Craft-repair,Not-in-family,White,Male,0,0,40,United-States,<=50K,35_44,35_40
29,Private,244246,Some-college,10,Never-married,Craft-repair,Unmarried,White,Male,0,0,40,Poland,<=50K,25_34,35_40
63,State-gov,89451,Prof-school,15,Married-civ-spouse,Prof-specialty,Husband,White,Male,0,0,40,United-States,>50K,55_plus,35_40
40,Private,195124,HS-grad,9,Married-civ-spouse,Craft-repair,Husband,White,Male,0,0,40,Columbia,<=50K,35_44,35_40
37,Private,175232,Bachelors,13,Married-civ-spouse,Prof-specialty,Husband,White,Male,0,0,40,United-States,>50K,35_44,35_40
34,Private,61559,HS-grad,9,Never-married,Craft-repair,Not-in-family,White,Male,0,0,35,United-States,<=50K,25_34,35_40
33,Private,226296,HS-grad,9,Married-civ-spouse,Other-service,Husband,White,Male,0,1672,50,United-States,<=50K,25_34,50_plus
28,Private,181008,Bachelors,13,Married-civ-spouse,Exec-managerial,Husband,White,Male,0,0,50,England,>50K,25_34,50_plus
26,Private,194813,Some-college,10,Married-civ-spouse,Machine-op-inspct,Husband,White,Male,0,0,40,United-States,<=50K,25_34,35_40
46,Self-emp-not-inc,130779,Assoc-voc,11,Married-civ-spouse,Farming-fishing,Husband,White,Male,0,0,48,United-States,>50K,45_54,41_49
26,Private,210521,HS-grad,9,Married-civ-spouse,Craft-repair,Husband,White,Male,0,0,42,United-States,>50K,25_34,41_49
19,Private,244175,11th,7,Never-married,Sales,Own-child,White,Male,0,0,25,United-States,<=50K,under_25,under_35
42,Private,223763,Masters,14,Married-civ-spouse,Adm-clerical,Husband,White,Male,0,0,40,United-States,>50K,35_44,35_40
29,Private,133292,Some-college,10,Never-married,Adm-clerical,Own-child,Black,Male,0,0,40,United-States,<=50K,25_34,35_40
43,Private,316820,Assoc-acdm,12,Married-civ-spouse,Exec-managerial,Husband,White,Male,7688,0,40,United-States,>50K,35_44,35_40
45,Private,157980,HS-grad,9,Divorced,Adm-clerical,Unmarried,White,Female,0,0,32,United-States,<=50K,45_54,under_35
34,Private,393376,HS-grad,9,Never-married,Other-service,Unmarried,White,Female,0,0,40,United-States,<=50K,25_34,35_40
39,Self-emp-not-inc,198841,Bachelors,13,Married-civ-spouse,Prof-specialty,Husband,White,Male,0,0,60,Canada,>50K,35_44,50_plus
29,Private,626493,Bachelors,13,Never-married,Exec-managerial,Not-in-family,White,Male,0,0,40,United-States,<=50K,25_34,35_40
34,Local-gov,33731,Some-college,10,Married-civ-spouse,Transport-moving,Husband,White,Male,0,0,40,United-States,>50K,25_34,35_40
39,Private,140854,HS-grad,9,Married-civ-spouse,Transport-moving,Husband,White,Male,0,1902,60,United-States,>50K,35_44,50_plus
52,Private,279129,Masters,14,Married-civ-spouse,Exec-managerial,Husband,White,Male,0,0,60,United-States,>50K,45_54,50_plus
19,Private,391403,Some-college,10,Never-married,Adm-clerical,Own-child,White,Male,0,0,30,United-States,<=50K,under_25,under_35
45,Private,71145,Bachelors,13,Divorced,Exec-managerial,Unmarried,White,Male,0,0,45,United-States,>50K,45_54,41_49
25,Private,36943,Assoc-acdm,12,Divorced,Other-service,Not-in-family,White,Female,0,0,32,United-States,<=50K,25_34,under_35
21,Private,191324,Some-college,10,Never-married,Other-service,Own-child,White,Male,0,0,25,United-States,<=50K,under_25,under_35
38,Local-gov,187046,HS-grad,9,Married-civ-spouse,Protective-serv,Husband,White,Male,0,0,40,United-States,>50K,35_44,35_40
19,Private,456736,Some-college,10,Never-married,Other-service,Not-in-family,White,Male,0,0,35,United-States,<=50K,under_25,35_40
38,Self-emp-not-inc,230329,HS-grad,9,Married-civ-spouse,Sales,Husband,White,Male,0,0,48,United-States,<=50K,35_44,41_49
22,Private,443336,Some-college,10,Never-married,Other-service,Not-in-family,White,Female,0,0,25,United-States,<=50K,under_25,under_35
39,Federal-gov,388252,Bachelors,13,Never-married,Tech-support,Own-child,Black,Male,0,0,40,United-States,<=50K,35_44,35_40
25,Local-gov,58065,Bachelors,13,Married-civ-spouse,Prof-specialty,Wife,White,Female,0,0,50,United-States,<=50K,25_34,50_plus
23,Local-gov,307267,Bachelors,13,Never-married,Prof-specialty,Not-in-family,White,Female,0,0,10,United-States,<=50K,under_25,under_35
62,Private,155913,Assoc-acdm,12,Married-civ-spouse,Craft-repair,Husband,White,Male,0,0,40,United-States,>50K,55_plus,35_40
20,Private,151888,Some-college,10,Never-married,Craft-repair,Own-child,White,Male,0,0,40,United-States,<=50K,under_25,35_40
31,Private,263796,10th,6,Married-civ-spouse,Transport-moving,Husband,White,Male,0,0,50,United-States,<=50K,25_34,50_plus
32,Private,261319,Some-college,10,Married-civ-spouse,Craft-repair,Husband,White,Male,0,0,50,United-States,>50K,25_34,50_plus
37,Local-gov,343052,HS-grad,9,Separated,Adm-clerical,Unmarried,White,Female,0,0,40,United-States,<=50K,35_44,35_40
42,Private,259727,Bachelors,13,Divorced,Prof-specialty,Unmarried,Black,Female,25236,0,20,United-States,>50K,35_44,under_35
26,Private,220656,HS-grad,9,Never-married,Adm-clerical,Own-child,Black,Male,0,0,40,United-States,<=50K,25_34,35_40
35,Private,199501,Assoc-acdm,12,Divorced,Exec-managerial,Unmarried,Black,Female,0,0,50,Jamaica,<=50K,35_44,50_plus
41,Local-gov,106982,Bachelors,13,Married-civ-spouse,Prof-specialty,Wife,White,Female,0,0,52,United-States,<=50K,35_44,50_plus
17,Private,237399,11th,7,Never-married,Sales,Own-child,White,Male,0,0,20,United-States,<=50K,under_25,under_35
50,Private,178251,Masters,14,Married-civ-spouse,Adm-clerical,Wife,White,Female,0,0,40,United-States,>50K,45_54,35_40
59,Federal-gov,115842,HS-grad,9,Married-civ-spouse,Prof-specialty,Husband,White,Male,0,0,40,United-States,<=50K,55_plus,35_40
30,Private,295010,Some-college,10,Married-civ-spouse,Adm-clerical,Other-relative,White,Female,0,0,40,United-States,>50K,25_34,35_40
43,Private,190885,7th-8th,4,Widowed,Other-service,Unmarried,White,Female,0,0,38,Mexico,<=50K,35_44,35_40
67,,401273,Some-college,10,Widowed,,Not-in-family,White,Female,0,0,5,United-States,<=50K,55_plus,under_35
28,Private,153885,Some-college,10,Married-civ-spouse,Transport-moving,Wife,White,Female,0,0,45,United-States,<=50K,25_34,41_49
64,Self-emp-not-inc,21174,HS-grad,9,Married-civ-spouse,Craft-repair,Husband,White,Male,0,0,20,United-States,<=50K,55_plus,under_35
32,Private,101266,HS-grad,9,Married-civ-spouse,Other-service,Husband,White,Male,0,0,40,,<=50K,25_34,35_40
49,Private,220978,HS-grad,9,Married-civ-spouse,Craft-repair,Husband,White,Male,0,0,44,United-States,<=50K,45_54,41_49
36,Private,355468,10th,6,Separated,Sales,Not-in-family,White,Male,0,0,40,United-States,<=50K,35_44,35_40
64,Private,166843,HS-grad,9,Widowed,Other-service,Other-relative,White,Male,0,0,28,United-States,<=50K,55_plus,under_35
52,Private,184081,7th-8th,4,Married-civ-spouse,Machine-op-inspct,Husband,Black,Male,0,0,40,Jamaica,<=50K,45_54,35_40
62,Private,67320,HS-grad,9,Widowed,Other-service,Other-relative,Black,Female,0,0,40,United-States,<=50K,55_plus,35_40
58,Private,131608,Bachelors,13,Married-civ-spouse,Sales,Husband,White,Male,0,0,55,United-States,>50K,55_plus,50_plus
33,Private,104509,Bachelors,13,Never-married,Prof-specialty,Unmarried,White,Female,0,0,40,United-States,<=50K,25_34,35_40
27,Private,294451,11th,7,Married-civ-spouse,Farming-fishing,Husband,White,Male,0,0,40,United-States,<=50K,25_34,35_40
72,Self-emp-not-inc,207889,7th-8th,4,Married-civ-spouse,Farming-fishing,Husband,White,Male,0,0,50,United-States,<=50K,55_plus,50_plus
17,Private,181129,10th,6,Never-married,Sales,Own-child,White,Female,0,0,10,United-States,<=50K,under_25,under_35
33,Self-emp-not-inc,41210,Bachelors,13,Married-civ-spouse,Farming-fishing,Husband,White,Male,0,0,75,United-States,<=50K,25_34,50_plus
31,Local-gov,152109,Some-college,10,Married-civ-spouse,Adm-clerical,Husband,White,Male,0,0,30,United-States,<=50K,25_34,under_35
33,Self-emp-inc,137421,HS-grad,9,Married-civ-spouse,Sales,Husband,Asian-Pac-Islander,Male,0,0,45,South,<=50K,25_34,41_49
43,Self-emp-inc,375807,Bachelors,13,Married-civ-spouse,Sales,Husband,White,Male,0,1977,60,United-States,>50K,35_44,50_plus
53,Private,114758,Doctorate,16,Married-civ-spouse,Prof-specialty,Husband,White,Male,0,0,20,United-States,<=50K,45_54,under_35
38,Private,185053,Masters,14,Married-civ-spouse,Prof-specialty,Wife,White,Female,0,0,20,United-States,>50K,35_44,under_35
52,Self-emp-not-inc,182187,HS-grad,9,Married-civ-spouse,Transport-moving,Husband,Black,Male,0,0,40,Haiti,>50K,45_54,35_40
38,Private,100079,Doctorate,16,Married-spouse-absent,Prof-specialty,Not-in-family,Asian-Pac-Islander,Male,27828,0,60,China,>50K,35_44,50_plus
50,Private,138944,Bachelors,13,Married-civ-spouse,Sales,Husband,White,Male,0,0,60,United-States,<=50K,45_54,50_plus
54,,108233,Assoc-acdm,12,Separated,,Not-in-family,Black,Female,0,0,20,United-States,<=50K,45_54,under_35
35,Private,122747,Bachelors,13,Married-civ-spouse,Prof-specialty,Husband,White,Male,0,0,50,United-States,>50K,35_44,50_plus
50,Private,69477,10th,6,Married-civ-spouse,Farming-fishing,Husband,White,Male,0,0,45,United-States,<=50K,45_54,41_49
21,,202989,Some-college,10,Never-married,,Own-child,White,Male,0,0,80,United-States,<=50K,under_25,50_plus
31,Self-emp-not-inc,175509,HS-grad,9,Divorced,Tech-support,Not-in-family,White,Male,0,0,60,United-States,<=50K,25_34,50_plus
42,Private,297266,Some-college,10,Married-civ-spouse,Sales,Husband,White,Male,0,0,90,United-States,>50K,35_44,50_plus
32,Self-emp-not-inc,45604,Bachelors,13,Married-civ-spouse,Farming-fishing,Husband,White,Male,0,0,70,United-States,<=50K,25_34,50_plus
31,Private,101562,Some-college,10,Divorced,Other-service,Own-child,White,Female,0,0,35,United-States,<=50K,25_34,35_40
23,Private,372898,HS-grad,9,Married-civ-spouse,Sales,Wife,White,Female,0,0,40,United-States,<=50K,under_25,35_40
35,Private,215323,Bachelors,13,Married-civ-spouse,Other-service,Husband,White,Male,0,0,40,United-States,<=50K,35_44,35_40
28,Private,150025,Some-college,10,Never-married,Farming-fishing,Not-in-family,White,Male,0,0,40,Peru,<=50K,25_34,35_40
20,Private,438321,HS-grad,9,Never-married,Machine-op-inspct,Not-in-family,White,Male,0,0,50,United-States,<=50K,under_25,50_plus
56,,141076,HS-grad,9,Divorced,,Not-in-family,Black,Female,3674,0,40,United-States,<=50K,55_plus,35_40
59,Private,168145,HS-grad,9,Divorced,Craft-repair,Not-in-family,White,Female,0,0,40,United-States,<=50K,55_plus,35_40
31,Local-gov,265426,Bachelors,13,Never-married,Prof-specialty,Own-child,White,Female,0,0,30,United-States,<=50K,25_34,under_35
46,,140782,HS-grad,9,Separated,,Own-child,White,Female,0,0,36,United-States,<=50K,45_54,35_40
27,,173178,Some-college,10,Never-married,,Not-in-family,Black,Male,0,0,36,United-States,<=50K,25_34,35_40
45,Private,105381,Some-college,10,Divorced,Machine-op-inspct,Not-in-family,White,Female,0,0,40,United-States,<=50K,45_54,35_40
66,Private,146810,HS-grad,9,Married-civ-spouse,Transport-moving,Husband,White,Male,0,0,24,United-States,<=50K,55_plus,under_35
30,Local-gov,94041,Bachelors,13,Never-married,Tech-support,Not-in-family,White,Male,3325,0,35,United-States,<=50K,25_34,35_40
25,Private,332409,Assoc-voc,11,Married-civ-spouse,Craft-repair,Husband,White,Male,0,0,40,United-States,>50K,25_34,35_40
27,Local-gov,24988,Assoc-voc,11,Never-married,Tech-support,Not-in-family,White,Female,0,1564,72,United-States,>50K,25_34,50_plus
44,Local-gov,277533,Some-college,10,Married-civ-spouse,Protective-serv,Husband,White,Male,0,0,40,United-States,>50K,35_44,35_40
37,Self-emp-not-inc,119992,HS-grad,9,Married-civ-spouse,Farming-fishing,Husband,White,Male,0,0,99,United-States,<=50K,35_44,50_plus
33,Private,427812,9th,5,Married-civ-spouse,Handlers-cleaners,Husband,White,Male,0,0,40,Puerto-Rico,<=50K,25_34,35_40
50,State-gov,139157,Masters,14,Divorced,Prof-specialty,Not-in-family,White,Male,0,0,60,United-States,>50K,45_54,50_plus
44,Self-emp-inc,171615,Prof-school,15,Married-civ-spouse,Prof-specialty,Husband,White,Male,0,0,55,United-States,>50K,35_44,50_plus
41,Private,170685,Some-college,10,Divorced,Sales,Unmarried,White,Male,0,0,46,United-States,<=50K,35_44,41_49
25,Private,223426,Assoc-voc,11,Never-married,Sales,Not-in-family,White,Male,0,0,65,Canada,>50K,25_34,50_plus
41,Local-gov,216116,HS-grad,9,Divorced,Protective-serv,Unmarried,Black,Female,0,0,40,United-States,>50K,35_44,35_40
46,Private,145290,Assoc-voc,11,Married-civ-spouse,Sales,Husband,White,Male,0,0,40,United-States,>50K,45_54,35_40
53,Private,291096,1st-4th,2,Divorced,Machine-op-inspct,Not-in-family,White,Male,0,0,40,United-States,<=50K,45_54,35_40
29,Private,160786,Some-college,10,Married-civ-spouse,Machine-op-inspct,Husband,White,Male,0,0,46,United-States,<=50K,25_34,41_49
39,Private,256294,HS-grad,9,Married-civ-spouse,Other-service,Husband,Black,Male,0,0,40,United-States,<=50K,35_44,35_40
33,Private,251990,HS-grad,9,Separated,Adm-clerical,Not-in-family,Other,Male,0,0,37,United-States,<=50K,25_34,35_40
31,Self-emp-not-inc,197193,HS-grad,9,Never-married,Other-service,Not-in-family,White,Male,0,0,27,United-States,<=50K,25_34,under_35
42,Private,171351,HS-grad,9,Married-civ-spouse,Handlers-cleaners,Husband,White,Male,0,0,40,United-States,<=50K,35_44,35_40
46,Federal-gov,362835,Assoc-acdm,12,Married-civ-spouse,Prof-specialty,Husband,White,Male,0,0,40,Germany,>50K,45_54,35_40
50,Private,243322,HS-grad,9,Married-spouse-absent,Transport-moving,Not-in-family,White,Male,0,0,45,United-States,<=50K,45_54,41_49
41,Private,304605,HS-grad,9,Married-civ-spouse,Craft-repair,Husband,White,Male,0,0,40,Canada,>50K,35_44,35_40
42,Private,33155,HS-grad,9,Married-civ-spouse,Craft-repair,Husband,White,Male,0,0,85,United-States,<=50K,35_44,50_plus
31,Private,441949,Some-college,10,Married-civ-spouse,Tech-support,Husband,White,Male,0,0,40,Mexico,>50K,25_34,35_40
60,Self-emp-not-inc,36568,9th,5,Married-civ-spouse,Transport-moving,Husband,White,Male,0,0,70,United-States,<=50K,55_plus,50_plus
18,Private,87135,11th,7,Never-married,Other-service,Own-child,White,Male,0,0,15,United-States,<=50K,under_25,under_35
46,Self-emp-not-inc,138626,HS-grad,9,Married-civ-spouse,Exec-managerial,Husband,White,Male,0,0,40,United-States,>50K,45_54,35_40
53,Self-emp-not-inc,276369,HS-grad,9,Married-civ-spouse,Farming-fishing,Husband,White,Male,0,0,99,United-States,<=50K,45_54,50_plus
37,State-gov,164898,Bachelors,13,Married-civ-spouse,Prof-specialty,Husband,White,Male,0,0,40,United-States,>50K,35_44,35_40
43,Local-gov,343068,Masters,14,Divorced,Prof-specialty,Not-in-family,White,Female,0,0,65,United-States,<=50K,35_44,50_plus
29,Private,118598,HS-grad,9,Never-married,Machine-op-inspct,Unmarried,Black,Female,0,0,40,United-States,<=50K,25_34,35_40
44,Private,33895,HS-grad,9,Divorced,Other-service,Unmarried,White,Female,0,0,40,United-States,<=50K,35_44,35_40
38,Private,289653,Assoc-voc,11,Widowed,Machine-op-inspct,Not-in-family,White,Male,0,0,40,United-States,<=50K,35_44,35_40
33,Private,374833,1st-4th,2,Married-spouse-absent,Farming-fishing,Unmarried,White,Male,0,0,40,Mexico,<=50K,25_34,35_40
44,Private,240448,HS-grad,9,Never-married,Handlers-cleaners,Own-child,White,Female,0,0,20,United-States,<=50K,35_44,under_35
40,Private,54102,Some-college,10,Divorced,Sales,Not-in-family,White,Female,0,0,20,United-States,<=50K,35_44,under_35
37,Private,91716,HS-grad,9,Divorced,Sales,Unmarried,White,Male,0,0,75,United-States,<=50K,35_44,50_plus
59,Private,129762,Some-college,10,Never-married,Adm-clerical,Unmarried,White,Female,0,0,40,Scotland,<=50K,55_plus,35_40
22,,129767,Assoc-acdm,12,Never-married,,Own-child,White,Female,0,0,5,United-States,<=50K,under_25,under_35
30,Private,119411,HS-grad,9,Never-married,Other-service,Not-in-family,White,Male,0,0,40,,<=50K,25_34,35_40
31,Private,157640,Bachelors,13,Married-civ-spouse,Sales,Husband,White,Male,7688,0,55,United-States,>50K,25_34,50_plus
39,Private,181384,Assoc-acdm,12,Never-married,Adm-clerical,Not-in-family,White,Male,0,0,20,United-States,<=50K,35_44,under_35
25,Private,164488,Some-college,10,Divorced,Craft-repair,Not-in-family,White,Male,0,0,40,United-States,<=50K,25_34,35_40
19,Private,124906,Some-college,10,Never-married,Adm-clerical,Own-child,White,Female,0,1719,25,United-States,<=50K,under_25,under_35
35,Private,143059,HS-grad,9,Married-civ-spouse,Transport-moving,Wife,White,Female,0,1902,28,United-States,>50K,35_44,under_35
41,Private,284716,HS-grad,9,Separated,Other-service,Unmarried,White,Female,0,0,15,United-States,<=50K,35_44,under_35
26,Self-emp-inc,384276,Some-college,10,Married-civ-spouse,Exec-managerial,Husband,White,Male,0,0,60,United-States,>50K,25_34,50_plus
46,Self-emp-not-inc,368355,Bachelors,13,Married-civ-spouse,Sales,Husband,White,Male,0,0,60,United-States,>50K,45_54,50_plus
62,Private,180418,12th,8,Never-married,Craft-repair,Unmarried,White,Male,0,0,40,United-States,<=50K,55_plus,35_40
35,Self-emp-not-inc,45880,Bachelors,13,Married-civ-spouse,Sales,Husband,White,Male,0,0,40,United-States,<=50K,35_44,35_40
27,Private,91257,HS-grad,9,Married-civ-spouse,Other-service,Husband,White,Male,0,0,40,El-Salvador,<=50K,25_34,35_40
33,Private,185177,HS-grad,9,Never-married,Machine-op-inspct,Not-in-family,White,Male,0,0,40,United-States,<=50K,25_34,35_40
35,Private,191807,Assoc-voc,11,Married-civ-spouse,Tech-support,Husband,White,Male,0,0,40,United-States,<=50K,35_44,35_40
39,Private,224466,Some-college,10,Divorced,Craft-repair,Unmarried,Black,Male,0,0,24,United-States,<=50K,35_44,under_35
30,Private,315203,7th-8th,4,Never-married,Other-service,Not-in-family,White,Female,0,0,30,Dominican-Republic,<=50K,25_34,under_35
44,Private,304175,Bachelors,13,Divorced,Sales,Not-in-family,White,Male,0,0,40,United-States,>50K,35_44,35_40
35,Private,151835,HS-grad,9,Married-civ-spouse,Machine-op-inspct,Husband,White,Male,0,0,45,United-States,>50K,35_44,41_49
44,Private,136986,Doctorate,16,Married-civ-spouse,Prof-specialty,Husband,White,Male,0,0,50,United-States,>50K,35_44,50_plus
29,Private,445480,12th,8,Married-civ-spouse,Machine-op-inspct,Other-relative,White,Male,0,0,40,United-States,<=50K,25_34,35_40
59,Private,159770,Assoc-acdm,12,Married-civ-spouse,Exec-managerial,Husband,White,Male,0,0,40,United-States,>50K,55_plus,35_40
36,Private,162358,Masters,14,Never-married,Prof-specialty,Not-in-family,White,Female,0,1408,40,United-States,<=50K,35_44,35_40
42,State-gov,273869,HS-grad,9,Divorced,Protective-serv,Unmarried,White,Female,0,0,40,United-States,<=50K,35_44,35_40
18,Private,163460,Some-college,10,Never-married,Sales,Own-child,Black,Male,0,0,20,United-States,<=50K,under_25,under_35
33,Private,101867,HS-grad,9,Never-married,Machine-op-inspct,Unmarried,Asian-Pac-Islander,Male,0,0,40,Philippines,<=50K,25_34,35_40
65,Local-gov,382245,HS-grad,9,Widowed,Exec-managerial,Unmarried,White,Female,0,0,40,United-States,<=50K,55_plus,35_40
17,Private,98572,11th,7,Never-married,Sales,Not-in-family,White,Female,0,0,20,United-States,<=50K,under_25,under_35
47,,308499,HS-grad,9,Divorced,,Unmarried,White,Female,0,0,40,United-States,<=50K,45_54,35_40
34,Private,108837,Bachelors,13,Married-civ-spouse,Tech-support,Husband,White,Male,0,0,48,United-States,>50K,25_34,41_49
50,Private,200325,Some-college,10,Divorced,Exec-managerial,Not-in-family,White,Female,0,0,40,United-States,<=50K,45_54,35_40
34,Private,275771,HS-grad,9,Divorced,Exec-managerial,Unmarried,White,Female,0,0,50,United-States,<=50K,25_34,50_plus
58,Local-gov,33386,Some-college,10,Widowed,Adm-clerical,Other-relative,White,Female,0,0,25,United-States,<=50K,55_plus,under_35
55,Federal-gov,272339,HS-grad,9,Widowed,Adm-clerical,Unmarried,White,Female,0,0,40,United-States,<=50K,55_plus,35_40
21,Private,130534,10th,6,Never-married,Craft-repair,Not-in-family,White,Male,0,0,50,United-States,<=50K,under_25,50_plus
31,Private,203488,Bachelors,13,Married-civ-spouse,Sales,Husband,White,Male,0,1977,45,United-States,>50K,25_34,41_49
70,Self-emp-inc,217801,Bachelors,13,Married-civ-spouse,Sales,Husband,White,Male,0,0,15,United-States,<=50K,55_plus,under_35
23,,234108,Some-college,10,Never-married,,Not-in-family,White,Male,0,0,40,United-States,<=50K,under_25,35_40
44,Private,270147,Bachelors,13,Married-civ-spouse,Exec-managerial,Wife,White,Female,0,0,45,United-States,>50K,35_44,41_49
22,,268145,HS-grad,9,Never-married,,Not-in-family,White,Female,0,0,40,United-States,<=50K,under_25,35_40
67,State-gov,167687,HS-grad,9,Married-civ-spouse,Exec-managerial,Husband,White,Male,3456,0,35,United-States,<=50K,55_plus,35_40
51,Federal-gov,378126,HS-grad,9,Divorced,Adm-clerical,Unmarried,White,Female,0,1980,40,United-States,<=50K,45_54,35_40
24,Private,255252,HS-grad,9,Never-married,Craft-repair,Not-in-family,White,Male,0,0,40,United-States,<=50K,under_25,35_40
26,Private,207258,Some-college,10,Never-married,Exec-managerial,Own-child,White,Female,0,0,40,United-States,<=50K,25_34,35_40
33,Private,268996,Assoc-voc,11,Divorced,Sales,Not-in-family,White,Male,0,0,25,United-States,<=50K,25_34,under_35
48,Local-gov,127675,Masters,14,Widowed,Prof-specialty,Unmarried,White,Female,0,0,44,United-States,<=50K,45_54,41_49
63,Private,546118,Some-college,10,Married-civ-spouse,Exec-managerial,Husband,White,Male,0,0,35,United-States,>50K,55_plus,35_40
23,Private,48988,Some-college,10,Never-married,Adm-clerical,Not-in-family,White,Male,0,0,50,United-States,<=50K,under_25,50_plus
23,Private,189194,Some-college,10,Never-married,Machine-op-inspct,Own-child,White,Male,0,0,40,United-States,<=50K,under_25,35_40
50,Private,98815,Assoc-voc,11,Married-civ-spouse,Adm-clerical,Husband,White,Male,0,0,46,United-States,>50K,45_54,41_49
23,Private,358355,5th-6th,3,Married-civ-spouse,Handlers-cleaners,Wife,White,Female,0,0,40,Mexico,<=50K,under_25,35_40
51,State-gov,250807,Some-college,10,Never-married,Exec-managerial,Not-in-family,White,Male,0,0,40,United-States,<=50K,45_54,35_40
27,Private,126060,Assoc-voc,11,Never-married,Prof-specialty,Not-in-family,White,Female,0,0,35,United-States,<=50K,25_34,35_40
52,State-gov,168035,Some-college,10,Married-civ-spouse,Tech-support,Husband,White,Male,0,0,45,United-States,<=50K,45_54,41_49
29,Private,146764,Some-college,10,Divorced,Adm-clerical,Not-in-family,White,Female,0,0,35,United-States,<=50K,25_34,35_40
34,Local-gov,80411,Some-college,10,Married-civ-spouse,Protective-serv,Husband,White,Male,0,0,40,United-States,<=50K,25_34,35_40
39,Private,161295,Assoc-acdm,12,Divorced,Adm-clerical,Unmarried,White,Female,0,0,40,United-States,>50K,35_44,35_40
43,Self-emp-inc,25005,Some-college,10,Married-civ-spouse,Exec-managerial,Husband,White,Male,0,0,40,United-States,<=50K,35_44,35_40
31,Private,118551,HS-grad,9,Never-married,Tech-support,Not-in-family,White,Female,0,0,40,United-States,<=50K,25_34,35_40
28,Private,292120,Some-college,10,Never-married,Adm-clerical,Own-child,White,Female,0,0,42,United-States,<=50K,25_34,41_49
23,Private,308647,Assoc-voc,11,Married-civ-spouse,Tech-support,Husband,White,Male,0,1887,40,United-States,>50K,under_25,35_40
42,Private,23157,Bachelors,13,Married-civ-spouse,Prof-specialty,Husband,White,Male,0,0,50,United-States,>50K,35_44,50_plus
45,Private,165346,Some-college,10,Divorced,Exec-managerial,Unmarried,White,Female,0,0,64,United-States,<=50K,45_54,50_plus
31,Private,101266,Assoc-acdm,12,Married-civ-spouse,Craft-repair,Husband,White,Male,0,0,40,United-States,<=50K,25_34,35_40
36,Private,34173,Bachelors,13,Married-civ-spouse,Machine-op-inspct,Wife,White,Female,0,0,20,United-States,<=50K,35_44,under_35
25,Private,409815,Assoc-voc,11,Never-married,Exec-managerial,Not-in-family,Black,Female,0,0,40,United-States,<=50K,25_34,35_40
38,Private,212143,Some-college,10,Married-civ-spouse,Exec-managerial,Wife,White,Female,0,0,35,United-States,>50K,35_44,35_40
37,Private,107302,Some-college,10,Married-civ-spouse,Prof-specialty,Husband,White,Male,15024,0,45,United-States,>50K,35_44,41_49
45,,214800,HS-grad,9,Married-civ-spouse,,Husband,White,Male,0,0,12,United-States,<=50K,45_54,under_35
54,Private,209464,Some-college,10,Divorced,Adm-clerical,Unmarried,White,Female,0,0,40,United-States,<=50K,45_54,35_40
82,Self-emp-not-inc,121944,7th-8th,4,Married-civ-spouse,Exec-managerial,Husband,White,Male,0,0,40,United-States,<=50K,55_plus,35_40
54,Private,186224,Masters,14,Never-married,Prof-specialty,Not-in-family,White,Male,0,0,40,United-States,>50K,45_54,35_40
40,Private,266803,Masters,14,Married-civ-spouse,Prof-specialty,Wife,White,Female,15024,0,50,Canada,>50K,35_44,50_plus
51,Private,299831,Assoc-voc,11,Never-married,Prof-specialty,Own-child,White,Female,0,0,40,United-States,<=50K,45_54,35_40
34,Private,207685,Bachelors,13,Separated,Prof-specialty,Unmarried,Black,Female,0,0,39,United-States,<=50K,25_34,35_40
25,Private,221078,HS-grad,9,Never-married,Sales,Not-in-family,White,Female,0,0,35,United-States,<=50K,25_34,35_40
45,Local-gov,186375,Assoc-voc,11,Married-civ-spouse,Protective-serv,Husband,White,Male,0,0,40,United-States,<=50K,45_54,35_40
34,Private,121321,HS-grad,9,Married-civ-spouse,Transport-moving,Husband,White,Male,0,0,50,United-States,>50K,25_34,50_plus
42,Private,198955,9th,5,Divorced,Machine-op-inspct,Not-in-family,Black,Female,0,0,46,United-States,<=50K,35_44,41_49
71,,365996,HS-grad,9,Widowed,,Unmarried,White,Female,6612,0,42,United-States,>50K,55_plus,41_49
64,,117349,HS-grad,9,Married-civ-spouse,,Husband,White,Male,0,0,24,United-States,<=50K,55_plus,under_35
36,Private,290861,11th,7,Married-spouse-absent,Craft-repair,Not-in-family,Black,Male,0,0,40,United-States,<=50K,35_44,35_40
52,,73117,HS-grad,9,Divorced,,Unmarried,White,Female,0,0,38,United-States,<=50K,45_54,35_40
38,Federal-gov,337505,Some-college,10,Married-civ-spouse,Adm-clerical,Husband,Asian-Pac-Islander,Male,0,0,40,Philippines,>50K,35_44,35_40
35,Private,399601,HS-grad,9,Married-civ-spouse,Prof-specialty,Husband,White,Male,0,0,50,United-States,>50K,35_44,50_plus
25,Private,270379,HS-grad,9,Never-married,Tech-support,Other-relative,Black,Female,0,0,35,United-States,<=50K,25_34,35_40
23,Private,154641,HS-grad,9,Never-married,Handlers-cleaners,Own-child,White,Male,0,0,40,United-States,<=50K,under_25,35_40
66,Private,127139,Some-college,10,Married-civ-spouse,Exec-managerial,Husband,White,Male,0,0,40,United-States,>50K,55_plus,35_40
56,Private,50490,HS-grad,9,Married-civ-spouse,Sales,Husband,White,Male,0,0,45,United-States,>50K,55_plus,41_49
50,Self-emp-not-inc,34067,Some-college,10,Married-civ-spouse,Farming-fishing,Husband,White,Male,0,0,60,United-States,>50K,45_54,50_plus
59,State-gov,49230,HS-grad,9,Widowed,Adm-clerical,Not-in-family,White,Female,0,0,40,United-States,<=50K,55_plus,35_40
20,Private,112706,11th,7,Never-married,Handlers-cleaners,Own-child,White,Male,0,0,39,United-States,<=50K,under_25,35_40
19,Private,197861,12th,8,Never-married,Craft-repair,Own-child,White,Male,0,0,15,United-States,<=50K,under_25,under_35
19,Private,38925,11th,7,Never-married,Other-service,Own-child,White,Male,0,0,40,United-States,<=50K,under_25,35_40
55,Private,173422,Some-college,10,Married-civ-spouse,Machine-op-inspct,Husband,White,Male,0,0,40,United-States,<=50K,55_plus,35_40
56,Private,159544,Masters,14,Married-civ-spouse,Prof-specialty,Husband,White,Male,0,0,60,United-States,<=50K,55_plus,50_plus
49,Private,222829,Masters,14,Married-civ-spouse,Prof-specialty,Husband,White,Male,0,0,42,United-States,>50K,45_54,41_49
38,Private,216845,5th-6th,3,Married-civ-spouse,Machine-op-inspct,Husband,White,Male,0,0,48,Mexico,<=50K,35_44,41_49
43,Private,343591,Masters,14,Divorced,Exec-managerial,Not-in-family,White,Female,0,0,50,United-States,<=50K,35_44,50_plus
29,Private,37088,Some-college,10,Married-civ-spouse,Craft-repair,Husband,White,Male,0,0,40,United-States,<=50K,25_34,35_40
17,Private,233781,11th,7,Never-married,Other-service,Own-child,Black,Male,0,0,18,United-States,<=50K,under_25,under_35
34,Self-emp-not-inc,169186,HS-grad,9,Married-civ-spouse,Farming-fishing,Husband,White,Male,0,0,50,United-States,<=50K,25_34,50_plus
39,Private,269168,Bachelors,13,Married-civ-spouse,Prof-specialty,Husband,Asian-Pac-Islander,Male,0,0,45,China,>50K,35_44,41_49
31,Private,246439,Assoc-acdm,12,Never-married,Tech-support,Own-child,White,Male,0,0,45,United-States,<=50K,25_34,41_49
30,Local-gov,263561,HS-grad,9,Married-civ-spouse,Protective-serv,Husband,White,Male,0,0,40,United-States,>50K,25_34,35_40
21,Private,259351,HS-grad,9,Never-married,Other-service,Other-relative,Amer-Indian-Eskimo,Male,0,0,40,Mexico,<=50K,under_25,35_40
31,Private,122612,Masters,14,Married-civ-spouse,Sales,Wife,Asian-Pac-Islander,Female,0,0,25,Japan,>50K,25_34,under_35
38,Private,184456,Some-college,10,Never-married,Other-service,Not-in-family,White,Male,0,0,50,Greece,<=50K,35_44,50_plus
23,Private,113511,HS-grad,9,Never-married,Craft-repair,Unmarried,White,Male,0,0,40,United-States,<=50K,under_25,35_40
53,Self-emp-inc,99185,HS-grad,9,Married-civ-spouse,Craft-repair,Husband,White,Male,0,0,80,Greece,<=50K,45_54,50_plus
46,Private,431515,Bachelors,13,Never-married,Handlers-cleaners,Not-in-family,White,Male,0,0,40,United-States,<=50K,45_54,35_40
38,Private,170174,HS-grad,9,Never-married,Prof-specialty,Not-in-family,White,Male,0,0,60,United-States,<=50K,35_44,50_plus
77,,180425,Masters,14,Married-civ-spouse,,Husband,White,Male,0,0,25,United-States,<=50K,55_plus,under_35
43,Private,149871,HS-grad,9,Never-married,Adm-clerical,Unmarried,Black,Female,0,0,40,United-States,<=50K,35_44,35_40
42,Self-emp-not-inc,221581,HS-grad,9,Married-spouse-absent,Craft-repair,Not-in-family,White,Female,0,0,40,United-States,<=50K,35_44,35_40
51,Private,202752,12th,8,Separated,Transport-moving,Not-in-family,Black,Male,0,0,40,United-States,<=50K,45_54,35_40
19,Local-gov,273187,HS-grad,9,Never-married,Protective-serv,Own-child,White,Female,0,0,36,United-States,<=50K,under_25,35_40
24,Private,218957,Some-college,10,Never-married,Protective-serv,Own-child,White,Male,0,0,24,,<=50K,under_25,under_35
48,Private,182715,HS-grad,9,Married-civ-spouse,Sales,Husband,White,Male,0,0,48,United-States,<=50K,45_54,41_49
43,Self-emp-not-inc,245056,Preschool,1,Married-civ-spouse,Transport-moving,Husband,Black,Male,0,0,40,Haiti,<=50K,35_44,35_40
29,Private,336624,Bachelors,13,Never-married,Prof-specialty,Not-in-family,White,Male,8614,0,40,United-States,>50K,25_34,35_40
42,,56483,Some-college,10,Married-AF-spouse,,Wife,White,Female,0,0,14,United-States,<=50K,35_44,under_35
52,Private,192666,12th,8,Separated,Machine-op-inspct,Unmarried,Black,Male,0,0,40,United-States,<=50K,45_54,35_40
33,Private,156602,Bachelors,13,Never-married,Sales,Own-child,White,Male,3325,0,43,United-States,<=50K,25_34,41_49
34,Private,169496,Some-college,10,Married-civ-spouse,Handlers-cleaners,Husband,White,Male,0,0,40,United-States,>50K,25_34,35_40
33,Private,174463,HS-grad,9,Never-married,Craft-repair,Own-child,White,Male,0,0,35,United-States,<=50K,25_34,35_40
31,Private,238816,Assoc-voc,11,Married-civ-spouse,Tech-support,Husband,White,Male,0,0,40,United-States,<=50K,25_34,35_40
20,,354351,Some-college,10,Never-married,,Own-child,White,Male,0,0,35,United-States,<=50K,under_25,35_40
19,Private,110998,Some-college,10,Never-married,Adm-clerical,Own-child,Asian-Pac-Islander,Female,0,0,40,Philippines,<=50K,under_25,35_40
17,Private,191535,11th,7,Never-married,Adm-clerical,Own-child,White,Male,0,0,7,United-States,<=50K,under_25,under_35
32,Self-emp-not-inc,199366,10th,6,Married-spouse-absent,Craft-repair,Own-child,White,Male,0,0,16,United-States,<=50K,25_34,under_35
34,Local-gov,484911,HS-grad,9,Never-married,Craft-repair,Not-in-family,Amer-Indian-Eskimo,Male,0,0,40,United-States,<=50K,25_34,35_40
55,Self-emp-not-inc,204502,HS-grad,9,Married-civ-spouse,Sales,Husband,White,Male,0,0,35,United-States,<=50K,55_plus,35_40
26,Private,250038,9th,5,Never-married,Farming-fishing,Other-relative,White,Male,0,0,40,Mexico,<=50K,25_34,35_40
53,Private,58535,HS-grad,9,Divorced,Sales,Not-in-family,White,Female,0,0,40,United-States,<=50K,45_54,35_40
53,Private,208122,Some-college,10,Married-civ-spouse,Transport-moving,Husband,Other,Male,0,0,60,United-States,>50K,45_54,50_plus
65,Private,113293,HS-grad,9,Married-civ-spouse,Craft-repair,Husband,White,Male,0,0,40,United-States,<=50K,55_plus,35_40
45,Local-gov,324550,Masters,14,Married-civ-spouse,Prof-specialty,Husband,White,Male,7688,0,40,United-States,>50K,45_54,35_40
19,Private,146189,11th,7,Never-married,Sales,Unmarried,Amer-Indian-Eskimo,Male,0,0,43,United-States,<=50K,under_25,41_49
19,Private,151806,Some-college,10,Never-married,Other-service,Not-in-family,White,Female,0,0,40,United-States,<=50K,under_25,35_40
34,Private,173854,Masters,14,Divorced,Exec-managerial,Not-in-family,White,Male,27828,0,60,United-States,>50K,25_34,50_plus
21,Private,143604,Some-college,10,Never-married,Adm-clerical,Own-child,White,Female,0,0,12,United-States,<=50K,under_25,under_35
38,State-gov,534775,Some-college,10,Never-married,Tech-support,Unmarried,Black,Female,0,0,50,United-States,<=50K,35_44,50_plus
39,Private,170174,Assoc-voc,11,Never-married,Adm-clerical,Own-child,White,Male,14344,0,40,United-States,>50K,35_44,35_40
32,Local-gov,257849,HS-grad,9,Married-civ-spouse,Transport-moving,Husband,White,Male,0,0,40,United-States,<=50K,25_34,35_40
36,Self-emp-inc,83748,Some-college,10,Married-civ-spouse,Exec-managerial,Other-relative,Asian-Pac-Islander,Female,0,0,70,South,<=50K,35_44,50_plus
50,State-gov,141608,HS-grad,9,Married-civ-spouse,Other-service,Wife,White,Female,0,0,30,United-States,<=50K,45_54,under_35
43,Self-emp-inc,27444,Bachelors,13,Married-civ-spouse,Sales,Husband,White,Male,99999,0,40,United-States,>50K,35_44,35_40
36,Private,139364,Bachelors,13,Married-spouse-absent,Exec-managerial,Not-in-family,White,Male,10520,0,40,Ireland,>50K,35_44,35_40
34,Self-emp-not-inc,173201,Masters,14,Never-married,Prof-specialty,Own-child,White,Male,0,0,50,Cuba,<=50K,25_34,50_plus
38,Self-emp-not-inc,143385,HS-grad,9,Married-civ-spouse,Craft-repair,Husband,White,Male,0,0,80,United-States,<=50K,35_44,50_plus
35,Private,341943,Some-college,10,Never-married,Exec-managerial,Not-in-family,White,Female,0,0,50,United-States,<=50K,35_44,50_plus
19,Private,71691,11th,7,Never-married,Other-service,Own-child,White,Male,0,0,18,United-States,<=50K,under_25,under_35
36,Private,208358,Some-college,10,Married-civ-spouse,Transport-moving,Husband,White,Male,0,0,40,United-States,>50K,35_44,35_40
30,Private,264351,Bachelors,13,Married-civ-spouse,Transport-moving,Husband,White,Male,0,0,25,Ecuador,<=50K,25_34,under_35
27,Private,132412,10th,6,Never-married,Machine-op-inspct,Not-in-family,White,Male,0,0,40,,<=50K,25_34,35_40
22,Private,193089,HS-grad,9,Never-married,Handlers-cleaners,Not-in-family,White,Male,0,0,43,United-States,<=50K,under_25,41_49
30,Private,175878,HS-grad,9,Married-civ-spouse,Craft-repair,Husband,White,Male,0,0,42,United-States,>50K,25_34,41_49
27,Private,336162,Some-college,10,Never-married,Adm-clerical,Other-relative,White,Female,0,0,40,United-States,<=50K,25_34,35_40
39,Private,98975,Bachelors,13,Never-married,Sales,Not-in-family,White,Female,8614,0,50,United-States,>50K,35_44,50_plus
33,,177733,7th-8th,4,Never-married,,Not-in-family,White,Female,0,0,30,United-States,<=50K,25_34,under_35
23,Private,35633,7th-8th,4,Never-married,Machine-op-inspct,Not-in-family,White,Male,0,0,40,United-States,<=50K,under_25,35_40
29,Private,103634,HS-grad,9,Never-married,Protective-serv,Unmarried,White,Male,0,0,35,United-States,<=50K,25_34,35_40
65,Private,187493,Masters,14,Married-civ-spouse,Prof-specialty,Husband,White,Male,20051,0,40,Germany,>50K,55_plus,35_40
39,Private,160916,9th,5,Divorced,Other-service,Unmarried,White,Female,0,0,40,United-States,<=50K,35_44,35_40
38,Private,185556,HS-grad,9,Divorced,Sales,Not-in-family,White,Male,0,0,50,United-States,>50K,35_44,50_plus
28,Private,181597,HS-grad,9,Never-married,Craft-repair,Own-child,Black,Male,0,0,40,United-States,<=50K,25_34,35_40
41,Private,694105,HS-grad,9,Never-married,Craft-repair,Unmarried,White,Male,0,0,40,United-States,<=50K,35_44,35_40
44,Self-emp-inc,223881,HS-grad,9,Married-civ-spouse,Sales,Husband,White,Male,0,0,50,,>50K,35_44,50_plus
33,Private,402848,HS-grad,9,Married-spouse-absent,Adm-clerical,Other-relative,White,Female,0,0,32,United-States,<=50K,25_34,under_35
26,Private,216819,HS-grad,9,Married-civ-spouse,Craft-repair,Husband,White,Male,0,0,40,United-States,<=50K,25_34,35_40
24,Federal-gov,104164,HS-grad,9,Married-civ-spouse,Adm-clerical,Husband,White,Male,0,0,40,United-States,<=50K,under_25,35_40
41,Private,303521,Bachelors,13,Divorced,Prof-specialty,Not-in-family,White,Male,4650,0,45,United-States,<=50K,35_44,41_49
60,,147393,Bachelors,13,Married-civ-spouse,,Husband,White,Male,0,0,30,United-States,<=50K,55_plus,under_35
31,Private,341632,Assoc-acdm,12,Married-civ-spouse,Tech-support,Husband,Black,Male,0,0,46,United-States,<=50K,25_34,41_49
53,Self-emp-not-inc,67198,7th-8th,4,Married-civ-spouse,Exec-managerial,Wife,White,Female,0,0,80,United-States,<=50K,45_54,50_plus
33,Private,243266,Masters,14,Married-civ-spouse,Exec-managerial,Husband,White,Male,0,0,40,Dominican-Republic,>50K,25_34,35_40
56,Federal-gov,75804,Masters,14,Divorced,Prof-specialty,Not-in-family,White,Male,0,0,48,United-States,<=50K,55_plus,41_49
41,Private,220109,Bachelors,13,Married-civ-spouse,Exec-managerial,Husband,White,Male,0,0,55,United-States,>50K,35_44,50_plus
32,Private,214150,HS-grad,9,Married-civ-spouse,Machine-op-inspct,Husband,White,Male,0,0,50,United-States,>50K,25_34,50_plus
29,Private,255187,Some-college,10,Never-married,Tech-support,Unmarried,Black,Female,0,0,40,United-States,<=50K,25_34,35_40
25,Private,150804,HS-grad,9,Never-married,Transport-moving,Not-in-family,Asian-Pac-Islander,Male,0,0,40,Vietnam,<=50K,25_34,35_40
53,Self-emp-inc,190762,HS-grad,9,Married-civ-spouse,Exec-managerial,Husband,White,Male,0,0,45,United-States,>50K,45_54,41_49
38,Private,246463,HS-grad,9,Married-civ-spouse,Craft-repair,Husband,White,Male,0,0,45,United-States,<=50K,35_44,41_49
57,Local-gov,258641,Bachelors,13,Never-married,Exec-managerial,Not-in-family,White,Male,0,0,40,United-States,>50K,55_plus,35_40
35,Private,148906,Some-college,10,Divorced,Prof-specialty,Not-in-family,White,Female,0,0,40,United-States,<=50K,35_44,35_40
41,Private,106698,HS-grad,9,Widowed,Transport-moving,Not-in-family,White,Female,13550,0,60,United-States,>50K,35_44,50_plus
32,Private,136331,Bachelors,13,Married-civ-spouse,Sales,Husband,White,Male,0,1887,40,United-States,>50K,25_34,35_40
22,Private,117789,Bachelors,13,Never-married,Adm-clerical,Own-child,White,Female,0,0,40,United-States,<=50K,under_25,35_40
34,Private,234096,9th,5,Divorced,Craft-repair,Not-in-family,White,Male,0,0,40,United-States,<=50K,25_34,35_40
25,Private,185836,Some-college,10,Never-married,Other-service,Not-in-family,White,Female,0,0,40,United-States,<=50K,25_34,35_40
43,Local-gov,300099,Bachelors,13,Divorced,Adm-clerical,Not-in-family,White,Female,0,0,34,United-States,<=50K,35_44,under_35
42,Federal-gov,236503,Some-college,10,Never-married,Adm-clerical,Not-in-family,White,Female,0,0,40,United-States,<=50K,35_44,35_40
23,Private,94071,9th,5,Married-civ-spouse,Machine-op-inspct,Husband,White,Male,0,0,40,United-States,<=50K,under_25,35_40
39,Private,299725,HS-grad,9,Divorced,Handlers-cleaners,Not-in-family,White,Female,0,0,37,United-States,<=50K,35_44,35_40
32,Private,198813,Prof-school,15,Married-civ-spouse,Prof-specialty,Husband,White,Male,0,0,60,United-States,<=50K,25_34,50_plus
26,Private,140649,Bachelors,13,Married-civ-spouse,Exec-managerial,Husband,White,Male,0,0,40,United-States,<=50K,25_34,35_40
36,Private,295706,Masters,14,Married-civ-spouse,Exec-managerial,Husband,White,Male,0,0,70,United-States,>50K,35_44,50_plus
39,Private,126569,Bachelors,13,Never-married,Transport-moving,Not-in-family,White,Male,0,0,40,,<=50K,35_44,35_40
30,Private,162370,Bachelors,13,Never-married,Exec-managerial,Not-in-family,White,Female,0,0,35,United-States,<=50K,25_34,35_40
45,Private,260543,Masters,14,Widowed,Machine-op-inspct,Other-relative,Asian-Pac-Islander,Female,0,0,40,China,<=50K,45_54,35_40
34,Private,159187,HS-grad,9,Married-civ-spouse,Machine-op-inspct,Husband,White,Male,0,0,45,United-States,<=50K,25_34,41_49
88,Self-emp-not-inc,263569,11th,7,Married-civ-spouse,Farming-fishing,Husband,White,Male,6418,0,40,United-States,>50K,55_plus,35_40
42,Private,234508,Bachelors,13,Married-civ-spouse,Prof-specialty,Husband,White,Male,0,0,40,United-States,>50K,35_44,35_40
32,Private,360689,Bachelors,13,Married-civ-spouse,Prof-specialty,Husband,White,Male,0,0,40,United-States,>50K,25_34,35_40
38,Private,227615,Some-college,10,Married-civ-spouse,Craft-repair,Husband,White,Male,0,0,40,United-States,>50K,35_44,35_40
25,Private,308144,Bachelors,13,Never-married,Craft-repair,Not-in-family,White,Male,0,0,40,Mexico,<=50K,25_34,35_40
20,Private,210444,Some-college,10,Never-married,Prof-specialty,Own-child,White,Male,0,0,25,United-States,<=50K,under_25,under_35
21,Private,249282,Some-college,10,Never-married,Sales,Own-child,White,Female,0,0,40,United-States,<=50K,under_25,35_40
56,Private,131608,HS-grad,9,Married-civ-spouse,Machine-op-inspct,Husband,White,Male,0,0,40,Ireland,>50K,55_plus,35_40
47,Self-emp-not-inc,148169,HS-grad,9,Married-civ-spouse,Craft-repair,Husband,White,Male,0,0,40,United-States,<=50K,45_54,35_40
23,Private,347867,Bachelors,13,Never-married,Adm-clerical,Not-in-family,White,Male,0,0,30,United-States,<=50K,under_25,under_35
44,Local-gov,445382,Some-college,10,Married-civ-spouse,Machine-op-inspct,Husband,White,Male,7688,0,40,United-States,>50K,35_44,35_40
48,Private,193047,Masters,14,Married-civ-spouse,Exec-managerial,Husband,White,Male,0,0,60,United-States,>50K,45_54,50_plus
63,Private,81605,HS-grad,9,Married-civ-spouse,Craft-repair,Husband,White,Male,0,0,45,United-States,<=50K,55_plus,41_49
43,Private,67339,Bachelors,13,Never-married,Machine-op-inspct,Not-in-family,White,Male,0,0,15,United-States,<=50K,35_44,under_35
39,Private,306504,HS-grad,9,Married-civ-spouse,Transport-moving,Husband,White,Male,0,0,40,United-States,<=50K,35_44,35_40
38,Private,32989,HS-grad,9,Never-married,Exec-managerial,Not-in-family,White,Female,0,0,40,United-States,<=50K,35_44,35_40
29,Private,197382,11th,7,Never-married,Craft-repair,Not-in-family,White,Male,0,0,45,United-States,<=50K,25_34,41_49
40,Private,269168,HS-grad,9,Married-civ-spouse,Machine-op-inspct,Husband,Asian-Pac-Islander,Male,0,0,40,,<=50K,35_44,35_40
43,Local-gov,126847,Masters,14,Married-spouse-absent,Prof-specialty,Unmarried,White,Female,7430,0,60,United-States,>50K,35_44,50_plus
59,Private,186479,Assoc-voc,11,Married-civ-spouse,Prof-specialty,Husband,White,Male,0,0,50,United-States,<=50K,55_plus,50_plus
32,Private,46691,HS-grad,9,Never-married,Craft-repair,Not-in-family,White,Female,0,0,40,United-States,<=50K,25_34,35_40
43,Private,326232,Some-college,10,Married-civ-spouse,Exec-managerial,Husband,White,Male,0,0,40,United-States,>50K,35_44,35_40
30,Self-emp-not-inc,189759,HS-grad,9,Never-married,Craft-repair,Not-in-family,White,Male,0,0,45,United-States,<=50K,25_34,41_49
32,Self-emp-not-inc,168782,9th,5,Married-civ-spouse,Craft-repair,Husband,White,Male,0,0,32,United-States,<=50K,25_34,under_35
41,Self-emp-inc,289636,Assoc-voc,11,Never-married,Exec-managerial,Not-in-family,White,Male,0,0,48,United-States,<=50K,35_44,41_49
60,Private,124987,HS-grad,9,Married-civ-spouse,Sales,Husband,White,Male,0,0,20,United-States,<=50K,55_plus,under_35
52,Private,229375,HS-grad,9,Divorced,Adm-clerical,Not-in-family,White,Female,0,0,40,United-States,<=50K,45_54,35_40
28,Private,125791,HS-grad,9,Never-married,Adm-clerical,Not-in-family,White,Female,0,0,40,United-States,<=50K,25_34,35_40
22,,122048,Some-college,10,Never-married,,Own-child,White,Female,0,0,35,United-States,<=50K,under_25,35_40
38,Private,108293,Assoc-voc,11,Divorced,Adm-clerical,Unmarried,White,Female,0,0,38,United-States,<=50K,35_44,35_40
43,Private,172025,HS-grad,9,Widowed,Machine-op-inspct,Not-in-family,White,Female,0,0,40,United-States,<=50K,35_44,35_40
26,Private,389856,HS-grad,9,Married-civ-spouse,Transport-moving,Husband,White,Male,0,0,40,Mexico,<=50K,25_34,35_40
43,Self-emp-inc,179228,Some-college,10,Married-civ-spouse,Exec-managerial,Husband,White,Male,0,0,65,United-States,<=50K,35_44,50_plus
23,,214542,Bachelors,13,Never-married,,Own-child,White,Male,0,0,42,United-States,<=50K,under_25,41_49
18,Private,41506,11th,7,Never-married,Other-service,Not-in-family,White,Female,0,0,30,United-States,<=50K,under_25,under_35
22,Private,60668,Bachelors,13,Never-married,Exec-managerial,Own-child,White,Male,0,0,40,United-States,<=50K,under_25,35_40
33,,171637,HS-grad,9,Married-civ-spouse,,Own-child,White,Female,0,0,20,United-States,<=50K,25_34,under_35
47,Federal-gov,51664,Some-college,10,Married-civ-spouse,Craft-repair,Husband,White,Male,3908,0,40,United-States,<=50K,45_54,35_40
28,Private,290429,7th-8th,4,Married-civ-spouse,Handlers-cleaners,Husband,White,Male,0,0,50,United-States,<=50K,25_34,50_plus
57,Self-emp-not-inc,98466,HS-grad,9,Married-civ-spouse,Adm-clerical,Wife,White,Female,0,0,16,United-States,<=50K,55_plus,under_35
31,Federal-gov,144949,Bachelors,13,Married-civ-spouse,Adm-clerical,Husband,White,Male,0,0,40,United-States,<=50K,25_34,35_40
22,Private,293136,Some-college,10,Never-married,Other-service,Own-child,White,Female,0,0,30,United-States,<=50K,under_25,under_35
47,Private,139388,Some-college,10,Married-civ-spouse,Adm-clerical,Wife,White,Female,0,0,40,United-States,<=50K,45_54,35_40
31,State-gov,228446,Some-college,10,Never-married,Transport-moving,Not-in-family,White,Male,0,0,40,United-States,<=50K,25_34,35_40
31,Private,19491,HS-grad,9,Divorced,Sales,Not-in-family,White,Male,2202,0,40,United-States,<=50K,25_34,35_40
40,Private,421837,HS-grad,9,Married-civ-spouse,Exec-managerial,Husband,White,Male,0,0,50,United-States,>50K,35_44,50_plus
25,Private,202480,Bachelors,13,Married-civ-spouse,Prof-specialty,Husband,White,Male,0,0,40,United-States,>50K,25_34,35_40
47,Private,110088,1st-4th,2,Married-civ-spouse,Handlers-cleaners,Husband,White,Male,0,0,40,United-States,<=50K,45_54,35_40
40,Private,33895,HS-grad,9,Divorced,Tech-support,Not-in-family,White,Female,0,0,40,United-States,<=50K,35_44,35_40
20,,313045,Some-college,10,Never-married,,Own-child,White,Female,0,0,40,United-States,<=50K,under_25,35_40
22,Private,303781,Some-college,10,Never-married,Craft-repair,Own-child,Black,Male,0,0,40,United-States,<=50K,under_25,35_40
40,Private,304530,7th-8th,4,Married-civ-spouse,Craft-repair,Husband,White,Male,0,0,40,United-States,<=50K,35_44,35_40
24,Private,231261,12th,8,Married-civ-spouse,Adm-clerical,Husband,White,Male,0,0,50,United-States,<=50K,under_25,50_plus
27,Private,168138,HS-grad,9,Never-married,Tech-support,Not-in-family,White,Male,0,0,45,United-States,<=50K,25_34,41_49
50,Self-emp-not-inc,343242,Some-college,10,Married-civ-spouse,Transport-moving,Husband,White,Male,0,0,55,United-States,<=50K,45_54,50_plus
19,,167087,Some-college,10,Never-married,,Own-child,White,Female,0,0,20,United-States,<=50K,under_25,under_35
39,Private,132879,Doctorate,16,Married-civ-spouse,Exec-managerial,Husband,White,Male,0,0,42,United-States,>50K,35_44,41_49
31,Private,119411,HS-grad,9,Married-civ-spouse,Sales,Husband,White,Male,0,0,40,United-States,>50K,25_34,35_40
23,Private,146178,HS-grad,9,Separated,Adm-clerical,Other-relative,White,Male,0,0,46,United-States,<=50K,under_25,41_49
37,Private,339772,HS-grad,9,Married-civ-spouse,Craft-repair,Husband,Black,Male,0,0,40,United-States,<=50K,35_44,35_40
27,Private,31493,Bachelors,13,Married-civ-spouse,Tech-support,Husband,White,Male,0,0,30,United-States,<=50K,25_34,under_35
46,Private,110646,Assoc-acdm,12,Married-civ-spouse,Adm-clerical,Wife,White,Female,0,0,56,United-States,<=50K,45_54,50_plus
32,Self-emp-not-inc,29254,Some-college,10,Married-civ-spouse,Farming-fishing,Husband,White,Male,0,0,50,United-States,>50K,25_34,50_plus
23,Private,197613,Some-college,10,Never-married,Adm-clerical,Own-child,White,Female,0,0,40,United-States,<=50K,under_25,35_40
62,State-gov,200916,Bachelors,13,Married-civ-spouse,Exec-managerial,Husband,White,Male,0,0,40,United-States,>50K,55_plus,35_40
71,,283889,HS-grad,9,Married-spouse-absent,,Not-in-family,Black,Male,0,1816,40,United-States,<=50K,55_plus,35_40
59,Local-gov,205718,Some-college,10,Married-civ-spouse,Prof-specialty,Wife,White,Female,0,0,24,Canada,<=50K,55_plus,under_35
22,Private,415755,7th-8th,4,Married-civ-spouse,Machine-op-inspct,Husband,White,Male,0,0,40,United-States,<=50K,under_25,35_40
38,Private,174308,HS-grad,9,Never-married,Farming-fishing,Not-in-family,White,Male,0,0,48,United-States,<=50K,35_44,41_49
45,Private,151817,Masters,14,Separated,Tech-support,Unmarried,White,Female,0,0,36,United-States,<=50K,45_54,35_40
48,Private,194526,Some-college,10,Married-civ-spouse,Sales,Wife,White,Female,0,0,40,United-States,<=50K,45_54,35_40
43,Private,195258,HS-grad,9,Married-civ-spouse,Craft-repair,Husband,White,Male,0,0,40,United-States,>50K,35_44,35_40
56,Private,78707,9th,5,Married-civ-spouse,Other-service,Wife,White,Female,4508,0,28,United-States,<=50K,55_plus,under_35
19,Private,234476,Some-college,10,Never-married,Sales,Own-child,White,Female,0,0,7,United-States,<=50K,under_25,under_35
47,Private,184169,Masters,14,Divorced,Prof-specialty,Unmarried,White,Female,0,0,40,United-States,>50K,45_54,35_40
49,Private,123713,Bachelors,13,Divorced,Exec-managerial,Not-in-family,White,Male,0,0,45,United-States,<=50K,45_54,41_49
51,Private,108435,12th,8,Never-married,Other-service,Own-child,White,Male,0,0,40,United-States,<=50K,45_54,35_40
27,Local-gov,163320,Assoc-acdm,12,Never-married,Protective-serv,Own-child,White,Male,0,0,40,United-States,<=50K,25_34,35_40
33,Private,300497,Some-college,10,Divorced,Machine-op-inspct,Not-in-family,Black,Male,0,0,40,United-States,<=50K,25_34,35_40
54,Self-emp-not-inc,224207,HS-grad,9,Widowed,Craft-repair,Not-in-family,White,Male,6849,0,50,United-States,<=50K,45_54,50_plus
33,Private,125762,HS-grad,9,Married-civ-spouse,Handlers-cleaners,Husband,White,Male,0,0,40,United-States,<=50K,25_34,35_40
28,Self-emp-not-inc,183523,HS-grad,9,Married-civ-spouse,Craft-repair,Husband,White,Male,0,0,35,United-States,<=50K,25_34,35_40
60,Self-emp-not-inc,71457,HS-grad,9,Married-civ-spouse,Transport-moving,Husband,White,Male,4508,0,8,United-States,<=50K,55_plus,under_35
35,Private,48915,Bachelors,13,Never-married,Adm-clerical,Not-in-family,White,Male,0,0,40,United-States,<=50K,35_44,35_40
47,Local-gov,263984,HS-grad,9,Married-civ-spouse,Other-service,Husband,Black,Male,0,0,40,Puerto-Rico,<=50K,45_54,35_40
26,State-gov,93806,Some-college,10,Never-married,Adm-clerical,Other-relative,White,Male,0,0,25,United-States,<=50K,25_34,under_35
53,Private,221672,12th,8,Married-civ-spouse,Other-service,Husband,White,Male,0,0,40,United-States,<=50K,45_54,35_40
40,Private,137304,Bachelors,13,Never-married,Adm-clerical,Unmarried,Black,Female,0,0,65,United-States,<=50K,35_44,50_plus
30,Private,553405,HS-grad,9,Married-civ-spouse,Craft-repair,Husband,White,Male,0,0,40,United-States,>50K,25_34,35_40
67,Private,188903,Bachelors,13,Married-civ-spouse,Prof-specialty,Husband,White,Male,0,0,40,United-States,>50K,55_plus,35_40
51,Private,231919,11th,7,Married-civ-spouse,Craft-repair,Husband,White,Male,0,0,45,United-States,<=50K,45_54,41_49
49,Private,168837,Assoc-voc,11,Divorced,Other-service,Unmarried,White,Female,0,0,20,United-States,<=50K,45_54,under_35
29,Private,168524,Some-college,10,Never-married,Tech-support,Not-in-family,White,Female,0,0,40,United-States,<=50K,25_34,35_40
34,Private,329288,HS-grad,9,Married-civ-spouse,Machine-op-inspct,Husband,White,Male,4386,0,55,United-States,>50K,25_34,50_plus
68,Private,182574,Some-college,10,Widowed,Adm-clerical,Not-in-family,White,Female,991,0,29,United-States,<=50K,55_plus,under_35
20,Private,34242,Some-college,10,Never-married,Other-service,Own-child,White,Male,0,0,20,United-States,<=50K,under_25,under_35
31,State-gov,209954,Some-college,10,Never-married,Exec-managerial,Not-in-family,White,Male,0,0,40,United-States,<=50K,25_34,35_40
50,State-gov,46401,Some-college,10,Divorced,Exec-managerial,Not-in-family,White,Female,0,0,40,United-States,<=50K,45_54,35_40
51,Private,283314,Bachelors,13,Married-civ-spouse,Craft-repair,Husband,White,Male,15024,0,40,,>50K,45_54,35_40
29,Private,231601,11th,7,Married-civ-spouse,Craft-repair,Husband,White,Male,0,0,60,United-States,<=50K,25_34,50_plus
53,Private,174655,7th-8th,4,Never-married,Other-service,Own-child,White,Male,0,0,40,United-States,<=50K,45_54,35_40
40,Self-emp-inc,248476,Prof-school,15,Married-civ-spouse,Prof-specialty,Husband,White,Male,0,0,50,United-States,>50K,35_44,50_plus
23,Self-emp-not-inc,149704,10th,6,Never-married,Sales,Own-child,White,Female,0,0,40,United-States,<=50K,under_25,35_40
22,Private,181557,Some-college,10,Never-married,Handlers-cleaners,Own-child,Black,Male,0,0,35,United-States,<=50K,under_25,35_40
32,Private,187815,Bachelors,13,Married-civ-spouse,Exec-managerial,Husband,White,Male,0,0,45,United-States,>50K,25_34,41_49
31,Private,191932,Masters,14,Never-married,Exec-managerial,Not-in-family,White,Female,0,2258,40,United-States,<=50K,25_34,35_40
33,Private,234067,HS-grad,9,Married-civ-spouse,Machine-op-inspct,Husband,White,Male,0,0,40,United-States,>50K,25_34,35_40
46,Private,142490,Some-college,10,Divorced,Machine-op-inspct,Not-in-family,Black,Female,0,0,40,United-States,<=50K,45_54,35_40
42,Self-emp-not-inc,192589,Assoc-acdm,12,Married-civ-spouse,Exec-managerial,Husband,White,Male,0,0,70,United-States,<=50K,35_44,50_plus
39,Self-emp-not-inc,29874,HS-grad,9,Married-civ-spouse,Farming-fishing,Husband,White,Male,0,0,54,United-States,<=50K,35_44,50_plus
43,Local-gov,487770,10th,6,Married-civ-spouse,Other-service,Husband,White,Male,0,0,40,United-States,<=50K,35_44,35_40
48,Private,187563,Masters,14,Married-civ-spouse,Craft-repair,Husband,White,Male,0,0,54,United-States,>50K,45_54,50_plus
49,Private,278322,Bachelors,13,Married-civ-spouse,Machine-op-inspct,Husband,White,Male,0,0,40,United-States,>50K,45_54,35_40
17,Private,94774,10th,6,Never-married,Other-service,Own-child,White,Female,0,0,10,United-States,<=50K,under_25,under_35
36,Local-gov,102729,HS-grad,9,Married-civ-spouse,Exec-managerial,Husband,White,Male,0,0,40,United-States,<=50K,35_44,35_40
75,Private,185603,10th,6,Widowed,Tech-support,Not-in-family,White,Female,0,0,32,United-States,<=50K,55_plus,under_35
53,Private,289620,Prof-school,15,Married-civ-spouse,Exec-managerial,Husband,White,Male,0,0,45,,>50K,45_54,41_49
30,Private,175761,11th,7,Married-civ-spouse,Craft-repair,Husband,White,Male,2580,0,40,United-States,<=50K,25_34,35_40
77,Self-emp-not-inc,176690,9th,5,Widowed,Other-service,Not-in-family,White,Female,0,0,40,England,<=50K,55_plus,35_40
44,Private,150098,Some-college,10,Married-civ-spouse,Sales,Husband,Black,Male,0,0,50,United-States,>50K,35_44,50_plus
48,Private,250733,Some-college,10,Married-civ-spouse,Craft-repair,Husband,White,Male,0,0,50,United-States,<=50K,45_54,50_plus
18,,65249,12th,8,Never-married,,Own-child,White,Male,0,0,30,United-States,<=50K,under_25,under_35
47,Self-emp-not-inc,267879,HS-grad,9,Married-civ-spouse,Craft-repair,Husband,Black,Male,3103,0,50,United-States,>50K,45_54,50_plus
17,Private,95079,11th,7,Never-married,Sales,Own-child,White,Female,0,0,15,United-States,<=50K,under_25,under_35
24,Private,376474,Bachelors,13,Married-civ-spouse,Sales,Husband,White,Male,0,0,35,United-States,<=50K,under_25,35_40
33,,212491,HS-grad,9,Divorced,,Not-in-family,Black,Female,0,0,40,United-States,<=50K,25_34,35_40
31,Private,245500,Bachelors,13,Never-married,Prof-specialty,Not-in-family,Asian-Pac-Islander,Female,0,0,25,,<=50K,25_34,under_35
31,Private,161765,HS-grad,9,Never-married,Machine-op-inspct,Not-in-family,White,Male,0,0,50,United-States,<=50K,25_34,50_plus
42,Private,42703,HS-grad,9,Never-married,Other-service,Not-in-family,Black,Male,0,0,40,United-States,<=50K,35_44,35_40
46,Private,220979,Some-college,10,Divorced,Tech-support,Not-in-family,Amer-Indian-Eskimo,Male,13550,0,40,United-States,>50K,45_54,35_40
36,Private,187847,HS-grad,9,Married-civ-spouse,Craft-repair,Husband,White,Male,0,0,40,United-States,>50K,35_44,35_40
26,Private,305129,11th,7,Married-civ-spouse,Craft-repair,Husband,White,Male,0,0,45,United-States,<=50K,25_34,41_49
45,Private,111381,Some-college,10,Married-civ-spouse,Exec-managerial,Husband,White,Male,0,0,65,United-States,<=50K,45_54,50_plus
47,Private,116641,Bachelors,13,Divorced,Prof-specialty,Unmarried,White,Female,0,0,4,France,<=50K,45_54,under_35
52,Private,145409,HS-grad,9,Married-civ-spouse,Craft-repair,Husband,White,Male,0,0,40,United-States,<=50K,45_54,35_40
53,Private,174102,HS-grad,9,Married-civ-spouse,Craft-repair,Husband,White,Male,0,0,40,United-States,>50K,45_54,35_40
28,,49028,HS-grad,9,Never-married,,Not-in-family,White,Female,0,0,40,United-States,<=50K,25_34,35_40
23,Self-emp-inc,216889,HS-grad,9,Married-civ-spouse,Sales,Husband,White,Male,0,1977,40,United-States,>50K,under_25,35_40
28,Private,336951,HS-grad,9,Married-civ-spouse,Craft-repair,Husband,White,Male,0,0,40,United-States,<=50K,25_34,35_40
30,Self-emp-not-inc,209808,Doctorate,16,Married-civ-spouse,Prof-specialty,Husband,White,Male,0,0,40,United-States,>50K,25_34,35_40
22,Private,228516,HS-grad,9,Never-married,Machine-op-inspct,Own-child,White,Male,0,0,40,United-States,<=50K,under_25,35_40
62,Private,49424,Bachelors,13,Married-civ-spouse,Prof-specialty,Husband,White,Male,5178,0,40,United-States,>50K,55_plus,35_40
55,Self-emp-not-inc,340171,HS-grad,9,Separated,Craft-repair,Not-in-family,Black,Male,0,0,40,United-States,<=50K,55_plus,35_40
35,State-gov,189794,HS-grad,9,Married-civ-spouse,Other-service,Wife,White,Female,0,0,40,United-States,<=50K,35_44,35_40
37,Private,166549,Some-college,10,Married-civ-spouse,Sales,Husband,White,Male,0,0,50,United-States,<=50K,35_44,50_plus
27,Private,285294,Assoc-acdm,12,Never-married,Adm-clerical,Other-relative,Black,Female,0,0,60,United-States,<=50K,25_34,50_plus
41,Local-gov,225978,Assoc-voc,11,Separated,Craft-repair,Unmarried,Black,Male,0,0,40,United-States,<=50K,35_44,35_40
49,Private,241350,HS-grad,9,Married-civ-spouse,Machine-op-inspct,Husband,White,Male,5178,0,40,United-States,>50K,45_54,35_40
20,Private,177287,HS-grad,9,Never-married,Adm-clerical,Not-in-family,White,Female,0,0,30,United-States,<=50K,under_25,under_35
40,Private,109800,HS-grad,9,Married-civ-spouse,Handlers-cleaners,Husband,Black,Male,0,0,40,United-States,<=50K,35_44,35_40
20,,259865,Some-college,10,Never-married,,Own-child,White,Female,0,0,25,Mexico,<=50K,under_25,under_35
37,Private,225821,Assoc-acdm,12,Married-civ-spouse,Prof-specialty,Husband,White,Male,0,1485,40,United-States,>50K,35_44,35_40
46,,110243,Masters,14,Married-civ-spouse,,Husband,White,Male,0,1977,20,United-States,>50K,45_54,under_35
27,Private,209085,Assoc-voc,11,Married-civ-spouse,Prof-specialty,Husband,White,Male,0,0,44,United-States,>50K,25_34,41_49
28,Private,320862,Some-college,10,Divorced,Sales,Not-in-family,White,Female,0,0,40,United-States,<=50K,25_34,35_40
17,Federal-gov,29078,11th,7,Never-married,Adm-clerical,Own-child,Amer-Indian-Eskimo,Female,0,0,15,United-States,<=50K,under_25,under_35
43,Self-emp-inc,314739,Some-college,10,Married-civ-spouse,Exec-managerial,Husband,White,Male,0,0,92,United-States,>50K,35_44,50_plus
18,,158826,12th,8,Never-married,,Own-child,Black,Female,0,0,15,United-States,<=50K,under_25,under_35
39,Self-emp-not-inc,272671,Bachelors,13,Married-civ-spouse,Exec-managerial,Husband,White,Male,0,0,50,United-States,>50K,35_44,50_plus
26,Private,235520,Bachelors,13,Married-civ-spouse,Adm-clerical,Husband,White,Male,0,0,40,United-States,>50K,25_34,35_40
65,Private,109221,7th-8th,4,Widowed,Priv-house-serv,Not-in-family,White,Female,0,3175,60,Puerto-Rico,<=50K,55_plus,50_plus
56,Federal-gov,205805,Bachelors,13,Married-civ-spouse,Exec-managerial,Husband,White,Male,7688,0,40,United-States,>50K,55_plus,35_40
51,Private,152652,Assoc-acdm,12,Married-civ-spouse,Exec-managerial,Husband,White,Male,0,0,45,United-States,<=50K,45_54,41_49
28,Private,513719,HS-grad,9,Separated,Craft-repair,Own-child,White,Male,0,0,40,United-States,<=50K,25_34,35_40
29,Private,109989,HS-grad,9,Never-married,Sales,Not-in-family,White,Male,0,0,40,United-States,<=50K,25_34,35_40
28,Private,371408,Bachelors,13,Never-married,Prof-specialty,Not-in-family,White,Male,0,0,47,United-States,<=50K,25_34,41_49
60,Private,74422,5th-6th,3,Married-civ-spouse,Farming-fishing,Husband,White,Male,0,0,44,Mexico,<=50K,55_plus,41_49
48,Private,175006,1st-4th,2,Separated,Machine-op-inspct,Other-relative,Black,Male,0,0,48,United-States,<=50K,45_54,41_49
50,Private,197623,HS-grad,9,Divorced,Other-service,Not-in-family,White,Female,0,0,32,United-States,<=50K,45_54,under_35
22,,148409,Some-college,10,Never-married,,Own-child,White,Male,0,1721,40,United-States,<=50K,under_25,35_40
24,,334105,11th,7,Never-married,,Not-in-family,White,Female,0,0,30,United-States,<=50K,under_25,under_35
41,Private,425444,Bachelors,13,Married-civ-spouse,Prof-specialty,Wife,White,Female,15024,0,50,United-States,>50K,35_44,50_plus
21,Private,164177,HS-grad,9,Married-civ-spouse,Craft-repair,Husband,White,Male,0,0,40,United-States,<=50K,under_25,35_40
61,Private,359367,Some-college,10,Divorced,Exec-managerial,Not-in-family,White,Female,0,0,40,United-States,<=50K,55_plus,35_40
18,Private,332763,HS-grad,9,Never-married,Exec-managerial,Other-relative,White,Female,0,0,40,United-States,<=50K,under_25,35_40
31,Private,121321,HS-grad,9,Married-civ-spouse,Farming-fishing,Husband,White,Male,0,0,40,United-States,<=50K,25_34,35_40
48,,142719,HS-grad,9,Married-civ-spouse,,Husband,White,Male,0,0,48,United-States,>50K,45_54,41_49
40,Private,244172,5th-6th,3,Married-civ-spouse,Craft-repair,Husband,White,Male,0,0,40,United-States,<=50K,35_44,35_40
22,Private,247731,Some-college,10,Never-married,Adm-clerical,Own-child,White,Female,0,0,40,United-States,<=50K,under_25,35_40
62,,190873,Bachelors,13,Married-civ-spouse,,Wife,White,Female,0,0,40,United-States,<=50K,55_plus,35_40
28,Private,190539,Bachelors,13,Never-married,Prof-specialty,Not-in-family,White,Male,0,0,50,United-States,<=50K,25_34,50_plus
35,Private,302604,Assoc-voc,11,Married-civ-spouse,Adm-clerical,Wife,White,Female,0,0,40,United-States,>50K,35_44,35_40
28,Private,208608,HS-grad,9,Married-civ-spouse,Adm-clerical,Wife,White,Female,0,0,30,United-States,<=50K,25_34,under_35
53,Local-gov,182677,Bachelors,13,Married-civ-spouse,Protective-serv,Husband,Asian-Pac-Islander,Male,0,0,50,Philippines,<=50K,45_54,50_plus
43,Private,355431,Some-college,10,Divorced,Handlers-cleaners,Not-in-family,Black,Male,0,0,40,United-States,<=50K,35_44,35_40
43,Private,435266,Doctorate,16,Separated,Exec-managerial,Not-in-family,White,Female,14084,0,60,United-States,>50K,35_44,50_plus
23,Private,437161,Some-college,10,Never-married,Other-service,Unmarried,Black,Female,0,0,40,United-States,<=50K,under_25,35_40
19,Private,158603,HS-grad,9,Never-married,Handlers-cleaners,Not-in-family,Black,Male,0,0,37,United-States,<=50K,under_25,35_40
24,Private,194829,HS-grad,9,Married-civ-spouse,Craft-repair,Husband,White,Male,0,0,45,United-States,>50K,under_25,41_49
25,Private,207369,Some-college,10,Never-married,Exec-managerial,Own-child,White,Female,0,0,40,United-States,<=50K,25_34,35_40
25,Federal-gov,80485,Masters,14,Divorced,Exec-managerial,Not-in-family,White,Female,0,0,40,United-States,<=50K,25_34,35_40
47,Private,311395,Some-college,10,Divorced,Machine-op-inspct,Not-in-family,Black,Male,0,0,40,United-States,<=50K,45_54,35_40
44,Private,53470,Bachelors,13,Divorced,Other-service,Own-child,White,Female,0,0,40,United-States,<=50K,35_44,35_40
27,State-gov,38353,Masters,14,Never-married,Prof-specialty,Not-in-family,White,Male,0,0,40,United-States,<=50K,25_34,35_40
39,Private,126569,Some-college,10,Married-civ-spouse,Adm-clerical,Husband,White,Male,0,0,40,United-States,>50K,35_44,35_40
31,Private,152109,HS-grad,9,Never-married,Exec-managerial,Not-in-family,White,Male,0,0,50,United-States,<=50K,25_34,50_plus
34,Local-gov,432204,Assoc-acdm,12,Married-civ-spouse,Other-service,Husband,White,Male,0,0,80,United-States,<=50K,25_34,50_plus
68,,461484,Some-college,10,Married-civ-spouse,,Husband,White,Male,0,1648,10,United-States,>50K,55_plus,under_35
27,Private,294931,HS-grad,9,Never-married,Machine-op-inspct,Unmarried,White,Male,0,0,40,Germany,<=50K,25_34,35_40
30,Private,36340,11th,7,Divorced,Other-service,Unmarried,White,Female,0,0,35,United-States,<=50K,25_34,35_40
25,Local-gov,270379,HS-grad,9,Never-married,Adm-clerical,Not-in-family,Black,Female,0,0,40,United-States,<=50K,25_34,35_40
38,Federal-gov,455379,12th,8,Married-civ-spouse,Protective-serv,Husband,White,Male,0,0,56,United-States,>50K,35_44,50_plus
49,Private,174426,Some-college,10,Married-civ-spouse,Sales,Husband,White,Male,0,1977,50,United-States,>50K,45_54,50_plus
45,Private,50162,Some-college,10,Married-civ-spouse,Exec-managerial,Husband,White,Male,0,0,40,United-States,<=50K,45_54,35_40
76,,239900,HS-grad,9,Divorced,,Not-in-family,White,Female,0,0,3,United-States,<=50K,55_plus,under_35
20,Private,325744,Some-college,10,Never-married,Sales,Other-relative,White,Male,0,0,40,United-States,<=50K,under_25,35_40
30,Private,399088,Bachelors,13,Divorced,Prof-specialty,Unmarried,White,Female,0,0,50,United-States,<=50K,25_34,50_plus
44,Private,212894,10th,6,Married-civ-spouse,Machine-op-inspct,Husband,White,Male,0,0,40,Greece,<=50K,35_44,35_40
36,Private,224566,Bachelors,13,Never-married,Prof-specialty,Not-in-family,White,Male,99999,0,45,United-States,>50K,35_44,41_49
17,Private,168807,10th,6,Never-married,Other-service,Own-child,White,Male,0,0,25,United-States,<=50K,under_25,under_35
30,Local-gov,99761,Assoc-voc,11,Divorced,Adm-clerical,Own-child,White,Female,0,0,40,United-States,<=50K,25_34,35_40
61,Private,181200,HS-grad,9,Divorced,Transport-moving,Not-in-family,White,Male,0,1564,40,United-States,>50K,55_plus,35_40
69,Private,179130,HS-grad,9,Divorced,Sales,Other-relative,White,Female,0,0,38,United-States,<=50K,55_plus,35_40
47,State-gov,263215,Bachelors,13,Married-civ-spouse,Adm-clerical,Husband,White,Male,0,0,80,United-States,<=50K,45_54,50_plus
20,Private,161962,Some-college,10,Never-married,Adm-clerical,Own-child,White,Female,0,0,16,United-States,<=50K,under_25,under_35
42,Private,449925,Bachelors,13,Never-married,Sales,Not-in-family,White,Male,0,0,40,United-States,>50K,35_44,35_40
42,Local-gov,131167,Masters,14,Never-married,Prof-specialty,Not-in-family,White,Female,0,0,45,United-States,<=50K,35_44,41_49
18,State-gov,427515,HS-grad,9,Never-married,Adm-clerical,Own-child,Black,Female,0,0,20,United-States,<=50K,under_25,under_35
21,,187937,Some-college,10,Never-married,,Other-relative,White,Female,0,0,52,United-States,<=50K,under_25,50_plus
55,Local-gov,56915,HS-grad,9,Divorced,Exec-managerial,Unmarried,Amer-Indian-Eskimo,Male,0,0,8,United-States,<=50K,55_plus,under_35
18,Private,151463,11th,7,Never-married,Craft-repair,Own-child,White,Male,0,0,20,United-States,<=50K,under_25,under_35
41,Private,163287,HS-grad,9,Married-civ-spouse,Sales,Husband,White,Male,0,0,62,United-States,<=50K,35_44,50_plus
47,Local-gov,244813,HS-grad,9,Married-civ-spouse,Exec-managerial,Husband,White,Male,0,0,40,United-States,<=50K,45_54,35_40
41,Private,135823,Assoc-voc,11,Married-civ-spouse,Prof-specialty,Husband,White,Male,0,0,40,United-States,<=50K,35_44,35_40
35,Private,113397,HS-grad,9,Married-civ-spouse,Sales,Husband,White,Male,0,0,45,Japan,<=50K,35_44,41_49
43,Self-emp-not-inc,241055,Masters,14,Married-civ-spouse,Sales,Husband,White,Male,0,0,45,United-States,<=50K,35_44,41_49
50,Self-emp-not-inc,187830,Bachelors,13,Divorced,Craft-repair,Not-in-family,White,Male,27828,0,16,United-States,>50K,45_54,under_35
66,Self-emp-not-inc,190160,Prof-school,15,Married-civ-spouse,Prof-specialty,Husband,White,Male,0,0,20,United-States,<=50K,55_plus,under_35
50,Private,174964,7th-8th,4,Married-civ-spouse,Transport-moving,Husband,White,Male,0,0,40,United-States,<=50K,45_54,35_40
38,Private,149347,Masters,14,Married-civ-spouse,Prof-specialty,Husband,White,Male,0,0,50,United-States,>50K,35_44,50_plus
73,Self-emp-inc,159691,Some-college,10,Divorced,Exec-managerial,Not-in-family,White,Female,0,0,40,United-States,<=50K,55_plus,35_40
35,Private,176967,Some-college,10,Married-civ-spouse,Protective-serv,Husband,White,Male,0,0,40,United-States,<=50K,35_44,35_40
31,Private,440129,HS-grad,9,Married-civ-spouse,Craft-repair,Husband,White,Male,0,0,40,United-States,<=50K,25_34,35_40
39,Private,215419,Bachelors,13,Divorced,Prof-specialty,Not-in-family,White,Female,0,0,36,United-States,<=50K,35_44,35_40
64,,321403,HS-grad,9,Widowed,,Other-relative,Black,Male,0,0,40,United-States,<=50K,55_plus,35_40
