status,duration_months,credit_history,purpose,amount_dm,savings,employment_duration,installment_rate,personal_status_sex,other_debtors,present_residence,property,age,other_installment_plans,housing,number_credits,job,people_liable,telephone,foreign_worker,credit_risk,age_group
no_checking_account,18,all_repaid_at_bank,used_car,1049,unknown_or_none,under_1_year,4,female_non_single_or_male_single,none,4,car_or_other,21,none,free,1,skilled_employee_or_official,2,no,no,good,under_25
no_checking_account,9,all_repaid_at_bank,other,2799,unknown_or_none,1_to_4_years,2,male_married_or_widowed,none,2,unknown_or_none,36,none,free,2,skilled_employee_or_official,1,no,no,good,35_49
below_0_dm,12,no_or_repaid_credits,retraining,841,below_100_dm,4_to_7_years,2,female_non_single_or_male_single,none,4,unknown_or_none,23,none,free,1,resident_unskilled,2,no,no,good,under_25
no_checking_account,12,all_repaid_at_bank,other,2122,unknown_or_none,1_to_4_years,3,male_married_or_widowed,none,2,unknown_or_none,39,none,free,2,resident_unskilled,1,no,yes,good,35_49
no_checking_account,12,all_repaid_at_bank,other,2171,unknown_or_none,1_to_4_years,4,male_married_or_widowed,none,4,car_or_other,38,bank,rent,2,resident_unskilled,2,no,yes,good,35_49
no_checking_account,10,all_repaid_at_bank,other,2241,unknown_or_none,under_1_year,1,male_married_or_widowed,none,3,unknown_or_none,48,none,free,2,resident_unskilled,1,no,yes,good,35_49
no_checking_account,8,all_repaid_at_bank,other,3398,unknown_or_none,4_to_7_years,1,male_married_or_widowed,none,4,unknown_or_none,39,none,rent,2,resident_unskilled,2,no,yes,good,35_49
no_checking_account,6,all_repaid_at_bank,other,1361,unknown_or_none,under_1_year,2,male_married_or_widowed,none,4,unknown_or_none,40,none,rent,1,resident_unskilled,1,no,yes,good,35_49
200_plus_dm,18,all_repaid_at_bank,furniture_equipment,1098,unknown_or_none,unemployed,4,female_non_single_or_male_single,none,4,savings_or_life_insurance,65,none,rent,2,unemployed_or_nonresident_unskilled,2,no,no,good,50_plus
below_0_dm,24,no_or_repaid_credits,furniture_equipment,3758,100_to_500_dm,unemployed,1,female_non_single_or_male_single,none,4,real_estate,23,none,free,1,unemployed_or_nonresident_unskilled,2,no,no,good,under_25
no_checking_account,11,all_repaid_at_bank,other,3905,unknown_or_none,1_to_4_years,2,male_married_or_widowed,none,2,unknown_or_none,36,none,free,2,skilled_employee_or_official,1,no,no,good,35_49
no_checking_account,30,all_repaid_at_bank,new_car,6187,below_100_dm,4_to_7_years,1,female_single,none,4,savings_or_life_insurance,24,none,free,2,skilled_employee_or_official,2,no,no,good,under_25
no_checking_account,6,all_repaid_at_bank,furniture_equipment,1957,unknown_or_none,4_to_7_years,1,female_non_single_or_male_single,none,4,savings_or_life_insurance,31,none,rent,1,skilled_employee_or_official,2,no,no,good,25_34
below_0_dm,48,repaid_to_date,business,7582,below_100_dm,unemployed,2,male_married_or_widowed,none,4,real_estate,31,none,rent,1,manager_or_self_employed,2,yes,no,good,25_34
no_checking_account,18,no_or_repaid_credits,furniture_equipment,1936,1000_plus_dm,4_to_7_years,2,female_single,none,4,savings_or_life_insurance,23,none,free,2,resident_unskilled,2,no,no,good,under_25
no_checking_account,6,no_or_repaid_credits,furniture_equipment,2647,100_to_500_dm,1_to_4_years,2,male_married_or_widowed,none,3,unknown_or_none,44,none,free,1,skilled_employee_or_official,1,no,no,good,35_49
no_checking_account,11,all_repaid_at_bank,other,3939,unknown_or_none,1_to_4_years,1,male_married_or_widowed,none,2,unknown_or_none,40,none,rent,2,resident_unskilled,1,no,no,good,35_49
below_0_dm,18,no_or_repaid_credits,furniture_equipment,3213,100_to_500_dm,under_1_year,1,female_single,none,3,unknown_or_none,25,none,free,1,skilled_employee_or_official,2,no,no,good,25_34
below_0_dm,36,all_repaid_at_bank,furniture_equipment,2337,unknown_or_none,7_plus_years,4,male_married_or_widowed,none,4,unknown_or_none,36,none,rent,1,skilled_employee_or_official,2,no,no,good,35_49
200_plus_dm,11,all_repaid_at_bank,other,7228,unknown_or_none,1_to_4_years,1,male_married_or_widowed,none,4,car_or_other,39,none,rent,2,resident_unskilled,2,no,no,good,35_49
no_checking_account,6,all_repaid_at_bank,other,3676,unknown_or_none,1_to_4_years,1,male_married_or_widowed,none,3,unknown_or_none,37,none,free,3,skilled_employee_or_official,1,no,no,good,35_49
below_0_dm,12,all_repaid_at_bank,other,3124,unknown_or_none,under_1_year,1,male_married_or_widowed,none,3,unknown_or_none,49,bank,rent,2,resident_unskilled,1,no,no,good,35_49
below_0_dm,36,no_or_repaid_credits,domestic_appliances,2384,unknown_or_none,under_1_year,4,male_married_or_widowed,none,1,real_estate,33,none,free,1,resident_unskilled,2,no,no,bad,25_34
below_0_dm,12,all_repaid_at_bank,radio_television,1424,unknown_or_none,4_to_7_years,4,male_married_or_widowed,none,3,car_or_other,26,none,rent,1,skilled_employee_or_official,2,no,no,good,25_34
no_checking_account,6,all_repaid_at_bank,other,4716,1000_plus_dm,under_1_year,1,male_married_or_widowed,none,3,unknown_or_none,44,none,rent,2,resident_unskilled,1,no,no,good,35_49
below_0_dm,11,repaid_to_date,furniture_equipment,4771,unknown_or_none,4_to_7_years,2,male_married_or_widowed,none,4,car_or_other,51,none,rent,1,skilled_employee_or_official,2,no,no,good,50_plus
no_checking_account,12,no_or_repaid_credits,used_car,652,unknown_or_none,7_plus_years,4,female_non_single_or_male_single,none,4,car_or_other,24,none,free,1,skilled_employee_or_official,2,no,no,good,under_25
below_0_dm,9,all_repaid_at_bank,furniture_equipment,1154,unknown_or_none,7_plus_years,2,male_married_or_widowed,none,4,unknown_or_none,37,none,rent,3,resident_unskilled,2,no,no,good,35_49
200_plus_dm,15,no_or_repaid_credits,other,3556,1000_plus_dm,1_to_4_years,3,male_married_or_widowed,none,2,real_estate,29,none,rent,1,skilled_employee_or_official,2,no,no,good,25_34
0_to_200_dm,42,all_repaid_at_bank,new_car,4796,unknown_or_none,7_plus_years,4,male_married_or_widowed,none,4,real_estate,56,none,own,1,skilled_employee_or_official,2,no,no,good,50_plus
0_to_200_dm,30,all_repaid_at_bank,furniture_equipment,3017,unknown_or_none,7_plus_years,4,male_married_or_widowed,none,4,car_or_other,47,none,rent,1,skilled_employee_or_official,2,no,no,good,35_49
200_plus_dm,36,all_repaid_at_bank,other,3535,unknown_or_none,4_to_7_years,4,male_married_or_widowed,none,4,savings_or_life_insurance,37,none,rent,2,skilled_employee_or_official,2,yes,no,good,35_49
200_plus_dm,36,all_repaid_at_bank,other,6614,unknown_or_none,7_plus_years,4,male_married_or_widowed,none,4,savings_or_life_insurance,34,none,rent,2,manager_or_self_employed,2,yes,no,good,25_34
200_plus_dm,24,no_or_repaid_credits,furniture_equipment,1376,100_to_500_dm,4_to_7_years,4,female_non_single_or_male_single,none,1,savings_or_life_insurance,28,none,rent,1,skilled_employee_or_official,2,no,no,good,25_34
no_checking_account,15,no_or_repaid_credits,other,1721,unknown_or_none,under_1_year,2,male_married_or_widowed,none,3,unknown_or_none,36,none,rent,1,skilled_employee_or_official,2,no,no,good,35_49
no_checking_account,6,all_repaid_at_bank,other,860,unknown_or_none,7_plus_years,1,female_non_single_or_male_single,none,4,real_estate,39,none,rent,2,skilled_employee_or_official,2,yes,no,good,35_49
200_plus_dm,12,all_repaid_at_bank,other,1495,unknown_or_none,7_plus_years,4,male_married_or_widowed,none,1,unknown_or_none,38,none,rent,2,resident_unskilled,1,no,no,good,35_49
200_plus_dm,12,all_repaid_at_bank,furniture_equipment,1934,unknown_or_none,7_plus_years,2,male_married_or_widowed,none,2,real_estate,26,none,rent,2,skilled_employee_or_official,2,no,no,good,25_34
200_plus_dm,18,no_or_repaid_credits,new_car,3378,1000_plus_dm,1_to_4_years,2,male_married_or_widowed,none,1,car_or_other,31,none,rent,1,skilled_employee_or_official,2,yes,no,good,25_34
200_plus_dm,24,all_repaid_at_bank,new_car,3868,unknown_or_none,7_plus_years,4,female_non_single_or_male_single,none,2,savings_or_life_insurance,41,none,free,2,manager_or_self_employed,2,yes,no,good,35_49
200_plus_dm,12,all_repaid_at_bank,domestic_appliances,996,1000_plus_dm,4_to_7_years,4,female_non_single_or_male_single,none,4,unknown_or_none,23,none,rent,2,skilled_employee_or_official,2,no,no,good,under_25
no_checking_account,24,no_or_repaid_credits,business,1755,unknown_or_none,7_plus_years,4,female_non_single_or_male_single,guarantor,4,unknown_or_none,58,none,rent,1,resident_unskilled,2,yes,no,good,50_plus
200_plus_dm,18,all_repaid_at_bank,other,1028,unknown_or_none,1_to_4_years,4,female_non_single_or_male_single,none,3,unknown_or_none,36,none,rent,2,skilled_employee_or_official,2,no,no,good,35_49
below_0_dm,24,all_repaid_at_bank,retraining,2825,1000_plus_dm,4_to_7_years,4,male_married_or_widowed,none,3,real_estate,34,none,rent,2,skilled_employee_or_official,1,yes,no,good,25_34
below_0_dm,18,no_or_repaid_credits,repairs,1239,1000_plus_dm,1_to_4_years,4,male_married_or_widowed,none,4,real_estate,61,none,own,1,skilled_employee_or_official,2,no,no,good,50_plus
no_checking_account,18,no_or_repaid_credits,other,1216,unknown_or_none,under_1_year,4,female_non_single_or_male_single,none,3,savings_or_life_insurance,23,none,free,1,skilled_employee_or_official,2,yes,no,bad,under_25
200_plus_dm,24,no_or_repaid_credits,retraining,1258,unknown_or_none,4_to_7_years,4,male_married_or_widowed,none,1,unknown_or_none,25,none,rent,1,skilled_employee_or_official,2,yes,no,good,25_34
200_plus_dm,18,all_repaid_at_bank,repairs,1864,below_100_dm,1_to_4_years,4,female_non_single_or_male_single,none,2,unknown_or_none,30,none,rent,2,skilled_employee_or_official,2,no,no,bad,25_34
200_plus_dm,24,no_or_repaid_credits,other,1474,below_100_dm,under_1_year,4,female_single,none,3,unknown_or_none,33,none,rent,1,skilled_employee_or_official,2,yes,no,good,25_34
no_checking_account,24,all_repaid_at_bank,retraining,1382,below_100_dm,4_to_7_years,4,male_married_or_widowed,none,1,unknown_or_none,26,none,rent,2,skilled_employee_or_official,2,yes,no,good,25_34
200_plus_dm,12,no_or_repaid_credits,other,640,unknown_or_none,1_to_4_years,4,male_divorced_or_separated,none,2,unknown_or_none,49,none,rent,1,resident_unskilled,2,no,no,good,35_49
0_to_200_dm,36,no_or_repaid_credits,furniture_equipment,3919,unknown_or_none,1_to_4_years,2,male_married_or_widowed,none,2,unknown_or_none,23,none,rent,1,skilled_employee_or_official,2,yes,no,good,under_25
200_plus_dm,9,all_repaid_at_bank,other,1224,unknown_or_none,1_to_4_years,3,male_married_or_widowed,none,1,unknown_or_none,30,none,rent,2,skilled_employee_or_official,2,no,no,good,25_34
200_plus_dm,12,all_repaid_at_bank,furniture_equipment,2331,1000_plus_dm,7_plus_years,1,male_married_or_widowed,co_applicant,4,unknown_or_none,49,none,rent,1,skilled_employee_or_official,2,yes,no,good,35_49
200_plus_dm,24,no_or_repaid_credits,new_car,6313,1000_plus_dm,7_plus_years,3,male_married_or_widowed,none,4,savings_or_life_insurance,41,none,rent,1,manager_or_self_employed,1,yes,no,good,35_49
no_checking_account,12,all_repaid_at_bank,furniture_equipment,385,unknown_or_none,4_to_7_years,4,female_non_single_or_male_single,none,3,unknown_or_none,58,none,rent,4,resident_unskilled,2,yes,no,good,50_plus
200_plus_dm,12,all_repaid_at_bank,furniture_equipment,1655,unknown_or_none,7_plus_years,2,male_married_or_widowed,none,4,unknown_or_none,63,none,rent,2,resident_unskilled,2,yes,no,good,50_plus
no_checking_account,15,no_or_repaid_credits,furniture_equipment,1053,unknown_or_none,under_1_year,4,female_single,none,2,unknown_or_none,27,none,rent,1,skilled_employee_or_official,2,no,yes,good,25_34
200_plus_dm,21,no_or_repaid_credits,furniture_equipment,3160,1000_plus_dm,7_plus_years,4,male_married_or_widowed,none,3,car_or_other,41,none,rent,1,skilled_employee_or_official,2,yes,no,good,35_49
200_plus_dm,36,no_or_repaid_credits,other,3079,1000_plus_dm,1_to_4_years,4,male_married_or_widowed,none,4,unknown_or_none,36,none,rent,1,skilled_employee_or_official,2,no,no,good,35_49
200_plus_dm,12,all_repaid_at_bank,other,1163,100_to_500_dm,1_to_4_years,4,male_married_or_widowed,none,4,unknown_or_none,44,none,rent,1,skilled_employee_or_official,2,yes,no,good,35_49
200_plus_dm,24,no_or_repaid_credits,new_car,2679,unknown_or_none,under_1_year,4,female_non_single_or_male_single,none,1,real_estate,29,none,rent,1,manager_or_self_employed,2,yes,no,good,25_34
200_plus_dm,48,all_repaid_at_bank,furniture_equipment,3578,1000_plus_dm,7_plus_years,4,male_married_or_widowed,none,1,unknown_or_none,47,none,rent,1,skilled_employee_or_official,2,yes,no,good,35_49
200_plus_dm,36,repaid_to_date,other,10875,unknown_or_none,7_plus_years,2,male_married_or_widowed,none,2,savings_or_life_insurance,45,none,rent,2,skilled_employee_or_official,1,yes,no,good,35_49
no_checking_account,12,repaid_to_date,other,1344,unknown_or_none,1_to_4_years,4,male_married_or_widowed,none,2,unknown_or_none,43,none,rent,2,resident_unskilled,1,no,no,good,35_49
200_plus_dm,6,all_repaid_at_bank,furniture_equipment,1237,below_100_dm,1_to_4_years,1,female_non_single_or_male_single,none,1,car_or_other,27,none,rent,2,skilled_employee_or_official,2,no,no,good,25_34
200_plus_dm,12,no_or_repaid_credits,furniture_equipment,3077,unknown_or_none,1_to_4_years,2,male_married_or_widowed,none,4,savings_or_life_insurance,52,none,rent,1,skilled_employee_or_official,2,yes,no,good,50_plus
200_plus_dm,24,no_or_repaid_credits,furniture_equipment,2284,unknown_or_none,4_to_7_years,4,male_married_or_widowed,none,2,savings_or_life_insurance,28,none,rent,1,skilled_employee_or_official,2,yes,no,good,25_34
below_0_dm,12,no_or_repaid_credits,furniture_equipment,1567,unknown_or_none,1_to_4_years,1,female_non_single_or_male_single,none,1,savings_or_life_insurance,22,none,rent,1,skilled_employee_or_official,2,yes,no,good,under_25
200_plus_dm,24,repaid_to_date,other,2032,unknown_or_none,7_plus_years,4,male_married_or_widowed,none,4,real_estate,60,none,own,2,skilled_employee_or_official,2,yes,no,good,50_plus
below_0_dm,21,all_repaid_at_bank,used_car,2745,500_to_1000_dm,4_to_7_years,3,male_married_or_widowed,none,2,savings_or_life_insurance,32,none,rent,2,skilled_employee_or_official,2,yes,no,good,25_34
200_plus_dm,30,no_or_repaid_credits,furniture_equipment,1867,1000_plus_dm,7_plus_years,4,male_married_or_widowed,none,4,savings_or_life_insurance,58,none,rent,1,skilled_employee_or_official,2,yes,no,good,50_plus
200_plus_dm,36,no_or_repaid_credits,furniture_equipment,2299,100_to_500_dm,7_plus_years,4,male_married_or_widowed,none,4,savings_or_life_insurance,39,none,rent,1,skilled_employee_or_official,2,no,no,good,35_49
200_plus_dm,24,no_or_repaid_credits,used_car,929,1000_plus_dm,4_to_7_years,4,male_married_or_widowed,none,2,savings_or_life_insurance,31,stores,rent,1,skilled_employee_or_official,2,yes,no,good,25_34
0_to_200_dm,12,no_or_repaid_credits,furniture_equipment,3399,1000_plus_dm,7_plus_years,2,male_married_or_widowed,none,3,savings_or_life_insurance,37,none,rent,1,manager_or_self_employed,2,no,no,good,35_49
below_0_dm,9,no_or_repaid_credits,used_car,2030,1000_plus_dm,4_to_7_years,2,male_married_or_widowed,none,1,savings_or_life_insurance,24,none,rent,1,skilled_employee_or_official,2,yes,no,good,under_25
200_plus_dm,21,all_repaid_at_bank,new_car,3275,unknown_or_none,7_plus_years,1,male_married_or_widowed,none,4,savings_or_life_insurance,36,none,rent,1,manager_or_self_employed,2,yes,no,good,35_49
200_plus_dm,24,all_repaid_at_bank,other,1940,500_to_1000_dm,7_plus_years,4,male_married_or_widowed,none,4,unknown_or_none,60,none,rent,1,skilled_employee_or_official,2,yes,no,good,50_plus
no_checking_account,21,all_repaid_at_bank,other,1602,unknown_or_none,7_plus_years,4,female_single,none,3,savings_or_life_insurance,30,none,rent,2,skilled_employee_or_official,2,yes,no,good,25_34
200_plus_dm,15,no_or_repaid_credits,furniture_equipment,1979,1000_plus_dm,7_plus_years,4,male_married_or_widowed,none,2,savings_or_life_insurance,35,none,rent,1,skilled_employee_or_official,2,no,no,good,35_49
200_plus_dm,24,all_repaid_at_bank,other,2022,unknown_or_none,1_to_4_years,4,female_non_single_or_male_single,none,4,savings_or_life_insurance,37,none,rent,1,skilled_employee_or_official,2,yes,no,good,35_49
200_plus_dm,36,all_repaid_at_bank,furniture_equipment,3342,1000_plus_dm,7_plus_years,4,male_married_or_widowed,none,2,savings_or_life_insurance,51,none,rent,1,skilled_employee_or_official,2,yes,no,good,50_plus
below_0_dm,18,no_or_repaid_credits,other,5866,below_100_dm,1_to_4_years,2,male_married_or_widowed,none,2,savings_or_life_insurance,30,none,rent,2,skilled_employee_or_official,2,yes,no,good,25_34
0_to_200_dm,15,all_repaid_at_bank,new_car,2360,100_to_500_dm,1_to_4_years,2,male_married_or_widowed,none,2,savings_or_life_insurance,36,none,rent,1,skilled_employee_or_official,2,yes,no,good,35_49
200_plus_dm,15,all_repaid_at_bank,used_car,1520,1000_plus_dm,7_plus_years,4,male_married_or_widowed,none,4,car_or_other,63,none,rent,1,skilled_employee_or_official,2,no,no,good,50_plus
no_checking_account,12,no_or_repaid_credits,other,3651,500_to_1000_dm,1_to_4_years,1,male_married_or_widowed,none,3,car_or_other,31,none,rent,1,skilled_employee_or_official,1,no,no,good,25_34
200_plus_dm,24,all_repaid_at_bank,new_car,2346,unknown_or_none,4_to_7_years,4,male_married_or_widowed,none,3,savings_or_life_insurance,35,none,rent,2,skilled_employee_or_official,2,yes,no,good,35_49
200_plus_dm,36,repaid_to_date,furniture_equipment,4454,unknown_or_none,1_to_4_years,4,female_non_single_or_male_single,none,4,unknown_or_none,34,none,rent,2,skilled_employee_or_official,2,no,no,good,25_34
no_checking_account,6,all_repaid_at_bank,other,666,500_to_1000_dm,4_to_7_years,3,female_non_single_or_male_single,none,4,unknown_or_none,39,none,rent,2,resident_unskilled,2,yes,no,good,35_49
below_0_dm,24,repaid_to_date,other,1965,1000_plus_dm,1_to_4_years,4,female_non_single_or_male_single,none,4,savings_or_life_insurance,42,none,free,2,skilled_employee_or_official,2,yes,no,good,35_49
below_0_dm,12,all_repaid_at_bank,other,1995,below_100_dm,under_1_year,4,male_married_or_widowed,none,1,savings_or_life_insurance,27,none,rent,1,skilled_employee_or_official,2,no,no,good,25_34
below_0_dm,30,no_or_repaid_credits,furniture_equipment,2991,1000_plus_dm,7_plus_years,2,female_non_single_or_male_single,none,4,savings_or_life_insurance,25,none,rent,1,skilled_employee_or_official,2,no,no,good,25_34
below_0_dm,30,past_delay,retraining,4221,unknown_or_none,1_to_4_years,2,female_non_single_or_male_single,none,1,savings_or_life_insurance,28,none,rent,2,skilled_employee_or_official,2,no,no,good,25_34
no_checking_account,9,no_or_repaid_credits,furniture_equipment,1364,unknown_or_none,4_to_7_years,3,male_married_or_widowed,none,4,unknown_or_none,59,none,rent,1,skilled_employee_or_official,2,no,no,good,50_plus
below_0_dm,18,all_repaid_at_bank,used_car,6361,unknown_or_none,7_plus_years,2,male_married_or_widowed,none,1,real_estate,41,none,rent,1,skilled_employee_or_official,2,yes,no,good,35_49
200_plus_dm,27,all_repaid_at_bank,used_car,4526,500_to_1000_dm,under_1_year,4,male_married_or_widowed,none,2,unknown_or_none,32,stores,rent,2,resident_unskilled,1,yes,no,good,25_34
below_0_dm,12,all_repaid_at_bank,furniture_equipment,3573,unknown_or_none,1_to_4_years,1,female_non_single_or_male_single,none,1,unknown_or_none,23,none,rent,1,resident_unskilled,2,no,no,good,under_25
below_0_dm,36,repaid_to_date,retraining,4455,unknown_or_none,1_to_4_years,2,male_divorced_or_separated,none,2,unknown_or_none,30,stores,rent,2,manager_or_self_employed,2,yes,no,bad,25_34
no_checking_account,9,no_or_repaid_credits,used_car,2136,unknown_or_none,1_to_4_years,3,male_married_or_widowed,none,2,unknown_or_none,25,none,rent,1,skilled_employee_or_official,2,no,no,good,25_34
below_0_dm,42,all_repaid_at_bank,retraining,5954,unknown_or_none,4_to_7_years,2,female_non_single_or_male_single,none,1,unknown_or_none,41,bank,rent,2,resident_unskilled,2,no,no,good,35_49
200_plus_dm,24,all_repaid_at_bank,used_car,3777,500_to_1000_dm,1_to_4_years,4,male_married_or_widowed,none,4,unknown_or_none,40,none,rent,1,skilled_employee_or_official,2,yes,no,good,35_49
no_checking_account,15,no_or_repaid_credits,retraining,806,unknown_or_none,1_to_4_years,4,female_non_single_or_male_single,none,4,car_or_other,22,none,rent,1,resident_unskilled,2,no,no,good,under_25
below_0_dm,24,repaid_to_date,retraining,4712,1000_plus_dm,1_to_4_years,4,male_married_or_widowed,none,2,car_or_other,34,bank,rent,2,manager_or_self_employed,2,yes,no,good,25_34
below_0_dm,36,repaid_to_date,other,7432,unknown_or_none,1_to_4_years,2,female_non_single_or_male_single,none,2,car_or_other,54,none,free,1,skilled_employee_or_official,2,no,no,good,50_plus
200_plus_dm,24,all_repaid_at_bank,furniture_equipment,1851,unknown_or_none,4_to_7_years,4,female_single,guarantor,2,savings_or_life_insurance,33,none,rent,2,skilled_employee_or_official,2,yes,no,good,25_34
200_plus_dm,24,no_or_repaid_credits,other,1393,unknown_or_none,1_to_4_years,2,male_married_or_widowed,guarantor,2,unknown_or_none,31,none,rent,1,skilled_employee_or_official,2,yes,no,good,25_34
200_plus_dm,12,all_repaid_at_bank,retraining,1412,unknown_or_none,1_to_4_years,4,female_non_single_or_male_single,guarantor,2,unknown_or_none,29,none,rent,2,manager_or_self_employed,2,yes,no,good,25_34
200_plus_dm,18,no_or_repaid_credits,furniture_equipment,1473,unknown_or_none,under_1_year,3,female_single,none,4,unknown_or_none,39,none,rent,1,skilled_employee_or_official,2,yes,no,good,35_49
200_plus_dm,24,no_or_repaid_credits,furniture_equipment,1533,unknown_or_none,under_1_year,4,female_non_single_or_male_single,none,3,savings_or_life_insurance,38,stores,rent,1,skilled_employee_or_official,2,yes,no,good,35_49
200_plus_dm,12,all_repaid_at_bank,repairs,2012,1000_plus_dm,4_to_7_years,4,female_non_single_or_male_single,none,2,savings_or_life_insurance,61,none,rent,1,skilled_employee_or_official,2,no,no,good,50_plus
no_checking_account,15,no_or_repaid_credits,other,3959,unknown_or_none,1_to_4_years,3,female_non_single_or_male_single,none,2,car_or_other,29,none,rent,1,skilled_employee_or_official,2,yes,no,bad,25_34
no_checking_account,6,no_or_repaid_credits,used_car,428,unknown_or_none,7_plus_years,2,female_non_single_or_male_single,none,1,car_or_other,49,bank,rent,1,skilled_employee_or_official,2,yes,no,good,35_49
below_0_dm,12,all_repaid_at_bank,other,2366,100_to_500_dm,4_to_7_years,3,male_divorced_or_separated,none,3,savings_or_life_insurance,36,none,rent,1,manager_or_self_employed,2,yes,no,good,35_49
200_plus_dm,12,no_or_repaid_credits,used_car,763,unknown_or_none,1_to_4_years,4,female_non_single_or_male_single,none,1,unknown_or_none,26,none,rent,1,skilled_employee_or_official,2,yes,no,good,25_34
below_0_dm,21,no_or_repaid_credits,used_car,3976,1000_plus_dm,4_to_7_years,2,male_married_or_widowed,none,3,savings_or_life_insurance,35,none,rent,1,skilled_employee_or_official,2,yes,no,good,35_49
below_0_dm,18,no_or_repaid_credits,other,6260,unknown_or_none,4_to_7_years,3,male_married_or_widowed,none,3,unknown_or_none,28,none,free,1,resident_unskilled,2,no,no,good,25_34
below_0_dm,9,all_repaid_at_bank,used_car,1919,unknown_or_none,4_to_7_years,4,male_married_or_widowed,none,3,savings_or_life_insurance,35,none,free,1,skilled_employee_or_official,2,yes,no,good,35_49
200_plus_dm,24,no_or_repaid_credits,new_car,2603,500_to_1000_dm,1_to_4_years,2,female_non_single_or_male_single,none,4,savings_or_life_insurance,28,none,free,1,skilled_employee_or_official,2,yes,no,good,25_34
200_plus_dm,9,all_repaid_at_bank,repairs,936,100_to_500_dm,7_plus_years,4,male_married_or_widowed,none,2,savings_or_life_insurance,52,none,rent,2,skilled_employee_or_official,2,yes,no,good,50_plus
200_plus_dm,24,no_or_repaid_credits,used_car,3062,100_to_500_dm,7_plus_years,4,male_married_or_widowed,none,3,real_estate,32,none,free,1,skilled_employee_or_official,2,yes,no,good,25_34
below_0_dm,36,no_or_repaid_credits,furniture_equipment,4795,unknown_or_none,under_1_year,4,female_non_single_or_male_single,none,1,real_estate,30,none,rent,1,manager_or_self_employed,2,yes,no,good,25_34
200_plus_dm,36,all_repaid_at_bank,new_car,5842,unknown_or_none,7_plus_years,2,male_married_or_widowed,none,2,car_or_other,35,none,rent,2,skilled_employee_or_official,1,yes,no,good,35_49
below_0_dm,6,no_or_repaid_credits,furniture_equipment,2063,unknown_or_none,under_1_year,4,female_single,none,3,savings_or_life_insurance,30,none,free,1,manager_or_self_employed,2,yes,no,good,25_34
200_plus_dm,15,all_repaid_at_bank,furniture_equipment,1459,unknown_or_none,1_to_4_years,4,female_non_single_or_male_single,none,2,savings_or_life_insurance,43,none,rent,1,resident_unskilled,2,no,no,good,35_49
200_plus_dm,15,no_or_repaid_credits,furniture_equipment,1213,100_to_500_dm,7_plus_years,4,male_married_or_widowed,none,3,car_or_other,47,stores,rent,1,skilled_employee_or_official,2,yes,no,good,35_49
200_plus_dm,24,all_repaid_at_bank,furniture_equipment,5103,unknown_or_none,under_1_year,3,female_single,none,3,real_estate,47,none,own,3,skilled_employee_or_official,2,yes,no,good,35_49
200_plus_dm,15,no_or_repaid_credits,radio_television,874,1000_plus_dm,under_1_year,4,female_non_single_or_male_single,none,1,unknown_or_none,24,none,rent,1,skilled_employee_or_official,2,no,no,good,under_25
200_plus_dm,6,no_or_repaid_credits,used_car,2978,100_to_500_dm,1_to_4_years,1,male_married_or_widowed,none,2,savings_or_life_insurance,32,none,rent,1,skilled_employee_or_official,2,yes,no,good,25_34
200_plus_dm,18,no_or_repaid_credits,other,1820,unknown_or_none,1_to_4_years,2,female_single,none,2,car_or_other,30,none,rent,1,manager_or_self_employed,2,yes,no,good,25_34
200_plus_dm,24,all_repaid_at_bank,furniture_equipment,2872,below_100_dm,7_plus_years,3,male_married_or_widowed,none,4,unknown_or_none,36,none,rent,1,skilled_employee_or_official,1,yes,no,good,35_49
0_to_200_dm,24,no_or_repaid_credits,used_car,1925,unknown_or_none,1_to_4_years,2,male_married_or_widowed,none,2,unknown_or_none,26,none,rent,1,skilled_employee_or_official,2,no,no,good,25_34
200_plus_dm,18,no_or_repaid_credits,used_car,2515,unknown_or_none,1_to_4_years,3,male_married_or_widowed,none,4,unknown_or_none,43,none,rent,1,skilled_employee_or_official,2,yes,no,good,35_49
0_to_200_dm,6,no_or_repaid_credits,used_car,2116,unknown_or_none,1_to_4_years,2,male_married_or_widowed,none,2,unknown_or_none,41,none,rent,1,skilled_employee_or_official,2,yes,no,good,35_49
200_plus_dm,18,no_or_repaid_credits,furniture_equipment,1453,unknown_or_none,under_1_year,3,female_non_single_or_male_single,none,1,unknown_or_none,26,none,rent,1,skilled_employee_or_official,2,no,no,good,25_34
200_plus_dm,10,no_or_repaid_credits,other,1364,unknown_or_none,1_to_4_years,2,female_non_single_or_male_single,none,4,savings_or_life_insurance,64,none,rent,1,skilled_employee_or_official,2,yes,no,good,50_plus
200_plus_dm,6,no_or_repaid_credits,used_car,1543,500_to_1000_dm,1_to_4_years,4,male_divorced_or_separated,none,2,unknown_or_none,33,none,rent,1,skilled_employee_or_official,2,no,no,good,25_34
below_0_dm,12,no_or_repaid_credits,other,1318,500_to_1000_dm,7_plus_years,4,male_married_or_widowed,none,4,unknown_or_none,54,none,rent,1,skilled_employee_or_official,2,yes,no,good,50_plus
no_checking_account,24,critical_or_other_credits,other,2325,below_100_dm,4_to_7_years,2,male_married_or_widowed,none,3,savings_or_life_insurance,32,bank,rent,1,skilled_employee_or_official,2,no,no,good,25_34
below_0_dm,6,all_repaid_at_bank,vacation,932,1000_plus_dm,4_to_7_years,1,female_non_single_or_male_single,none,3,car_or_other,39,none,rent,2,resident_unskilled,2,no,no,good,35_49
0_to_200_dm,24,all_repaid_at_bank,furniture_equipment,3148,1000_plus_dm,1_to_4_years,3,male_married_or_widowed,none,2,savings_or_life_insurance,31,none,rent,2,skilled_employee_or_official,2,yes,no,good,25_34
200_plus_dm,36,no_or_repaid_credits,furniture_equipment,3835,1000_plus_dm,7_plus_years,2,female_non_single_or_male_single,none,4,unknown_or_none,45,none,rent,1,resident_unskilled,2,yes,no,good,35_49
200_plus_dm,9,no_or_repaid_credits,repairs,3832,1000_plus_dm,7_plus_years,1,male_married_or_widowed,none,4,unknown_or_none,64,none,rent,1,resident_unskilled,2,no,no,good,50_plus
below_0_dm,24,no_or_repaid_credits,furniture_equipment,5084,1000_plus_dm,7_plus_years,2,female_non_single_or_male_single,none,4,savings_or_life_insurance,42,none,rent,1,skilled_employee_or_official,2,yes,no,good,35_49
200_plus_dm,9,all_repaid_at_bank,used_car,2406,unknown_or_none,unemployed,2,male_married_or_widowed,none,3,savings_or_life_insurance,31,none,rent,1,manager_or_self_employed,2,no,no,good,25_34
200_plus_dm,36,no_or_repaid_credits,furniture_equipment,2394,1000_plus_dm,1_to_4_years,4,female_non_single_or_male_single,none,4,savings_or_life_insurance,25,none,rent,1,skilled_employee_or_official,2,no,no,good,25_34
200_plus_dm,21,no_or_repaid_credits,new_car,2476,1000_plus_dm,7_plus_years,4,male_married_or_widowed,none,4,unknown_or_none,46,none,rent,1,manager_or_self_employed,2,yes,no,good,35_49
no_checking_account,24,no_or_repaid_credits,new_car,2964,1000_plus_dm,7_plus_years,4,male_married_or_widowed,none,4,real_estate,49,bank,own,1,skilled_employee_or_official,1,yes,no,good,35_49
no_checking_account,12,no_or_repaid_credits,used_car,1262,1000_plus_dm,7_plus_years,2,male_divorced_or_separated,none,4,car_or_other,49,none,rent,1,resident_unskilled,2,yes,no,good,35_49
200_plus_dm,12,no_or_repaid_credits,retraining,1542,unknown_or_none,4_to_7_years,2,male_married_or_widowed,none,4,savings_or_life_insurance,36,none,rent,1,skilled_employee_or_official,2,yes,no,good,35_49
below_0_dm,24,all_repaid_at_bank,furniture_equipment,1743,unknown_or_none,7_plus_years,4,male_married_or_widowed,none,2,car_or_other,48,none,rent,2,resident_unskilled,2,no,no,good,35_49
0_to_200_dm,12,critical_or_other_credits,furniture_equipment,409,500_to_1000_dm,1_to_4_years,3,female_non_single_or_male_single,none,3,unknown_or_none,42,none,free,2,skilled_employee_or_official,2,no,no,good,35_49
200_plus_dm,12,no_or_repaid_credits,furniture_equipment,2171,unknown_or_none,under_1_year,2,female_non_single_or_male_single,none,2,savings_or_life_insurance,29,bank,rent,1,skilled_employee_or_official,2,no,no,good,25_34
200_plus_dm,48,all_repaid_at_bank,new_car,8858,1000_plus_dm,4_to_7_years,2,male_married_or_widowed,none,1,real_estate,35,none,own,2,skilled_employee_or_official,2,yes,no,good,35_49
below_0_dm,24,no_or_repaid_credits,other,3512,below_100_dm,4_to_7_years,2,male_married_or_widowed,none,3,savings_or_life_insurance,38,bank,rent,2,skilled_employee_or_official,2,yes,no,good,35_49
below_0_dm,12,no_or_repaid_credits,furniture_equipment,1158,100_to_500_dm,1_to_4_years,3,male_divorced_or_separated,none,1,savings_or_life_insurance,26,none,rent,1,skilled_employee_or_official,2,yes,no,good,25_34
200_plus_dm,24,all_repaid_at_bank,furniture_equipment,2684,unknown_or_none,1_to_4_years,4,male_married_or_widowed,none,2,unknown_or_none,35,none,rent,2,resident_unskilled,2,no,no,good,35_49
no_checking_account,12,no_or_repaid_credits,furniture_equipment,1498,unknown_or_none,1_to_4_years,4,female_non_single_or_male_single,none,1,savings_or_life_insurance,23,bank,rent,1,skilled_employee_or_official,2,no,no,good,under_25
200_plus_dm,30,all_repaid_at_bank,furniture_equipment,5954,unknown_or_none,4_to_7_years,3,male_married_or_widowed,co_applicant,2,savings_or_life_insurance,38,none,rent,1,skilled_employee_or_official,2,no,no,good,35_49
below_0_dm,48,critical_or_other_credits,retraining,6416,unknown_or_none,7_plus_years,4,female_non_single_or_male_single,none,3,real_estate,59,none,free,1,skilled_employee_or_official,2,no,no,bad,50_plus
below_0_dm,12,all_repaid_at_bank,used_car,3617,unknown_or_none,7_plus_years,1,male_married_or_widowed,none,4,savings_or_life_insurance,28,none,free,3,skilled_employee_or_official,2,yes,no,good,25_34
200_plus_dm,12,all_repaid_at_bank,furniture_equipment,1291,unknown_or_none,1_to_4_years,4,female_non_single_or_male_single,none,2,car_or_other,35,none,rent,2,skilled_employee_or_official,2,no,no,good,35_49
0_to_200_dm,24,all_repaid_at_bank,retraining,1275,500_to_1000_dm,1_to_4_years,2,male_divorced_or_separated,none,4,unknown_or_none,36,none,rent,2,skilled_employee_or_official,2,yes,no,good,35_49
200_plus_dm,24,no_or_repaid_credits,used_car,3972,unknown_or_none,4_to_7_years,2,female_non_single_or_male_single,none,4,car_or_other,25,none,free,1,skilled_employee_or_official,2,yes,no,good,25_34
200_plus_dm,15,all_repaid_at_bank,used_car,3343,unknown_or_none,1_to_4_years,4,male_married_or_widowed,none,2,real_estate,28,none,own,1,skilled_employee_or_official,2,yes,no,good,25_34
0_to_200_dm,15,no_or_repaid_credits,repairs,392,unknown_or_none,under_1_year,4,female_non_single_or_male_single,none,4,car_or_other,23,none,free,1,skilled_employee_or_official,2,yes,no,good,under_25
200_plus_dm,9,all_repaid_at_bank,other,2134,unknown_or_none,1_to_4_years,4,male_married_or_widowed,none,4,savings_or_life_insurance,48,none,rent,3,skilled_employee_or_official,2,yes,no,good,35_49
200_plus_dm,30,all_repaid_at_bank,furniture_equipment,5771,unknown_or_none,4_to_7_years,4,female_non_single_or_male_single,none,2,savings_or_life_insurance,25,none,rent,2,skilled_employee_or_official,2,no,no,good,25_34
200_plus_dm,24,all_repaid_at_bank,retraining,4526,unknown_or_none,1_to_4_years,3,male_married_or_widowed,none,2,unknown_or_none,74,none,rent,1,manager_or_self_employed,2,yes,no,good,50_plus
200_plus_dm,15,all_repaid_at_bank,used_car,2788,unknown_or_none,4_to_7_years,2,female_non_single_or_male_single,co_applicant,3,savings_or_life_insurance,24,bank,rent,2,skilled_employee_or_official,2,no,no,good,under_25
200_plus_dm,6,all_repaid_at_bank,furniture_equipment,1382,unknown_or_none,1_to_4_years,1,female_non_single_or_male_single,none,1,savings_or_life_insurance,28,none,rent,2,skilled_employee_or_official,2,yes,no,good,25_34
0_to_200_dm,36,no_or_repaid_credits,furniture_equipment,5848,unknown_or_none,1_to_4_years,4,male_married_or_widowed,none,1,savings_or_life_insurance,24,none,rent,1,skilled_employee_or_official,2,no,no,good,under_25
no_checking_account,12,no_or_repaid_credits,other,1228,unknown_or_none,1_to_4_years,4,female_non_single_or_male_single,none,2,unknown_or_none,24,none,rent,1,resident_unskilled,2,no,no,bad,under_25
0_to_200_dm,12,no_or_repaid_credits,furniture_equipment,1297,unknown_or_none,1_to_4_years,3,female_single,none,4,unknown_or_none,23,none,free,1,skilled_employee_or_official,2,no,no,good,under_25
200_plus_dm,24,no_or_repaid_credits,furniture_equipment,1552,unknown_or_none,4_to_7_years,3,male_married_or_widowed,none,1,savings_or_life_insurance,32,bank,rent,1,skilled_employee_or_official,1,no,no,good,25_34
200_plus_dm,12,no_or_repaid_credits,furniture_equipment,1963,unknown_or_none,4_to_7_years,4,male_married_or_widowed,none,2,savings_or_life_insurance,31,none,free,2,manager_or_self_employed,1,yes,no,good,25_34
200_plus_dm,24,no_or_repaid_credits,furniture_equipment,3235,100_to_500_dm,7_plus_years,3,male_divorced_or_separated,none,2,savings_or_life_insurance,36,none,rent,1,manager_or_self_employed,2,yes,no,good,35_49
200_plus_dm,24,all_repaid_at_bank,retraining,4139,below_100_dm,1_to_4_years,3,male_married_or_widowed,none,3,car_or_other,27,none,rent,2,resident_unskilled,2,yes,no,good,25_34
below_0_dm,12,all_repaid_at_bank,new_car,1804,below_100_dm,under_1_year,3,male_married_or_widowed,none,4,car_or_other,44,none,rent,1,skilled_employee_or_official,2,no,no,good,35_49
200_plus_dm,18,no_or_repaid_credits,retraining,1950,unknown_or_none,4_to_7_years,4,male_married_or_widowed,none,1,savings_or_life_insurance,34,stores,rent,2,skilled_employee_or_official,2,yes,no,good,25_34
200_plus_dm,48,repaid_to_date,furniture_equipment,12749,100_to_500_dm,4_to_7_years,4,male_married_or_widowed,none,1,savings_or_life_insurance,37,none,rent,1,manager_or_self_employed,2,yes,no,good,35_49
200_plus_dm,9,no_or_repaid_credits,radio_television,1236,unknown_or_none,under_1_year,1,female_non_single_or_male_single,none,4,unknown_or_none,23,none,free,1,skilled_employee_or_official,2,yes,no,good,under_25
200_plus_dm,18,all_repaid_at_bank,other,1055,unknown_or_none,under_1_year,4,female_non_single_or_male_single,none,1,car_or_other,30,none,rent,2,skilled_employee_or_official,2,no,no,good,25_34
no_checking_account,30,past_delay,retraining,8072,1000_plus_dm,under_1_year,2,male_married_or_widowed,none,3,savings_or_life_insurance,25,bank,rent,3,skilled_employee_or_official,2,no,no,good,25_34
200_plus_dm,30,all_repaid_at_bank,furniture_equipment,2831,unknown_or_none,1_to_4_years,4,female_non_single_or_male_single,none,2,savings_or_life_insurance,33,none,rent,1,skilled_employee_or_official,2,yes,no,good,25_34
200_plus_dm,9,no_or_repaid_credits,retraining,1449,unknown_or_none,4_to_7_years,3,female_non_single_or_male_single,none,2,savings_or_life_insurance,27,none,rent,2,skilled_employee_or_official,2,no,no,good,25_34
200_plus_dm,36,no_or_repaid_credits,retraining,5742,below_100_dm,4_to_7_years,2,male_married_or_widowed,none,2,savings_or_life_insurance,31,none,rent,2,skilled_employee_or_official,2,yes,no,good,25_34
200_plus_dm,12,no_or_repaid_credits,other,2390,1000_plus_dm,7_plus_years,4,male_married_or_widowed,none,3,savings_or_life_insurance,50,none,rent,1,skilled_employee_or_official,2,yes,no,good,50_plus
200_plus_dm,24,no_or_repaid_credits,furniture_equipment,3430,100_to_500_dm,7_plus_years,3,male_married_or_widowed,none,2,savings_or_life_insurance,31,none,rent,1,skilled_employee_or_official,1,yes,no,good,25_34
below_0_dm,36,no_or_repaid_credits,repairs,2273,unknown_or_none,4_to_7_years,3,male_married_or_widowed,none,1,savings_or_life_insurance,32,none,rent,2,skilled_employee_or_official,1,no,no,good,25_34
0_to_200_dm,21,no_or_repaid_credits,other,2923,below_100_dm,1_to_4_years,1,female_non_single_or_male_single,none,1,savings_or_life_insurance,28,bank,rent,1,manager_or_self_employed,2,yes,no,good,25_34
200_plus_dm,24,no_or_repaid_credits,furniture_equipment,1901,below_100_dm,1_to_4_years,4,male_married_or_widowed,none,4,savings_or_life_insurance,29,none,free,1,manager_or_self_employed,2,yes,no,good,25_34
below_0_dm,36,no_or_repaid_credits,repairs,3711,1000_plus_dm,1_to_4_years,2,female_single,none,2,savings_or_life_insurance,27,none,rent,1,skilled_employee_or_official,2,no,no,good,25_34
below_0_dm,48,no_or_repaid_credits,other,8487,1000_plus_dm,4_to_7_years,1,female_non_single_or_male_single,none,2,savings_or_life_insurance,24,none,rent,1,skilled_employee_or_official,2,no,no,good,under_25
200_plus_dm,24,no_or_repaid_credits,other,2255,1000_plus_dm,under_1_year,4,male_married_or_widowed,none,1,car_or_other,54,none,rent,1,skilled_employee_or_official,2,no,no,good,50_plus
200_plus_dm,12,no_or_repaid_credits,furniture_equipment,1262,unknown_or_none,1_to_4_years,3,male_married_or_widowed,none,2,savings_or_life_insurance,25,none,rent,1,skilled_employee_or_official,2,no,no,good,25_34
200_plus_dm,33,all_repaid_at_bank,new_car,7253,unknown_or_none,4_to_7_years,3,male_married_or_widowed,none,2,savings_or_life_insurance,35,none,rent,2,manager_or_self_employed,2,yes,no,good,35_49
200_plus_dm,6,all_repaid_at_bank,other,6761,unknown_or_none,4_to_7_years,1,male_married_or_widowed,none,3,real_estate,45,none,rent,2,manager_or_self_employed,1,yes,no,good,35_49
200_plus_dm,18,all_repaid_at_bank,used_car,1817,unknown_or_none,1_to_4_years,4,female_non_single_or_male_single,none,2,real_estate,28,none,rent,2,skilled_employee_or_official,2,no,no,good,25_34
200_plus_dm,12,no_or_repaid_credits,furniture_equipment,2141,below_100_dm,4_to_7_years,3,male_married_or_widowed,none,1,real_estate,35,none,rent,1,skilled_employee_or_official,2,no,no,good,35_49
200_plus_dm,48,critical_or_other_credits,retraining,3609,unknown_or_none,1_to_4_years,1,female_non_single_or_male_single,none,1,unknown_or_none,27,stores,rent,1,skilled_employee_or_official,2,no,no,good,25_34
200_plus_dm,30,no_or_repaid_credits,furniture_equipment,2333,100_to_500_dm,7_plus_years,4,male_married_or_widowed,none,2,savings_or_life_insurance,30,bank,rent,1,manager_or_self_employed,2,no,no,good,25_34
200_plus_dm,28,critical_or_other_credits,new_car,7824,1000_plus_dm,under_1_year,3,male_married_or_widowed,guarantor,4,unknown_or_none,40,bank,free,2,skilled_employee_or_official,1,yes,no,good,35_49
0_to_200_dm,18,critical_or_other_credits,furniture_equipment,1445,1000_plus_dm,4_to_7_years,4,male_married_or_widowed,none,4,savings_or_life_insurance,49,bank,rent,1,resident_unskilled,2,no,no,good,35_49
no_checking_account,24,no_or_repaid_credits,used_car,7721,1000_plus_dm,under_1_year,1,female_non_single_or_male_single,none,2,car_or_other,30,none,rent,1,skilled_employee_or_official,2,yes,yes,good,25_34
no_checking_account,21,no_or_repaid_credits,other,3763,1000_plus_dm,4_to_7_years,2,male_married_or_widowed,co_applicant,2,unknown_or_none,24,none,rent,1,resident_unskilled,2,no,yes,good,under_25
below_0_dm,18,no_or_repaid_credits,retraining,4439,unknown_or_none,7_plus_years,1,male_married_or_widowed,co_applicant,1,unknown_or_none,33,bank,rent,1,manager_or_self_employed,2,yes,no,good,25_34
no_checking_account,12,no_or_repaid_credits,furniture_equipment,1107,unknown_or_none,1_to_4_years,2,male_married_or_widowed,none,2,unknown_or_none,20,none,free,1,manager_or_self_employed,1,yes,no,good,under_25
below_0_dm,15,no_or_repaid_credits,furniture_equipment,1444,1000_plus_dm,under_1_year,4,male_married_or_widowed,none,1,car_or_other,23,none,rent,1,skilled_employee_or_official,2,no,no,good,under_25
below_0_dm,48,critical_or_other_credits,other,12169,1000_plus_dm,unemployed,4,male_married_or_widowed,co_applicant,4,real_estate,36,none,own,1,manager_or_self_employed,2,yes,no,good,35_49
200_plus_dm,9,no_or_repaid_credits,furniture_equipment,2753,below_100_dm,7_plus_years,3,male_married_or_widowed,co_applicant,4,savings_or_life_insurance,35,none,rent,1,skilled_employee_or_official,2,yes,no,good,35_49
0_to_200_dm,4,no_or_repaid_credits,other,1494,1000_plus_dm,under_1_year,1,male_married_or_widowed,none,2,unknown_or_none,29,none,rent,1,resident_unskilled,1,no,yes,good,25_34
no_checking_account,24,critical_or_other_credits,used_car,2828,100_to_500_dm,1_to_4_years,4,male_married_or_widowed,none,4,unknown_or_none,22,stores,rent,1,skilled_employee_or_official,2,yes,no,good,under_25
no_checking_account,24,critical_or_other_credits,used_car,2483,100_to_500_dm,1_to_4_years,4,male_married_or_widowed,none,4,unknown_or_none,22,stores,rent,1,skilled_employee_or_official,2,yes,no,good,under_25
0_to_200_dm,6,all_repaid_at_bank,other,1299,unknown_or_none,1_to_4_years,1,male_married_or_widowed,none,1,unknown_or_none,74,none,rent,3,unemployed_or_nonresident_unskilled,1,no,yes,good,50_plus
below_0_dm,9,no_or_repaid_credits,other,1549,1000_plus_dm,under_1_year,4,male_married_or_widowed,none,2,unknown_or_none,35,none,rent,1,unemployed_or_nonresident_unskilled,2,no,no,good,35_49
0_to_200_dm,10,no_or_repaid_credits,other,3949,unknown_or_none,under_1_year,1,male_married_or_widowed,guarantor,1,car_or_other,37,none,rent,1,resident_unskilled,1,no,no,good,35_49
200_plus_dm,10,no_or_repaid_credits,new_car,2901,1000_plus_dm,under_1_year,1,female_non_single_or_male_single,none,4,unknown_or_none,31,none,free,1,skilled_employee_or_official,2,no,no,good,25_34
0_to_200_dm,6,no_or_repaid_credits,other,709,500_to_1000_dm,under_1_year,2,female_single,none,2,unknown_or_none,27,none,rent,1,unemployed_or_nonresident_unskilled,2,no,yes,good,25_34
no_checking_account,47,no_or_repaid_credits,other,10722,unknown_or_none,under_1_year,1,female_non_single_or_male_single,none,1,unknown_or_none,35,none,rent,1,resident_unskilled,2,yes,no,good,35_49
200_plus_dm,10,no_or_repaid_credits,other,1287,1000_plus_dm,7_plus_years,4,male_married_or_widowed,co_applicant,2,car_or_other,45,none,rent,1,resident_unskilled,2,no,yes,good,35_49
no_checking_account,18,critical_or_other_credits,furniture_equipment,1940,unknown_or_none,under_1_year,3,male_married_or_widowed,co_applicant,4,real_estate,36,bank,own,1,manager_or_self_employed,2,yes,no,good,35_49
0_to_200_dm,30,all_repaid_at_bank,furniture_equipment,3656,1000_plus_dm,7_plus_years,4,male_married_or_widowed,none,4,car_or_other,49,stores,rent,2,resident_unskilled,2,no,no,good,35_49
200_plus_dm,24,repaid_to_date,new_car,4679,unknown_or_none,4_to_7_years,3,male_married_or_widowed,none,3,savings_or_life_insurance,35,none,rent,2,resident_unskilled,2,yes,no,good,35_49
200_plus_dm,27,repaid_to_date,new_car,8613,500_to_1000_dm,1_to_4_years,2,male_married_or_widowed,none,2,savings_or_life_insurance,27,none,rent,2,skilled_employee_or_official,2,no,no,good,25_34
no_checking_account,18,no_or_repaid_credits,used_car,2659,500_to_1000_dm,1_to_4_years,4,male_married_or_widowed,none,2,savings_or_life_insurance,28,none,rent,1,skilled_employee_or_official,2,no,no,good,25_34
200_plus_dm,24,all_repaid_at_bank,furniture_equipment,1516,500_to_1000_dm,1_to_4_years,4,female_non_single_or_male_single,none,1,unknown_or_none,43,none,rent,2,resident_unskilled,2,no,no,good,35_49
no_checking_account,18,no_or_repaid_credits,other,4380,below_100_dm,1_to_4_years,3,male_married_or_widowed,none,4,savings_or_life_insurance,35,none,rent,1,resident_unskilled,1,yes,no,good,35_49
200_plus_dm,14,repaid_to_date,other,802,unknown_or_none,1_to_4_years,4,male_married_or_widowed,none,2,savings_or_life_insurance,27,none,rent,2,resident_unskilled,2,no,no,good,25_34
200_plus_dm,21,no_or_repaid_credits,retraining,1572,500_to_1000_dm,7_plus_years,4,female_non_single_or_male_single,none,4,unknown_or_none,36,bank,rent,1,resident_unskilled,2,no,no,good,35_49
below_0_dm,48,critical_or_other_credits,retraining,3566,below_100_dm,4_to_7_years,4,male_married_or_widowed,none,2,savings_or_life_insurance,30,none,rent,1,skilled_employee_or_official,2,no,no,good,25_34
200_plus_dm,24,no_or_repaid_credits,furniture_equipment,1278,unknown_or_none,7_plus_years,4,male_married_or_widowed,none,1,unknown_or_none,36,none,rent,1,manager_or_self_employed,2,yes,no,good,35_49
200_plus_dm,6,past_delay,furniture_equipment,426,unknown_or_none,7_plus_years,4,female_single,none,4,savings_or_life_insurance,39,none,rent,1,resident_unskilled,2,no,no,good,35_49
200_plus_dm,39,no_or_repaid_credits,new_car,8588,below_100_dm,7_plus_years,4,male_married_or_widowed,none,2,savings_or_life_insurance,45,none,rent,1,manager_or_self_employed,2,yes,no,good,35_49
no_checking_account,30,no_or_repaid_credits,new_car,3857,unknown_or_none,1_to_4_years,4,male_divorced_or_separated,none,4,car_or_other,40,none,rent,1,manager_or_self_employed,2,yes,no,good,35_49
below_0_dm,12,no_or_repaid_credits,other,685,unknown_or_none,4_to_7_years,2,female_single,none,3,savings_or_life_insurance,25,bank,rent,1,resident_unskilled,2,no,no,bad,25_34
no_checking_account,24,no_or_repaid_credits,furniture_equipment,1603,unknown_or_none,7_plus_years,4,female_non_single_or_male_single,none,4,savings_or_life_insurance,55,none,rent,1,skilled_employee_or_official,2,no,no,good,50_plus
200_plus_dm,21,no_or_repaid_credits,used_car,2241,unknown_or_none,7_plus_years,4,male_married_or_widowed,none,2,unknown_or_none,50,none,rent,2,skilled_employee_or_official,2,no,no,good,50_plus
no_checking_account,24,no_or_repaid_credits,furniture_equipment,2384,unknown_or_none,7_plus_years,4,male_married_or_widowed,none,4,unknown_or_none,64,bank,free,1,resident_unskilled,2,no,no,good,50_plus
200_plus_dm,4,no_or_repaid_credits,used_car,601,unknown_or_none,under_1_year,1,female_non_single_or_male_single,none,3,unknown_or_none,23,none,free,1,resident_unskilled,1,no,no,good,under_25
200_plus_dm,39,no_or_repaid_credits,new_car,2569,100_to_500_dm,1_to_4_years,4,male_married_or_widowed,none,4,savings_or_life_insurance,24,none,rent,1,skilled_employee_or_official,2,no,no,good,under_25
200_plus_dm,15,all_repaid_at_bank,furniture_equipment,1316,100_to_500_dm,1_to_4_years,2,female_single,none,2,car_or_other,47,none,rent,2,resident_unskilled,2,no,no,good,35_49
200_plus_dm,60,no_or_repaid_credits,other,10366,unknown_or_none,7_plus_years,2,male_married_or_widowed,none,4,car_or_other,42,none,rent,1,manager_or_self_employed,2,yes,no,good,35_49
200_plus_dm,18,no_or_repaid_credits,retraining,1568,below_100_dm,1_to_4_years,3,female_non_single_or_male_single,none,4,car_or_other,24,none,free,1,resident_unskilled,2,no,no,good,under_25
200_plus_dm,18,all_repaid_at_bank,furniture_equipment,629,100_to_500_dm,7_plus_years,4,male_married_or_widowed,none,3,car_or_other,32,bank,rent,2,manager_or_self_employed,2,yes,no,good,25_34
200_plus_dm,6,critical_or_other_credits,furniture_equipment,1750,100_to_500_dm,7_plus_years,2,male_married_or_widowed,none,4,car_or_other,45,bank,rent,1,resident_unskilled,1,no,no,good,35_49
200_plus_dm,24,no_or_repaid_credits,new_car,3488,below_100_dm,4_to_7_years,3,female_non_single_or_male_single,none,4,savings_or_life_insurance,23,none,rent,1,skilled_employee_or_official,2,no,no,good,under_25
200_plus_dm,18,all_repaid_at_bank,furniture_equipment,1800,unknown_or_none,1_to_4_years,4,male_married_or_widowed,none,2,savings_or_life_insurance,24,none,rent,2,skilled_employee_or_official,2,no,no,good,under_25
200_plus_dm,24,repaid_to_date,used_car,4151,below_100_dm,1_to_4_years,2,male_married_or_widowed,none,3,car_or_other,35,none,rent,2,skilled_employee_or_official,2,no,no,good,35_49
below_0_dm,15,no_or_repaid_credits,domestic_appliances,2631,below_100_dm,1_to_4_years,3,female_non_single_or_male_single,none,2,unknown_or_none,25,none,rent,1,resident_unskilled,2,no,no,good,25_34
200_plus_dm,21,no_or_repaid_credits,new_car,5248,1000_plus_dm,1_to_4_years,1,male_married_or_widowed,none,3,savings_or_life_insurance,26,none,rent,1,skilled_employee_or_official,2,no,no,good,25_34
below_0_dm,18,repaid_to_date,other,2899,1000_plus_dm,7_plus_years,4,male_married_or_widowed,none,4,savings_or_life_insurance,43,none,rent,1,skilled_employee_or_official,1,no,no,good,35_49
below_0_dm,18,repaid_to_date,domestic_appliances,6204,unknown_or_none,1_to_4_years,2,male_married_or_widowed,none,4,unknown_or_none,44,none,rent,1,resident_unskilled,1,yes,no,good,35_49
200_plus_dm,12,no_or_repaid_credits,furniture_equipment,804,unknown_or_none,7_plus_years,4,male_married_or_widowed,none,4,savings_or_life_insurance,38,none,rent,1,skilled_employee_or_official,2,no,no,good,35_49
200_plus_dm,36,no_or_repaid_credits,furniture_equipment,3595,unknown_or_none,7_plus_years,4,male_married_or_widowed,none,2,savings_or_life_insurance,28,none,rent,1,skilled_employee_or_official,2,no,no,good,25_34
200_plus_dm,36,all_repaid_at_bank,new_car,5711,500_to_1000_dm,7_plus_years,4,male_married_or_widowed,none,2,savings_or_life_insurance,38,none,rent,2,manager_or_self_employed,2,yes,no,good,35_49
0_to_200_dm,15,no_or_repaid_credits,retraining,2687,unknown_or_none,4_to_7_years,2,male_married_or_widowed,none,4,car_or_other,26,none,free,1,skilled_employee_or_official,2,yes,no,good,25_34
no_checking_account,15,repaid_to_date,used_car,3643,unknown_or_none,7_plus_years,1,female_non_single_or_male_single,none,4,car_or_other,27,none,rent,2,resident_unskilled,2,no,no,good,25_34
200_plus_dm,10,all_repaid_at_bank,used_car,2146,unknown_or_none,under_1_year,1,female_non_single_or_male_single,none,3,unknown_or_none,23,none,free,2,skilled_employee_or_official,2,no,no,good,under_25
no_checking_account,10,no_or_repaid_credits,furniture_equipment,2315,unknown_or_none,7_plus_years,3,male_married_or_widowed,none,4,unknown_or_none,52,none,rent,1,resident_unskilled,2,no,no,good,50_plus
200_plus_dm,5,no_or_repaid_credits,retraining,3448,unknown_or_none,4_to_7_years,1,male_married_or_widowed,none,4,unknown_or_none,74,none,rent,1,resident_unskilled,2,no,no,good,50_plus
200_plus_dm,15,no_or_repaid_credits,used_car,2708,unknown_or_none,under_1_year,2,male_married_or_widowed,none,3,car_or_other,27,bank,rent,2,resident_unskilled,2,no,no,good,25_34
200_plus_dm,11,all_repaid_at_bank,other,1393,unknown_or_none,under_1_year,4,female_non_single_or_male_single,none,4,savings_or_life_insurance,35,none,rent,2,manager_or_self_employed,2,no,no,good,35_49
0_to_200_dm,10,no_or_repaid_credits,used_car,1275,unknown_or_none,under_1_year,4,female_non_single_or_male_single,none,2,car_or_other,23,none,rent,1,skilled_employee_or_official,2,no,no,good,under_25
200_plus_dm,9,no_or_repaid_credits,used_car,1313,unknown_or_none,7_plus_years,1,male_married_or_widowed,none,4,savings_or_life_insurance,20,none,rent,1,skilled_employee_or_official,2,no,no,good,under_25
200_plus_dm,12,no_or_repaid_credits,furniture_equipment,1493,unknown_or_none,under_1_year,4,female_non_single_or_male_single,none,3,savings_or_life_insurance,34,none,rent,1,skilled_employee_or_official,1,no,no,good,25_34
200_plus_dm,22,no_or_repaid_credits,furniture_equipment,2675,100_to_500_dm,7_plus_years,3,male_married_or_widowed,none,4,savings_or_life_insurance,40,none,rent,1,skilled_employee_or_official,2,no,no,good,35_49
below_0_dm,9,no_or_repaid_credits,furniture_equipment,2118,unknown_or_none,1_to_4_years,2,male_married_or_widowed,none,2,unknown_or_none,37,none,rent,1,resident_unskilled,1,no,no,good,35_49
200_plus_dm,36,no_or_repaid_credits,other,909,100_to_500_dm,7_plus_years,4,male_married_or_widowed,none,4,car_or_other,36,none,rent,1,skilled_employee_or_official,2,no,no,good,35_49
200_plus_dm,12,all_repaid_at_bank,used_car,1258,unknown_or_none,under_1_year,2,female_non_single_or_male_single,none,4,car_or_other,22,none,free,2,resident_unskilled,2,no,no,good,under_25
200_plus_dm,15,critical_or_other_credits,furniture_equipment,1569,below_100_dm,7_plus_years,4,male_married_or_widowed,none,4,savings_or_life_insurance,34,bank,rent,1,resident_unskilled,1,no,no,good,25_34
200_plus_dm,6,no_or_repaid_credits,new_car,1236,100_to_500_dm,1_to_4_years,2,male_married_or_widowed,none,4,car_or_other,50,none,free,1,skilled_employee_or_official,2,no,no,good,50_plus
200_plus_dm,36,repaid_to_date,used_car,7678,100_to_500_dm,4_to_7_years,2,female_non_single_or_male_single,none,4,savings_or_life_insurance,40,none,rent,2,skilled_employee_or_official,2,yes,no,good,35_49
200_plus_dm,6,no_or_repaid_credits,domestic_appliances,660,100_to_500_dm,4_to_7_years,2,female_single,none,4,unknown_or_none,23,none,free,1,resident_unskilled,2,no,no,good,under_25
200_plus_dm,24,no_or_repaid_credits,used_car,2835,100_to_500_dm,7_plus_years,3,male_married_or_widowed,none,4,car_or_other,53,none,rent,1,skilled_employee_or_official,2,no,no,good,50_plus
200_plus_dm,24,no_or_repaid_credits,new_car,2670,unknown_or_none,7_plus_years,4,male_married_or_widowed,none,4,savings_or_life_insurance,35,none,rent,1,manager_or_self_employed,2,yes,no,good,35_49
200_plus_dm,12,critical_or_other_credits,vacation,3447,100_to_500_dm,1_to_4_years,4,female_non_single_or_male_single,none,3,unknown_or_none,35,none,rent,1,resident_unskilled,1,no,no,good,35_49
200_plus_dm,15,no_or_repaid_credits,furniture_equipment,3568,unknown_or_none,7_plus_years,4,female_non_single_or_male_single,none,2,savings_or_life_insurance,54,bank,free,1,manager_or_self_employed,2,yes,no,good,50_plus
below_0_dm,21,all_repaid_at_bank,retraining,3652,unknown_or_none,4_to_7_years,2,male_married_or_widowed,none,3,car_or_other,27,none,rent,2,skilled_employee_or_official,2,no,no,good,25_34
no_checking_account,24,no_or_repaid_credits,furniture_equipment,3660,unknown_or_none,1_to_4_years,2,female_non_single_or_male_single,none,4,savings_or_life_insurance,28,none,rent,1,skilled_employee_or_official,2,no,no,good,25_34
0_to_200_dm,9,no_or_repaid_credits,furniture_equipment,1126,below_100_dm,7_plus_years,2,male_divorced_or_separated,none,4,unknown_or_none,49,none,rent,1,skilled_employee_or_official,2,no,no,good,35_49
0_to_200_dm,6,repaid_to_date,furniture_equipment,683,unknown_or_none,under_1_year,2,female_non_single_or_male_single,none,1,car_or_other,29,bank,rent,1,skilled_employee_or_official,2,no,no,good,25_34
0_to_200_dm,12,no_or_repaid_credits,used_car,2251,unknown_or_none,1_to_4_years,1,female_non_single_or_male_single,none,2,savings_or_life_insurance,46,none,rent,1,resident_unskilled,2,no,no,good,35_49
200_plus_dm,12,no_or_repaid_credits,new_car,4675,1000_plus_dm,under_1_year,1,female_non_single_or_male_single,none,4,savings_or_life_insurance,20,none,free,1,skilled_employee_or_official,2,no,no,good,under_25
below_0_dm,21,repaid_to_date,other,2353,unknown_or_none,1_to_4_years,1,male_divorced_or_separated,none,4,car_or_other,47,none,rent,2,skilled_employee_or_official,2,no,no,good,35_49
no_checking_account,21,no_or_repaid_credits,furniture_equipment,3357,500_to_1000_dm,under_1_year,4,female_non_single_or_male_single,none,2,savings_or_life_insurance,29,bank,rent,1,skilled_employee_or_official,2,no,no,good,25_34
200_plus_dm,6,no_or_repaid_credits,other,672,unknown_or_none,unemployed,1,female_non_single_or_male_single,none,4,unknown_or_none,54,none,rent,1,unemployed_or_nonresident_unskilled,2,yes,no,good,50_plus
no_checking_account,6,all_repaid_at_bank,furniture_equipment,338,100_to_500_dm,7_plus_years,4,male_married_or_widowed,none,4,savings_or_life_insurance,52,none,rent,2,skilled_employee_or_official,2,no,no,good,50_plus
200_plus_dm,9,no_or_repaid_credits,furniture_equipment,2697,unknown_or_none,1_to_4_years,1,male_married_or_widowed,none,2,unknown_or_none,32,none,rent,1,skilled_employee_or_official,1,no,no,good,25_34
200_plus_dm,9,no_or_repaid_credits,other,2507,100_to_500_dm,7_plus_years,2,male_married_or_widowed,none,4,real_estate,51,none,own,1,resident_unskilled,2,no,no,good,50_plus
200_plus_dm,15,repaid_to_date,furniture_equipment,1478,unknown_or_none,1_to_4_years,4,female_single,none,3,unknown_or_none,33,bank,rent,2,skilled_employee_or_official,2,no,no,good,25_34
200_plus_dm,12,all_repaid_at_bank,repairs,3565,1000_plus_dm,under_1_year,2,male_married_or_widowed,none,1,car_or_other,37,none,rent,2,resident_unskilled,1,no,no,good,35_49
200_plus_dm,15,no_or_repaid_credits,used_car,2221,100_to_500_dm,1_to_4_years,2,female_non_single_or_male_single,none,4,savings_or_life_insurance,20,none,free,1,skilled_employee_or_official,2,no,no,good,under_25
200_plus_dm,6,all_repaid_at_bank,furniture_equipment,1898,1000_plus_dm,1_to_4_years,1,male_married_or_widowed,none,2,unknown_or_none,34,none,rent,2,resident_unskilled,1,no,no,good,25_34
below_0_dm,6,repaid_to_date,retraining,1449,below_100_dm,7_plus_years,1,male_divorced_or_separated,none,2,savings_or_life_insurance,31,bank,rent,2,skilled_employee_or_official,1,no,no,good,25_34
200_plus_dm,15,repaid_to_date,used_car,960,500_to_1000_dm,4_to_7_years,3,female_non_single_or_male_single,none,2,car_or_other,30,none,rent,2,skilled_employee_or_official,2,no,no,good,25_34
200_plus_dm,36,no_or_repaid_credits,new_car,8133,unknown_or_none,1_to_4_years,1,female_non_single_or_male_single,none,2,car_or_other,30,bank,rent,1,skilled_employee_or_official,2,no,no,good,25_34
200_plus_dm,9,no_or_repaid_credits,used_car,2301,below_100_dm,under_1_year,2,female_non_single_or_male_single,none,4,car_or_other,22,none,free,1,skilled_employee_or_official,2,no,no,good,under_25
200_plus_dm,6,repaid_to_date,retraining,1743,below_100_dm,1_to_4_years,1,male_married_or_widowed,none,2,unknown_or_none,34,none,rent,2,resident_unskilled,2,no,no,good,25_34
below_0_dm,12,no_or_repaid_credits,used_car,983,500_to_1000_dm,under_1_year,1,female_non_single_or_male_single,none,4,unknown_or_none,19,none,free,1,resident_unskilled,2,no,no,good,under_25
200_plus_dm,18,repaid_to_date,furniture_equipment,2320,unknown_or_none,unemployed,2,female_single,none,3,unknown_or_none,34,none,rent,2,skilled_employee_or_official,2,no,no,good,25_34
no_checking_account,12,critical_or_other_credits,vacation,339,unknown_or_none,7_plus_years,4,female_single,none,1,savings_or_life_insurance,45,bank,rent,1,resident_unskilled,2,no,no,good,35_49
0_to_200_dm,24,no_or_repaid_credits,furniture_equipment,5152,unknown_or_none,4_to_7_years,4,male_married_or_widowed,none,2,savings_or_life_insurance,25,bank,rent,1,skilled_employee_or_official,2,no,no,good,25_34
0_to_200_dm,24,no_or_repaid_credits,used_car,3749,unknown_or_none,under_1_year,2,female_non_single_or_male_single,none,4,savings_or_life_insurance,26,none,rent,1,skilled_employee_or_official,2,no,no,good,25_34
200_plus_dm,9,all_repaid_at_bank,furniture_equipment,3074,1000_plus_dm,1_to_4_years,1,male_married_or_widowed,none,2,unknown_or_none,33,none,rent,2,skilled_employee_or_official,1,no,no,good,25_34
0_to_200_dm,9,no_or_repaid_credits,furniture_equipment,745,unknown_or_none,1_to_4_years,3,female_non_single_or_male_single,none,2,unknown_or_none,28,none,rent,1,resident_unskilled,2,no,no,bad,25_34
200_plus_dm,24,no_or_repaid_credits,other,1469,below_100_dm,7_plus_years,4,female_single,none,4,unknown_or_none,41,none,free,1,resident_unskilled,2,no,no,good,35_49
no_checking_account,6,no_or_repaid_credits,used_car,1374,unknown_or_none,1_to_4_years,1,male_married_or_widowed,none,2,unknown_or_none,36,bank,rent,1,resident_unskilled,2,yes,no,good,35_49
200_plus_dm,6,critical_or_other_credits,other,783,1000_plus_dm,1_to_4_years,1,male_married_or_widowed,guarantor,2,unknown_or_none,26,stores,rent,1,resident_unskilled,1,no,no,good,25_34
no_checking_account,21,no_or_repaid_credits,furniture_equipment,2606,unknown_or_none,under_1_year,4,female_non_single_or_male_single,none,4,car_or_other,28,none,free,1,manager_or_self_employed,2,yes,no,good,25_34
200_plus_dm,54,past_delay,new_car,9436,1000_plus_dm,1_to_4_years,2,male_married_or_widowed,none,2,car_or_other,39,none,rent,1,resident_unskilled,1,no,no,good,35_49
200_plus_dm,12,all_repaid_at_bank,furniture_equipment,930,1000_plus_dm,7_plus_years,4,male_married_or_widowed,none,4,unknown_or_none,65,none,rent,4,skilled_employee_or_official,2,no,no,good,50_plus
200_plus_dm,48,all_repaid_at_bank,new_car,2751,1000_plus_dm,7_plus_years,4,male_married_or_widowed,none,3,savings_or_life_insurance,38,none,rent,2,skilled_employee_or_official,1,yes,no,good,35_49
200_plus_dm,6,all_repaid_at_bank,other,250,500_to_1000_dm,1_to_4_years,2,female_non_single_or_male_single,none,2,unknown_or_none,41,bank,rent,2,resident_unskilled,2,no,no,good,35_49
below_0_dm,24,no_or_repaid_credits,other,1201,unknown_or_none,under_1_year,4,male_married_or_widowed,none,1,car_or_other,26,none,rent,1,skilled_employee_or_official,2,no,no,good,25_34
no_checking_account,6,no_or_repaid_credits,other,662,unknown_or_none,under_1_year,3,male_married_or_widowed,none,4,unknown_or_none,41,none,rent,1,resident_unskilled,1,yes,no,good,35_49
200_plus_dm,15,no_or_repaid_credits,new_car,1300,1000_plus_dm,7_plus_years,4,male_married_or_widowed,none,4,real_estate,45,bank,own,1,skilled_employee_or_official,1,no,no,good,35_49
200_plus_dm,24,critical_or_other_credits,retraining,1559,unknown_or_none,4_to_7_years,4,male_married_or_widowed,none,4,savings_or_life_insurance,40,bank,rent,1,skilled_employee_or_official,2,yes,no,good,35_49
0_to_200_dm,12,no_or_repaid_credits,furniture_equipment,3016,unknown_or_none,1_to_4_years,3,female_single,none,1,savings_or_life_insurance,24,none,rent,1,skilled_employee_or_official,2,no,no,good,under_25
200_plus_dm,15,all_repaid_at_bank,furniture_equipment,1360,unknown_or_none,1_to_4_years,4,male_married_or_widowed,none,2,car_or_other,31,none,rent,2,skilled_employee_or_official,2,no,no,good,25_34
200_plus_dm,6,past_delay,other,1204,below_100_dm,1_to_4_years,4,male_married_or_widowed,none,1,real_estate,35,bank,free,1,skilled_employee_or_official,2,no,yes,good,35_49
200_plus_dm,10,no_or_repaid_credits,other,1597,100_to_500_dm,1_to_4_years,3,male_married_or_widowed,none,2,real_estate,40,none,free,1,resident_unskilled,1,no,yes,good,35_49
200_plus_dm,12,no_or_repaid_credits,furniture_equipment,2073,below_100_dm,1_to_4_years,4,female_non_single_or_male_single,co_applicant,2,unknown_or_none,28,none,rent,1,skilled_employee_or_official,2,no,no,good,25_34
200_plus_dm,11,no_or_repaid_credits,retraining,2142,500_to_1000_dm,7_plus_years,1,male_divorced_or_separated,none,2,unknown_or_none,28,none,rent,1,skilled_employee_or_official,2,yes,no,good,25_34
no_checking_account,10,all_repaid_at_bank,used_car,2132,1000_plus_dm,under_1_year,2,female_non_single_or_male_single,co_applicant,3,unknown_or_none,27,none,free,2,skilled_employee_or_official,2,no,yes,good,25_34
200_plus_dm,10,no_or_repaid_credits,other,1546,unknown_or_none,1_to_4_years,3,male_married_or_widowed,none,2,unknown_or_none,31,none,rent,1,resident_unskilled,1,no,yes,good,25_34
200_plus_dm,24,all_repaid_at_bank,other,1287,500_to_1000_dm,7_plus_years,4,female_non_single_or_male_single,none,4,unknown_or_none,37,none,rent,2,skilled_employee_or_official,2,yes,no,good,35_49
200_plus_dm,10,no_or_repaid_credits,other,1418,below_100_dm,1_to_4_years,3,male_married_or_widowed,none,2,unknown_or_none,35,none,free,1,resident_unskilled,2,no,yes,good,35_49
0_to_200_dm,6,all_repaid_at_bank,other,1343,unknown_or_none,7_plus_years,1,male_married_or_widowed,none,4,unknown_or_none,46,none,rent,2,skilled_employee_or_official,1,no,yes,good,35_49
200_plus_dm,18,no_or_repaid_credits,other,2662,1000_plus_dm,4_to_7_years,4,male_married_or_widowed,none,3,car_or_other,32,none,rent,1,skilled_employee_or_official,2,no,yes,good,25_34
200_plus_dm,18,all_repaid_at_bank,furniture_equipment,6070,unknown_or_none,7_plus_years,3,male_married_or_widowed,none,4,savings_or_life_insurance,33,none,rent,2,skilled_employee_or_official,2,yes,no,good,25_34
200_plus_dm,24,all_repaid_at_bank,repairs,1927,1000_plus_dm,1_to_4_years,3,female_non_single_or_male_single,none,2,savings_or_life_insurance,33,none,rent,2,skilled_employee_or_official,2,yes,no,good,25_34
200_plus_dm,18,all_repaid_at_bank,furniture_equipment,2404,unknown_or_none,1_to_4_years,2,female_non_single_or_male_single,none,2,savings_or_life_insurance,26,none,rent,2,skilled_employee_or_official,2,no,no,good,25_34
200_plus_dm,6,all_repaid_at_bank,furniture_equipment,1554,unknown_or_none,4_to_7_years,1,female_non_single_or_male_single,none,2,savings_or_life_insurance,24,none,free,2,skilled_employee_or_official,2,yes,no,good,under_25
200_plus_dm,22,no_or_repaid_credits,other,1283,1000_plus_dm,4_to_7_years,4,female_non_single_or_male_single,none,4,car_or_other,25,none,free,1,skilled_employee_or_official,2,no,no,good,25_34
200_plus_dm,24,repaid_to_date,other,717,1000_plus_dm,7_plus_years,4,female_single,none,4,savings_or_life_insurance,54,none,rent,2,skilled_employee_or_official,2,yes,no,good,50_plus
no_checking_account,24,no_or_repaid_credits,used_car,1747,unknown_or_none,under_1_year,4,male_married_or_widowed,co_applicant,1,car_or_other,24,none,rent,1,resident_unskilled,2,no,yes,good,under_25
no_checking_account,9,all_repaid_at_bank,domestic_appliances,1288,below_100_dm,7_plus_years,3,male_married_or_widowed,guarantor,4,unknown_or_none,48,none,rent,2,skilled_employee_or_official,1,no,yes,good,35_49
no_checking_account,10,all_repaid_at_bank,other,1038,unknown_or_none,4_to_7_years,4,male_married_or_widowed,co_applicant,3,car_or_other,49,none,rent,2,skilled_employee_or_official,2,yes,no,good,35_49
200_plus_dm,10,no_or_repaid_credits,new_car,2848,below_100_dm,1_to_4_years,1,male_married_or_widowed,co_applicant,2,unknown_or_none,32,none,rent,1,skilled_employee_or_official,1,no,no,good,25_34
200_plus_dm,12,no_or_repaid_credits,new_car,1413,500_to_1000_dm,4_to_7_years,3,male_married_or_widowed,none,2,car_or_other,55,none,rent,1,skilled_employee_or_official,2,no,yes,good,50_plus
200_plus_dm,30,all_repaid_at_bank,furniture_equipment,3077,1000_plus_dm,7_plus_years,3,male_married_or_widowed,none,2,savings_or_life_insurance,40,none,rent,2,skilled_employee_or_official,1,yes,no,good,35_49
no_checking_account,24,critical_or_other_credits,new_car,3632,unknown_or_none,1_to_4_years,1,female_non_single_or_male_single,guarantor,4,savings_or_life_insurance,22,bank,free,1,skilled_employee_or_official,2,no,yes,good,under_25
200_plus_dm,18,all_repaid_at_bank,new_car,3229,1000_plus_dm,unemployed,2,male_married_or_widowed,none,4,real_estate,38,none,rent,1,manager_or_self_employed,2,yes,no,good,35_49
200_plus_dm,9,no_or_repaid_credits,other,3577,below_100_dm,1_to_4_years,1,male_married_or_widowed,guarantor,2,unknown_or_none,26,none,free,1,skilled_employee_or_official,1,no,yes,good,25_34
200_plus_dm,12,all_repaid_at_bank,other,682,below_100_dm,4_to_7_years,4,female_non_single_or_male_single,none,3,savings_or_life_insurance,51,none,rent,2,skilled_employee_or_official,2,yes,no,good,50_plus
200_plus_dm,10,no_or_repaid_credits,furniture_equipment,1924,unknown_or_none,1_to_4_years,1,male_married_or_widowed,none,4,car_or_other,38,none,rent,1,skilled_employee_or_official,2,yes,yes,good,35_49
200_plus_dm,10,no_or_repaid_credits,repairs,727,100_to_500_dm,7_plus_years,4,male_married_or_widowed,none,4,real_estate,46,none,own,1,skilled_employee_or_official,2,yes,no,good,35_49
0_to_200_dm,10,all_repaid_at_bank,other,781,unknown_or_none,7_plus_years,4,male_married_or_widowed,none,4,real_estate,63,none,own,2,skilled_employee_or_official,2,yes,no,good,50_plus
no_checking_account,12,all_repaid_at_bank,other,2121,unknown_or_none,1_to_4_years,4,male_married_or_widowed,none,2,car_or_other,30,none,rent,2,skilled_employee_or_official,2,no,no,good,25_34
200_plus_dm,12,all_repaid_at_bank,repairs,701,unknown_or_none,1_to_4_years,4,male_married_or_widowed,none,2,savings_or_life_insurance,32,none,rent,2,skilled_employee_or_official,2,no,no,good,25_34
200_plus_dm,10,all_repaid_at_bank,used_car,2069,1000_plus_dm,1_to_4_years,2,female_single,none,1,savings_or_life_insurance,26,none,rent,2,skilled_employee_or_official,2,no,yes,good,25_34
200_plus_dm,24,no_or_repaid_credits,other,1525,500_to_1000_dm,4_to_7_years,4,female_non_single_or_male_single,none,3,savings_or_life_insurance,34,none,rent,1,skilled_employee_or_official,1,yes,no,good,25_34
200_plus_dm,48,all_repaid_at_bank,retraining,7629,1000_plus_dm,7_plus_years,4,male_divorced_or_separated,none,2,savings_or_life_insurance,46,bank,rent,2,manager_or_self_employed,1,no,no,good,35_49
no_checking_account,12,all_repaid_at_bank,other,3499,unknown_or_none,1_to_4_years,3,female_non_single_or_male_single,co_applicant,2,unknown_or_none,29,none,rent,2,skilled_employee_or_official,2,no,no,bad,25_34
200_plus_dm,6,no_or_repaid_credits,furniture_equipment,1346,below_100_dm,7_plus_years,2,male_married_or_widowed,none,4,real_estate,42,bank,own,1,skilled_employee_or_official,1,yes,no,good,35_49
200_plus_dm,36,all_repaid_at_bank,new_car,10477,1000_plus_dm,7_plus_years,2,male_married_or_widowed,none,4,real_estate,42,none,own,2,skilled_employee_or_official,2,no,no,good,35_49
no_checking_account,24,no_or_repaid_credits,new_car,2924,unknown_or_none,1_to_4_years,3,male_married_or_widowed,guarantor,4,real_estate,63,bank,rent,1,skilled_employee_or_official,1,yes,no,good,50_plus
200_plus_dm,10,all_repaid_at_bank,other,1231,unknown_or_none,7_plus_years,3,male_married_or_widowed,none,4,unknown_or_none,32,none,rent,2,resident_unskilled,1,no,yes,good,25_34
0_to_200_dm,18,no_or_repaid_credits,other,1961,unknown_or_none,7_plus_years,3,female_non_single_or_male_single,none,2,savings_or_life_insurance,23,none,rent,1,manager_or_self_employed,2,no,no,good,under_25
200_plus_dm,15,all_repaid_at_bank,other,5045,1000_plus_dm,7_plus_years,1,female_non_single_or_male_single,none,4,savings_or_life_insurance,59,none,rent,1,skilled_employee_or_official,2,yes,no,good,50_plus
200_plus_dm,12,all_repaid_at_bank,other,1255,unknown_or_none,7_plus_years,4,male_married_or_widowed,none,4,unknown_or_none,61,none,rent,2,resident_unskilled,2,no,no,good,50_plus
no_checking_account,12,no_or_repaid_credits,used_car,1858,unknown_or_none,under_1_year,4,female_non_single_or_male_single,none,1,savings_or_life_insurance,22,none,free,1,skilled_employee_or_official,2,no,no,good,under_25
200_plus_dm,6,all_repaid_at_bank,used_car,1221,1000_plus_dm,1_to_4_years,1,female_single,none,2,car_or_other,27,none,rent,2,skilled_employee_or_official,2,no,no,good,25_34
200_plus_dm,9,no_or_repaid_credits,used_car,1388,unknown_or_none,1_to_4_years,4,female_non_single_or_male_single,none,2,unknown_or_none,26,none,free,1,skilled_employee_or_official,2,no,no,good,25_34
200_plus_dm,12,no_or_repaid_credits,furniture_equipment,2279,1000_plus_dm,1_to_4_years,4,male_married_or_widowed,none,4,real_estate,37,none,own,1,skilled_employee_or_official,2,yes,no,good,35_49
200_plus_dm,12,past_delay,used_car,2759,unknown_or_none,7_plus_years,2,male_married_or_widowed,none,4,car_or_other,34,none,rent,2,skilled_employee_or_official,2,no,no,good,25_34
0_to_200_dm,24,no_or_repaid_credits,furniture_equipment,1258,100_to_500_dm,1_to_4_years,3,female_non_single_or_male_single,none,3,savings_or_life_insurance,57,none,rent,1,resident_unskilled,2,no,no,good,50_plus
below_0_dm,12,past_delay,vacation,1410,unknown_or_none,1_to_4_years,2,male_married_or_widowed,none,2,unknown_or_none,31,none,rent,1,resident_unskilled,2,yes,no,good,25_34
no_checking_account,15,no_or_repaid_credits,other,1403,unknown_or_none,1_to_4_years,2,female_non_single_or_male_single,none,4,savings_or_life_insurance,28,none,free,1,skilled_employee_or_official,2,no,no,good,25_34
no_checking_account,24,no_or_repaid_credits,used_car,3021,unknown_or_none,1_to_4_years,2,male_divorced_or_separated,none,2,unknown_or_none,24,none,free,1,resident_unskilled,2,no,no,good,under_25
no_checking_account,24,no_or_repaid_credits,retraining,6568,unknown_or_none,1_to_4_years,2,female_single,none,2,savings_or_life_insurance,21,stores,rent,1,resident_unskilled,2,no,no,good,under_25
200_plus_dm,24,all_repaid_at_bank,furniture_equipment,2578,500_to_1000_dm,7_plus_years,2,male_married_or_widowed,none,2,savings_or_life_insurance,34,none,rent,1,skilled_employee_or_official,2,no,no,good,25_34
below_0_dm,24,all_repaid_at_bank,new_car,7758,500_to_1000_dm,7_plus_years,2,female_non_single_or_male_single,none,4,real_estate,29,none,free,1,skilled_employee_or_official,2,no,no,good,25_34
no_checking_account,6,no_or_repaid_credits,radio_television,343,unknown_or_none,under_1_year,4,female_non_single_or_male_single,none,1,unknown_or_none,27,none,rent,1,skilled_employee_or_official,2,no,no,good,25_34
200_plus_dm,21,repaid_to_date,used_car,1591,below_100_dm,4_to_7_years,4,male_married_or_widowed,none,3,unknown_or_none,34,none,rent,2,manager_or_self_employed,2,no,no,good,25_34
no_checking_account,27,no_or_repaid_credits,furniture_equipment,3416,unknown_or_none,1_to_4_years,3,male_married_or_widowed,none,2,savings_or_life_insurance,27,none,rent,1,manager_or_self_employed,2,no,no,good,25_34
no_checking_account,12,past_delay,domestic_appliances,1108,unknown_or_none,4_to_7_years,4,male_married_or_widowed,none,3,unknown_or_none,28,none,rent,2,skilled_employee_or_official,2,no,no,bad,25_34
below_0_dm,27,repaid_to_date,new_car,5965,unknown_or_none,7_plus_years,1,male_married_or_widowed,none,2,savings_or_life_insurance,30,none,rent,2,manager_or_self_employed,2,yes,no,good,25_34
below_0_dm,15,no_or_repaid_credits,domestic_appliances,1514,below_100_dm,1_to_4_years,4,male_married_or_widowed,guarantor,2,unknown_or_none,22,none,rent,1,skilled_employee_or_official,2,no,no,good,under_25
200_plus_dm,30,all_repaid_at_bank,furniture_equipment,6742,1000_plus_dm,4_to_7_years,2,male_married_or_widowed,none,3,car_or_other,36,none,rent,2,skilled_employee_or_official,2,no,no,good,35_49
no_checking_account,18,no_or_repaid_credits,used_car,3650,unknown_or_none,under_1_year,1,female_non_single_or_male_single,none,4,savings_or_life_insurance,22,none,free,1,skilled_employee_or_official,2,no,no,good,under_25
no_checking_account,21,no_or_repaid_credits,used_car,3599,unknown_or_none,4_to_7_years,1,female_non_single_or_male_single,none,4,savings_or_life_insurance,26,none,free,1,resident_unskilled,2,no,no,good,25_34
200_plus_dm,60,all_repaid_at_bank,other,13756,1000_plus_dm,7_plus_years,2,male_married_or_widowed,none,4,real_estate,63,bank,own,1,manager_or_self_employed,2,yes,no,good,50_plus
below_0_dm,9,no_or_repaid_credits,other,276,unknown_or_none,1_to_4_years,4,female_single,none,4,unknown_or_none,22,none,free,1,resident_unskilled,2,no,no,good,under_25
200_plus_dm,42,all_repaid_at_bank,used_car,4041,100_to_500_dm,1_to_4_years,4,male_married_or_widowed,none,4,unknown_or_none,36,none,rent,2,skilled_employee_or_official,2,yes,no,good,35_49
below_0_dm,9,no_or_repaid_credits,furniture_equipment,458,unknown_or_none,1_to_4_years,4,male_married_or_widowed,none,3,unknown_or_none,24,none,rent,1,skilled_employee_or_official,2,no,no,good,under_25
below_0_dm,9,no_or_repaid_credits,used_car,918,unknown_or_none,1_to_4_years,4,female_non_single_or_male_single,none,1,car_or_other,30,none,rent,1,skilled_employee_or_official,2,no,no,bad,25_34
200_plus_dm,24,no_or_repaid_credits,other,7393,unknown_or_none,1_to_4_years,1,male_married_or_widowed,none,4,car_or_other,43,none,rent,1,resident_unskilled,1,no,no,good,35_49
0_to_200_dm,10,no_or_repaid_credits,radio_television,1225,unknown_or_none,1_to_4_years,2,male_married_or_widowed,none,2,savings_or_life_insurance,37,none,rent,1,skilled_employee_or_official,2,yes,no,good,35_49
no_checking_account,24,no_or_repaid_credits,new_car,2812,1000_plus_dm,7_plus_years,2,female_non_single_or_male_single,none,4,unknown_or_none,26,none,free,1,skilled_employee_or_official,2,no,no,good,25_34
200_plus_dm,15,no_or_repaid_credits,new_car,3029,unknown_or_none,4_to_7_years,2,male_married_or_widowed,none,2,savings_or_life_insurance,33,none,rent,1,skilled_employee_or_official,2,no,no,good,25_34
0_to_200_dm,12,all_repaid_at_bank,other,1480,100_to_500_dm,unemployed,2,male_married_or_widowed,none,4,real_estate,66,bank,own,3,unemployed_or_nonresident_unskilled,2,no,no,good,50_plus
0_to_200_dm,6,all_repaid_at_bank,repairs,1047,unknown_or_none,1_to_4_years,2,female_non_single_or_male_single,none,4,car_or_other,50,none,rent,1,resident_unskilled,2,no,no,good,50_plus
200_plus_dm,15,all_repaid_at_bank,furniture_equipment,1471,unknown_or_none,1_to_4_years,4,male_married_or_widowed,none,4,real_estate,35,none,own,2,skilled_employee_or_official,2,yes,no,good,35_49
200_plus_dm,24,no_or_repaid_credits,used_car,5511,below_100_dm,1_to_4_years,4,male_married_or_widowed,none,1,savings_or_life_insurance,25,stores,rent,1,skilled_employee_or_official,2,no,no,good,25_34
below_0_dm,9,no_or_repaid_credits,furniture_equipment,1206,unknown_or_none,7_plus_years,4,female_non_single_or_male_single,none,4,unknown_or_none,25,none,rent,1,skilled_employee_or_official,2,no,no,good,25_34
below_0_dm,24,repaid_to_date,furniture_equipment,6403,unknown_or_none,under_1_year,1,male_married_or_widowed,none,2,savings_or_life_insurance,33,none,rent,1,skilled_employee_or_official,2,no,no,good,25_34
200_plus_dm,12,no_or_repaid_credits,furniture_equipment,707,unknown_or_none,1_to_4_years,4,male_married_or_widowed,none,2,unknown_or_none,30,bank,rent,2,skilled_employee_or_official,2,no,no,good,25_34
200_plus_dm,12,repaid_to_date,new_car,1503,unknown_or_none,1_to_4_years,4,female_single,none,4,unknown_or_none,41,none,free,1,skilled_employee_or_official,2,no,no,good,35_49
below_0_dm,12,no_or_repaid_credits,other,6078,unknown_or_none,4_to_7_years,2,male_married_or_widowed,none,2,savings_or_life_insurance,32,none,rent,1,skilled_employee_or_official,2,no,no,good,25_34
below_0_dm,27,no_or_repaid_credits,retraining,2528,unknown_or_none,under_1_year,4,female_non_single_or_male_single,none,1,car_or_other,32,none,rent,1,skilled_employee_or_official,1,yes,no,good,25_34
below_0_dm,12,no_or_repaid_credits,retraining,1037,below_100_dm,4_to_7_years,3,male_married_or_widowed,none,4,unknown_or_none,39,none,rent,1,resident_unskilled,2,no,no,good,35_49
no_checking_account,6,no_or_repaid_credits,new_car,1352,100_to_500_dm,unemployed,1,female_non_single_or_male_single,none,2,car_or_other,23,none,free,1,unemployed_or_nonresident_unskilled,2,yes,no,good,under_25
200_plus_dm,24,no_or_repaid_credits,furniture_equipment,3181,unknown_or_none,under_1_year,4,female_non_single_or_male_single,none,4,car_or_other,26,none,rent,1,skilled_employee_or_official,2,yes,no,good,25_34
200_plus_dm,18,no_or_repaid_credits,furniture_equipment,4594,unknown_or_none,under_1_year,3,male_married_or_widowed,none,2,savings_or_life_insurance,32,none,rent,1,skilled_employee_or_official,2,yes,no,good,25_34
below_0_dm,48,no_or_repaid_credits,business,5381,1000_plus_dm,unemployed,3,male_married_or_widowed,none,4,real_estate,40,bank,own,1,unemployed_or_nonresident_unskilled,2,yes,no,good,35_49
200_plus_dm,15,no_or_repaid_credits,new_car,4657,unknown_or_none,1_to_4_years,3,male_married_or_widowed,none,2,savings_or_life_insurance,30,none,rent,1,skilled_employee_or_official,2,yes,no,good,25_34
below_0_dm,9,no_or_repaid_credits,retraining,1391,unknown_or_none,1_to_4_years,2,female_single,none,1,unknown_or_none,27,bank,rent,1,skilled_employee_or_official,2,yes,no,good,25_34
below_0_dm,18,no_or_repaid_credits,retraining,1913,500_to_1000_dm,under_1_year,3,female_single,none,3,unknown_or_none,36,bank,rent,1,skilled_employee_or_official,2,yes,no,good,35_49
200_plus_dm,42,no_or_repaid_credits,furniture_equipment,7166,1000_plus_dm,4_to_7_years,2,female_single,none,4,car_or_other,29,none,free,1,skilled_employee_or_official,2,yes,no,good,25_34
200_plus_dm,13,no_or_repaid_credits,furniture_equipment,1409,below_100_dm,unemployed,2,female_non_single_or_male_single,none,4,unknown_or_none,64,none,rent,1,skilled_employee_or_official,2,no,no,good,50_plus
200_plus_dm,24,repaid_to_date,retraining,2978,1000_plus_dm,1_to_4_years,4,male_married_or_widowed,none,4,unknown_or_none,32,none,rent,2,skilled_employee_or_official,1,yes,no,good,25_34
200_plus_dm,12,all_repaid_at_bank,furniture_equipment,976,1000_plus_dm,7_plus_years,4,male_married_or_widowed,none,4,savings_or_life_insurance,35,none,rent,2,skilled_employee_or_official,2,no,no,good,35_49
200_plus_dm,24,repaid_to_date,retraining,2375,100_to_500_dm,1_to_4_years,4,male_married_or_widowed,none,2,savings_or_life_insurance,44,none,rent,2,skilled_employee_or_official,1,yes,no,good,35_49
200_plus_dm,12,all_repaid_at_bank,furniture_equipment,522,100_to_500_dm,7_plus_years,4,male_married_or_widowed,none,4,car_or_other,42,none,rent,2,skilled_employee_or_official,1,yes,no,good,35_49
200_plus_dm,28,all_repaid_at_bank,furniture_equipment,2743,unknown_or_none,7_plus_years,4,male_married_or_widowed,none,2,savings_or_life_insurance,29,none,rent,2,skilled_employee_or_official,2,no,no,good,25_34
200_plus_dm,11,all_repaid_at_bank,furniture_equipment,1154,below_100_dm,unemployed,4,female_non_single_or_male_single,none,4,unknown_or_none,57,none,rent,3,resident_unskilled,2,no,no,good,50_plus
200_plus_dm,24,all_repaid_at_bank,new_car,5804,500_to_1000_dm,1_to_4_years,4,male_married_or_widowed,none,2,unknown_or_none,27,none,rent,2,skilled_employee_or_official,2,no,no,good,25_34
200_plus_dm,18,all_repaid_at_bank,furniture_equipment,1169,1000_plus_dm,1_to_4_years,4,male_married_or_widowed,none,3,car_or_other,29,none,rent,2,skilled_employee_or_official,2,yes,no,good,25_34
no_checking_account,15,all_repaid_at_bank,used_car,1478,unknown_or_none,7_plus_years,4,male_married_or_widowed,none,4,savings_or_life_insurance,44,none,rent,2,skilled_employee_or_official,1,yes,no,good,35_49
200_plus_dm,12,no_or_repaid_credits,furniture_equipment,776,unknown_or_none,1_to_4_years,4,female_single,none,2,unknown_or_none,28,none,rent,1,skilled_employee_or_official,2,no,no,good,25_34
below_0_dm,11,all_repaid_at_bank,other,1322,500_to_1000_dm,1_to_4_years,4,female_non_single_or_male_single,none,4,savings_or_life_insurance,40,none,rent,2,skilled_employee_or_official,2,no,no,good,35_49
below_0_dm,16,all_repaid_at_bank,other,1175,unknown_or_none,unemployed,2,male_married_or_widowed,none,3,savings_or_life_insurance,68,none,own,3,unemployed_or_nonresident_unskilled,2,yes,no,good,50_plus
200_plus_dm,12,no_or_repaid_credits,other,2133,1000_plus_dm,7_plus_years,4,female_non_single_or_male_single,none,4,real_estate,52,none,own,1,manager_or_self_employed,2,yes,no,good,50_plus
200_plus_dm,15,all_repaid_at_bank,furniture_equipment,1829,unknown_or_none,7_plus_years,4,male_married_or_widowed,none,4,savings_or_life_insurance,46,none,rent,2,skilled_employee_or_official,2,yes,no,good,35_49
200_plus_dm,12,all_repaid_at_bank,furniture_equipment,717,unknown_or_none,7_plus_years,4,male_married_or_widowed,none,4,unknown_or_none,52,none,rent,3,skilled_employee_or_official,2,no,no,good,50_plus
below_0_dm,39,repaid_to_date,repairs,11760,below_100_dm,4_to_7_years,2,male_married_or_widowed,none,3,real_estate,32,none,free,1,skilled_employee_or_official,2,yes,no,good,25_34
below_0_dm,9,all_repaid_at_bank,repairs,1501,unknown_or_none,7_plus_years,2,female_non_single_or_male_single,none,3,savings_or_life_insurance,34,none,rent,2,manager_or_self_employed,2,yes,no,bad,25_34
no_checking_account,12,no_or_repaid_credits,repairs,1200,1000_plus_dm,1_to_4_years,4,female_non_single_or_male_single,none,4,car_or_other,23,bank,free,1,skilled_employee_or_official,2,yes,no,good,under_25
below_0_dm,9,no_or_repaid_credits,other,3195,1000_plus_dm,1_to_4_years,1,female_non_single_or_male_single,none,2,unknown_or_none,33,none,rent,1,resident_unskilled,2,no,no,good,25_34
200_plus_dm,30,all_repaid_at_bank,furniture_equipment,4530,unknown_or_none,4_to_7_years,4,female_non_single_or_male_single,none,4,savings_or_life_insurance,26,none,free,1,manager_or_self_employed,2,yes,no,good,25_34
200_plus_dm,12,repaid_to_date,domestic_appliances,1555,500_to_1000_dm,7_plus_years,4,male_married_or_widowed,none,4,real_estate,55,none,own,2,skilled_employee_or_official,1,no,no,bad,50_plus
below_0_dm,15,all_repaid_at_bank,retraining,2326,100_to_500_dm,1_to_4_years,2,male_married_or_widowed,none,4,savings_or_life_insurance,27,bank,rent,1,skilled_employee_or_official,2,no,no,good,25_34
below_0_dm,18,all_repaid_at_bank,retraining,1887,1000_plus_dm,1_to_4_years,4,female_single,none,4,unknown_or_none,28,bank,rent,2,skilled_employee_or_official,2,no,no,good,25_34
200_plus_dm,12,all_repaid_at_bank,retraining,1264,1000_plus_dm,7_plus_years,4,male_married_or_widowed,none,4,real_estate,57,none,free,1,resident_unskilled,2,no,no,good,50_plus
200_plus_dm,7,repaid_to_date,furniture_equipment,846,1000_plus_dm,7_plus_years,3,male_married_or_widowed,none,4,real_estate,36,none,own,1,skilled_employee_or_official,2,no,no,good,35_49
200_plus_dm,15,all_repaid_at_bank,repairs,1532,below_100_dm,1_to_4_years,4,female_non_single_or_male_single,none,3,savings_or_life_insurance,31,none,rent,1,skilled_employee_or_official,2,no,no,good,25_34
200_plus_dm,6,repaid_to_date,furniture_equipment,935,unknown_or_none,1_to_4_years,3,female_non_single_or_male_single,none,2,unknown_or_none,24,none,rent,1,skilled_employee_or_official,2,no,no,good,under_25
no_checking_account,27,all_repaid_at_bank,retraining,2442,unknown_or_none,7_plus_years,4,male_married_or_widowed,none,4,savings_or_life_insurance,43,stores,rent,4,manager_or_self_employed,1,yes,no,good,35_49
below_0_dm,18,all_repaid_at_bank,retraining,3590,unknown_or_none,unemployed,3,female_single,none,3,savings_or_life_insurance,40,none,rent,3,unemployed_or_nonresident_unskilled,1,yes,no,good,35_49
200_plus_dm,21,all_repaid_at_bank,used_car,2288,unknown_or_none,under_1_year,4,female_non_single_or_male_single,none,4,car_or_other,23,none,rent,1,skilled_employee_or_official,2,yes,no,good,under_25
200_plus_dm,27,repaid_to_date,retraining,5117,unknown_or_none,4_to_7_years,3,male_married_or_widowed,none,4,savings_or_life_insurance,26,none,rent,2,skilled_employee_or_official,2,no,no,good,25_34
no_checking_account,39,all_repaid_at_bank,used_car,14179,1000_plus_dm,4_to_7_years,4,male_married_or_widowed,none,4,car_or_other,30,none,rent,2,manager_or_self_employed,2,yes,no,good,25_34
200_plus_dm,15,no_or_repaid_credits,furniture_equipment,1386,1000_plus_dm,1_to_4_years,4,female_single,none,2,unknown_or_none,40,none,free,1,skilled_employee_or_official,2,yes,no,good,35_49
200_plus_dm,12,all_repaid_at_bank,furniture_equipment,618,unknown_or_none,7_plus_years,4,male_married_or_widowed,none,4,unknown_or_none,56,none,rent,1,skilled_employee_or_official,2,no,no,good,50_plus
200_plus_dm,12,no_or_repaid_credits,used_car,1574,unknown_or_none,1_to_4_years,4,male_married_or_widowed,none,2,unknown_or_none,50,none,rent,1,skilled_employee_or_official,2,no,no,good,50_plus
200_plus_dm,6,all_repaid_at_bank,furniture_equipment,700,1000_plus_dm,7_plus_years,4,male_married_or_widowed,none,4,real_estate,36,none,own,2,skilled_employee_or_official,2,no,no,good,35_49
200_plus_dm,12,no_or_repaid_credits,furniture_equipment,886,1000_plus_dm,1_to_4_years,4,female_non_single_or_male_single,none,2,savings_or_life_insurance,21,none,rent,1,skilled_employee_or_official,2,no,no,good,under_25
200_plus_dm,36,no_or_repaid_credits,new_car,4686,unknown_or_none,1_to_4_years,2,male_married_or_widowed,none,2,real_estate,32,none,own,1,manager_or_self_employed,2,yes,no,good,25_34
below_0_dm,9,no_or_repaid_credits,furniture_equipment,790,100_to_500_dm,1_to_4_years,4,female_non_single_or_male_single,none,3,unknown_or_none,66,none,rent,1,resident_unskilled,2,no,no,good,50_plus
below_0_dm,12,no_or_repaid_credits,furniture_equipment,766,100_to_500_dm,1_to_4_years,4,male_married_or_widowed,none,3,unknown_or_none,66,none,rent,1,resident_unskilled,2,no,no,bad,50_plus
no_checking_account,20,no_or_repaid_credits,used_car,2212,1000_plus_dm,4_to_7_years,4,male_married_or_widowed,none,4,savings_or_life_insurance,39,none,rent,1,skilled_employee_or_official,2,yes,no,good,35_49
below_0_dm,10,no_or_repaid_credits,other,7308,unknown_or_none,unemployed,2,male_married_or_widowed,none,4,real_estate,70,bank,own,1,manager_or_self_employed,2,yes,no,good,50_plus
below_0_dm,24,all_repaid_at_bank,repairs,5743,unknown_or_none,under_1_year,2,female_non_single_or_male_single,none,4,real_estate,24,none,own,2,skilled_employee_or_official,2,yes,no,good,under_25
no_checking_account,14,no_or_repaid_credits,other,3973,unknown_or_none,unemployed,1,male_married_or_widowed,none,4,real_estate,22,none,own,1,skilled_employee_or_official,2,no,no,good,under_25
below_0_dm,60,repaid_to_date,furniture_equipment,7418,1000_plus_dm,1_to_4_years,1,male_married_or_widowed,none,1,unknown_or_none,27,none,rent,1,resident_unskilled,2,no,no,good,25_34
below_0_dm,20,repaid_to_date,business,2629,unknown_or_none,1_to_4_years,2,male_married_or_widowed,none,3,savings_or_life_insurance,29,bank,rent,2,skilled_employee_or_official,2,yes,no,good,25_34
below_0_dm,18,no_or_repaid_credits,retraining,1941,500_to_1000_dm,1_to_4_years,4,male_married_or_widowed,none,2,car_or_other,35,none,rent,1,resident_unskilled,2,yes,no,good,35_49
below_0_dm,24,repaid_to_date,used_car,2333,1000_plus_dm,under_1_year,4,male_married_or_widowed,none,2,car_or_other,29,bank,rent,1,resident_unskilled,2,no,no,good,25_34
200_plus_dm,12,no_or_repaid_credits,new_car,2445,1000_plus_dm,under_1_year,2,female_single,none,4,savings_or_life_insurance,26,none,free,1,skilled_employee_or_official,2,yes,no,good,25_34
below_0_dm,20,no_or_repaid_credits,new_car,6468,1000_plus_dm,unemployed,1,male_divorced_or_separated,none,4,unknown_or_none,60,none,rent,1,manager_or_self_employed,2,yes,no,good,50_plus
below_0_dm,18,all_repaid_at_bank,used_car,7374,unknown_or_none,unemployed,4,male_married_or_widowed,none,4,car_or_other,40,stores,rent,2,manager_or_self_employed,2,yes,no,good,35_49
200_plus_dm,15,no_or_repaid_credits,new_car,3812,below_100_dm,under_1_year,1,female_non_single_or_male_single,none,4,savings_or_life_insurance,23,none,rent,1,skilled_employee_or_official,2,yes,no,good,under_25
no_checking_account,28,no_or_repaid_credits,other,4006,unknown_or_none,1_to_4_years,3,male_married_or_widowed,none,2,savings_or_life_insurance,45,none,rent,1,resident_unskilled,2,no,no,bad,35_49
below_0_dm,12,no_or_repaid_credits,other,7472,1000_plus_dm,unemployed,1,female_non_single_or_male_single,none,2,unknown_or_none,24,none,free,1,unemployed_or_nonresident_unskilled,2,no,no,good,under_25
0_to_200_dm,12,no_or_repaid_credits,used_car,1424,1000_plus_dm,7_plus_years,3,female_non_single_or_male_single,none,4,unknown_or_none,55,none,rent,1,manager_or_self_employed,2,yes,no,good,50_plus
below_0_dm,12,no_or_repaid_credits,new_car,2028,1000_plus_dm,1_to_4_years,4,male_married_or_widowed,none,2,savings_or_life_insurance,30,none,rent,1,skilled_employee_or_official,2,no,no,good,25_34
200_plus_dm,15,no_or_repaid_credits,other,5324,100_to_500_dm,7_plus_years,1,female_non_single_or_male_single,none,4,real_estate,35,none,own,1,skilled_employee_or_official,2,no,no,good,35_49
below_0_dm,36,no_or_repaid_credits,furniture_equipment,2323,unknown_or_none,4_to_7_years,4,male_married_or_widowed,none,4,savings_or_life_insurance,24,none,free,1,skilled_employee_or_official,2,no,no,good,under_25
200_plus_dm,12,no_or_repaid_credits,repairs,1393,unknown_or_none,7_plus_years,4,male_married_or_widowed,none,4,car_or_other,47,bank,rent,3,skilled_employee_or_official,1,yes,no,good,35_49
200_plus_dm,18,no_or_repaid_credits,used_car,1984,unknown_or_none,1_to_4_years,4,male_married_or_widowed,none,4,real_estate,47,bank,own,2,skilled_employee_or_official,2,no,no,good,35_49
200_plus_dm,24,no_or_repaid_credits,furniture_equipment,999,1000_plus_dm,7_plus_years,4,male_married_or_widowed,none,2,savings_or_life_insurance,25,none,rent,2,skilled_employee_or_official,2,no,no,good,25_34
200_plus_dm,36,no_or_repaid_credits,retraining,7409,1000_plus_dm,7_plus_years,3,male_married_or_widowed,none,2,car_or_other,37,none,rent,2,skilled_employee_or_official,2,no,no,good,35_49
200_plus_dm,15,no_or_repaid_credits,used_car,2186,1000_plus_dm,4_to_7_years,1,female_non_single_or_male_single,none,4,unknown_or_none,33,bank,free,1,resident_unskilled,2,no,no,good,25_34
0_to_200_dm,36,no_or_repaid_credits,furniture_equipment,4473,unknown_or_none,7_plus_years,4,male_married_or_widowed,none,2,savings_or_life_insurance,31,none,rent,1,skilled_employee_or_official,2,no,no,good,25_34
200_plus_dm,24,no_or_repaid_credits,vacation,937,unknown_or_none,under_1_year,4,female_single,none,3,savings_or_life_insurance,27,none,rent,2,resident_unskilled,2,no,no,good,25_34
200_plus_dm,18,no_or_repaid_credits,used_car,3422,unknown_or_none,7_plus_years,4,male_married_or_widowed,none,4,car_or_other,47,bank,rent,3,skilled_employee_or_official,1,yes,no,good,35_49
200_plus_dm,24,no_or_repaid_credits,furniture_equipment,3105,1000_plus_dm,under_1_year,4,male_married_or_widowed,none,2,savings_or_life_insurance,25,none,rent,2,skilled_employee_or_official,2,no,no,good,25_34
200_plus_dm,12,all_repaid_at_bank,repairs,2748,unknown_or_none,7_plus_years,2,female_non_single_or_male_single,none,4,real_estate,57,bank,own,3,resident_unskilled,2,no,no,good,50_plus
below_0_dm,18,no_or_repaid_credits,domestic_appliances,3872,unknown_or_none,unemployed,2,female_non_single_or_male_single,none,4,savings_or_life_insurance,67,none,rent,1,skilled_employee_or_official,2,yes,no,good,50_plus
200_plus_dm,27,no_or_repaid_credits,domestic_appliances,5190,1000_plus_dm,7_plus_years,4,male_married_or_widowed,none,4,car_or_other,48,none,rent,4,skilled_employee_or_official,1,yes,no,good,35_49
below_0_dm,18,no_or_repaid_credits,used_car,3001,unknown_or_none,4_to_7_years,2,female_non_single_or_male_single,none,4,unknown_or_none,40,none,free,1,skilled_employee_or_official,2,no,no,good,35_49
200_plus_dm,24,repaid_to_date,retraining,3863,unknown_or_none,1_to_4_years,1,male_married_or_widowed,none,2,real_estate,32,none,own,1,skilled_employee_or_official,2,no,no,good,25_34
200_plus_dm,12,all_repaid_at_bank,used_car,5801,1000_plus_dm,7_plus_years,2,male_married_or_widowed,none,4,car_or_other,49,none,free,1,skilled_employee_or_official,2,yes,yes,good,35_49
200_plus_dm,12,all_repaid_at_bank,used_car,1592,500_to_1000_dm,4_to_7_years,3,female_non_single_or_male_single,none,2,car_or_other,35,none,rent,1,skilled_employee_or_official,2,no,no,good,35_49
200_plus_dm,12,all_repaid_at_bank,retraining,1185,unknown_or_none,1_to_4_years,3,female_non_single_or_male_single,none,2,unknown_or_none,27,none,rent,2,skilled_employee_or_official,2,no,no,good,25_34
200_plus_dm,18,all_repaid_at_bank,used_car,3780,unknown_or_none,under_1_year,3,male_divorced_or_separated,none,2,savings_or_life_insurance,35,none,rent,2,manager_or_self_employed,2,yes,no,good,35_49
below_0_dm,18,all_repaid_at_bank,used_car,3612,unknown_or_none,7_plus_years,3,female_non_single_or_male_single,none,4,car_or_other,37,none,rent,1,skilled_employee_or_official,2,yes,yes,good,35_49
200_plus_dm,12,no_or_repaid_credits,retraining,1076,unknown_or_none,1_to_4_years,2,female_single,none,2,unknown_or_none,26,none,rent,1,skilled_employee_or_official,2,yes,no,good,25_34
200_plus_dm,12,no_or_repaid_credits,other,3527,1000_plus_dm,under_1_year,2,male_married_or_widowed,none,3,car_or_other,45,none,rent,1,manager_or_self_employed,1,yes,no,good,35_49
200_plus_dm,18,no_or_repaid_credits,furniture_equipment,2051,unknown_or_none,under_1_year,4,male_married_or_widowed,none,1,unknown_or_none,33,none,rent,1,skilled_employee_or_official,2,no,no,good,25_34
200_plus_dm,12,all_repaid_at_bank,used_car,3331,unknown_or_none,7_plus_years,2,male_married_or_widowed,none,4,car_or_other,42,stores,rent,1,skilled_employee_or_official,2,no,no,good,35_49
no_checking_account,18,past_delay,retraining,3104,unknown_or_none,4_to_7_years,3,male_married_or_widowed,none,1,car_or_other,31,bank,rent,1,skilled_employee_or_official,2,yes,no,good,25_34
200_plus_dm,24,all_repaid_at_bank,furniture_equipment,2611,unknown_or_none,7_plus_years,4,female_single,co_applicant,3,unknown_or_none,46,none,rent,2,skilled_employee_or_official,2,no,no,good,35_49
no_checking_account,12,all_repaid_at_bank,new_car,1409,unknown_or_none,7_plus_years,4,male_married_or_widowed,none,3,unknown_or_none,54,none,rent,1,skilled_employee_or_official,2,no,no,good,50_plus
200_plus_dm,24,no_or_repaid_credits,furniture_equipment,1311,below_100_dm,4_to_7_years,4,female_single,none,3,car_or_other,26,none,rent,1,skilled_employee_or_official,2,yes,no,good,25_34
200_plus_dm,6,no_or_repaid_credits,furniture_equipment,2108,unknown_or_none,4_to_7_years,2,female_single,none,2,unknown_or_none,29,none,free,1,skilled_employee_or_official,2,no,no,good,25_34
200_plus_dm,24,all_repaid_at_bank,new_car,4042,1000_plus_dm,4_to_7_years,3,male_married_or_widowed,none,4,car_or_other,43,none,rent,2,skilled_employee_or_official,2,yes,no,good,35_49
200_plus_dm,12,all_repaid_at_bank,other,926,unknown_or_none,unemployed,1,female_non_single_or_male_single,none,2,car_or_other,38,none,rent,1,unemployed_or_nonresident_unskilled,2,no,no,good,35_49
no_checking_account,12,no_or_repaid_credits,furniture_equipment,1680,100_to_500_dm,7_plus_years,3,female_single,none,1,unknown_or_none,35,none,rent,1,skilled_employee_or_official,2,no,no,good,35_49
200_plus_dm,24,no_or_repaid_credits,other,1249,unknown_or_none,under_1_year,4,female_single,none,2,unknown_or_none,28,none,rent,1,skilled_employee_or_official,2,no,no,good,25_34
200_plus_dm,24,all_repaid_at_bank,other,2463,below_100_dm,4_to_7_years,4,female_single,none,3,car_or_other,27,none,rent,2,skilled_employee_or_official,2,yes,no,good,25_34
200_plus_dm,6,no_or_repaid_credits,furniture_equipment,1595,unknown_or_none,4_to_7_years,3,male_married_or_widowed,none,2,car_or_other,51,none,rent,1,skilled_employee_or_official,1,no,no,good,50_plus
200_plus_dm,24,all_repaid_at_bank,domestic_appliances,2058,unknown_or_none,1_to_4_years,4,male_divorced_or_separated,none,2,unknown_or_none,33,none,rent,2,skilled_employee_or_official,2,yes,no,good,25_34
200_plus_dm,24,no_or_repaid_credits,new_car,7814,unknown_or_none,4_to_7_years,3,male_married_or_widowed,none,3,savings_or_life_insurance,38,none,rent,1,manager_or_self_employed,2,yes,no,good,35_49
200_plus_dm,6,all_repaid_at_bank,furniture_equipment,1740,unknown_or_none,7_plus_years,2,female_single,none,2,unknown_or_none,30,none,free,2,skilled_employee_or_official,2,no,no,good,25_34
200_plus_dm,12,all_repaid_at_bank,furniture_equipment,1240,1000_plus_dm,7_plus_years,4,female_non_single_or_male_single,none,2,unknown_or_none,38,none,rent,2,skilled_employee_or_official,2,yes,no,good,35_49
200_plus_dm,24,all_repaid_at_bank,new_car,6842,1000_plus_dm,1_to_4_years,2,male_married_or_widowed,none,4,car_or_other,46,none,rent,2,manager_or_self_employed,1,yes,no,good,35_49
200_plus_dm,24,all_repaid_at_bank,used_car,5150,unknown_or_none,7_plus_years,4,male_married_or_widowed,none,4,savings_or_life_insurance,33,none,rent,1,skilled_employee_or_official,2,yes,no,good,25_34
no_checking_account,6,no_or_repaid_credits,other,1203,below_100_dm,7_plus_years,3,male_married_or_widowed,none,2,car_or_other,43,none,rent,1,skilled_employee_or_official,2,yes,no,good,35_49
200_plus_dm,6,all_repaid_at_bank,other,2080,100_to_500_dm,1_to_4_years,1,female_single,none,2,savings_or_life_insurance,24,none,rent,1,skilled_employee_or_official,2,no,no,good,under_25
200_plus_dm,6,no_or_repaid_credits,repairs,1538,unknown_or_none,under_1_year,1,female_non_single_or_male_single,none,2,real_estate,56,none,rent,1,skilled_employee_or_official,2,no,no,good,50_plus
below_0_dm,24,all_repaid_at_bank,other,3878,below_100_dm,under_1_year,4,male_divorced_or_separated,none,2,savings_or_life_insurance,37,none,rent,1,skilled_employee_or_official,2,yes,no,good,35_49
below_0_dm,30,no_or_repaid_credits,used_car,3832,unknown_or_none,under_1_year,2,female_single,none,1,car_or_other,22,none,rent,1,skilled_employee_or_official,2,no,no,good,under_25
200_plus_dm,15,no_or_repaid_credits,other,3186,500_to_1000_dm,4_to_7_years,2,female_non_single_or_male_single,none,3,savings_or_life_insurance,20,none,free,1,skilled_employee_or_official,2,no,no,good,under_25
below_0_dm,24,no_or_repaid_credits,furniture_equipment,2896,below_100_dm,under_1_year,2,male_married_or_widowed,none,1,savings_or_life_insurance,29,none,rent,1,skilled_employee_or_official,2,no,no,good,25_34
below_0_dm,24,repaid_to_date,retraining,6967,below_100_dm,4_to_7_years,4,male_married_or_widowed,none,4,savings_or_life_insurance,36,none,free,1,manager_or_self_employed,2,yes,no,good,35_49
200_plus_dm,36,no_or_repaid_credits,repairs,1819,unknown_or_none,1_to_4_years,4,male_married_or_widowed,none,4,real_estate,37,stores,own,1,skilled_employee_or_official,2,yes,no,bad,35_49
200_plus_dm,24,no_or_repaid_credits,furniture_equipment,5943,1000_plus_dm,under_1_year,1,female_non_single_or_male_single,none,1,savings_or_life_insurance,44,none,rent,2,skilled_employee_or_official,2,yes,no,bad,35_49
200_plus_dm,36,all_repaid_at_bank,used_car,7127,unknown_or_none,under_1_year,2,female_non_single_or_male_single,none,4,car_or_other,23,none,free,2,skilled_employee_or_official,2,yes,no,bad,under_25
200_plus_dm,36,no_or_repaid_credits,used_car,3349,unknown_or_none,1_to_4_years,4,female_non_single_or_male_single,none,2,savings_or_life_insurance,28,none,rent,1,manager_or_self_employed,2,yes,no,bad,25_34
200_plus_dm,36,no_or_repaid_credits,used_car,10974,unknown_or_none,unemployed,4,female_non_single_or_male_single,none,2,savings_or_life_insurance,26,none,rent,2,manager_or_self_employed,2,yes,no,bad,25_34
200_plus_dm,6,no_or_repaid_credits,furniture_equipment,518,unknown_or_none,1_to_4_years,3,female_non_single_or_male_single,none,1,unknown_or_none,29,none,rent,1,skilled_employee_or_official,2,no,no,good,25_34
200_plus_dm,18,no_or_repaid_credits,furniture_equipment,1126,1000_plus_dm,under_1_year,4,female_non_single_or_male_single,none,2,unknown_or_none,21,none,free,1,skilled_employee_or_official,2,yes,no,good,under_25
below_0_dm,12,all_repaid_at_bank,new_car,1860,unknown_or_none,unemployed,4,male_married_or_widowed,none,2,savings_or_life_insurance,34,none,rent,2,manager_or_self_employed,2,yes,no,good,25_34
200_plus_dm,36,all_repaid_at_bank,furniture_equipment,9566,unknown_or_none,1_to_4_years,2,female_non_single_or_male_single,none,2,savings_or_life_insurance,31,stores,rent,2,skilled_employee_or_official,2,no,no,good,25_34
no_checking_account,12,no_or_repaid_credits,furniture_equipment,701,unknown_or_none,1_to_4_years,4,female_single,none,2,unknown_or_none,40,none,rent,1,resident_unskilled,2,no,no,good,35_49
below_0_dm,12,no_or_repaid_credits,furniture_equipment,2930,unknown_or_none,4_to_7_years,2,female_non_single_or_male_single,none,1,unknown_or_none,27,none,rent,1,skilled_employee_or_official,2,no,no,good,25_34
200_plus_dm,18,no_or_repaid_credits,furniture_equipment,1505,unknown_or_none,1_to_4_years,4,male_married_or_widowed,none,2,real_estate,32,none,own,1,manager_or_self_employed,2,yes,no,good,25_34
200_plus_dm,18,all_repaid_at_bank,furniture_equipment,2238,unknown_or_none,1_to_4_years,2,female_non_single_or_male_single,none,1,savings_or_life_insurance,25,none,rent,2,skilled_employee_or_official,2,no,no,good,25_34
200_plus_dm,4,all_repaid_at_bank,furniture_equipment,1503,unknown_or_none,4_to_7_years,2,male_married_or_widowed,none,1,unknown_or_none,42,none,rent,2,resident_unskilled,1,no,no,good,35_49
200_plus_dm,24,all_repaid_at_bank,new_car,2197,1000_plus_dm,4_to_7_years,4,male_married_or_widowed,none,4,savings_or_life_insurance,43,none,rent,2,skilled_employee_or_official,1,yes,no,good,35_49
0_to_200_dm,12,no_or_repaid_credits,furniture_equipment,1881,unknown_or_none,1_to_4_years,2,female_non_single_or_male_single,none,2,savings_or_life_insurance,44,none,free,1,resident_unskilled,2,yes,no,good,35_49
no_checking_account,18,all_repaid_at_bank,furniture_equipment,1880,unknown_or_none,4_to_7_years,4,female_single,none,1,car_or_other,32,none,rent,2,manager_or_self_employed,2,yes,no,good,25_34
no_checking_account,18,no_or_repaid_credits,furniture_equipment,2389,unknown_or_none,under_1_year,4,female_non_single_or_male_single,none,1,savings_or_life_insurance,27,stores,rent,1,skilled_employee_or_official,2,no,no,good,25_34
below_0_dm,24,no_or_repaid_credits,furniture_equipment,1967,unknown_or_none,7_plus_years,4,female_non_single_or_male_single,none,4,savings_or_life_insurance,20,none,rent,1,skilled_employee_or_official,2,yes,no,good,under_25
200_plus_dm,4,all_repaid_at_bank,other,3380,unknown_or_none,4_to_7_years,1,female_non_single_or_male_single,none,1,unknown_or_none,37,none,rent,1,skilled_employee_or_official,1,no,no,good,35_49
200_plus_dm,4,all_repaid_at_bank,other,1455,unknown_or_none,4_to_7_years,2,male_married_or_widowed,none,1,unknown_or_none,42,none,rent,3,resident_unskilled,1,no,no,good,35_49
200_plus_dm,7,all_repaid_at_bank,furniture_equipment,730,1000_plus_dm,7_plus_years,4,male_married_or_widowed,none,2,car_or_other,46,none,free,2,resident_unskilled,2,yes,no,good,35_49
below_0_dm,18,past_delay,used_car,3244,unknown_or_none,1_to_4_years,1,female_non_single_or_male_single,none,4,savings_or_life_insurance,33,bank,rent,2,skilled_employee_or_official,2,yes,no,good,25_34
below_0_dm,9,no_or_repaid_credits,furniture_equipment,1670,unknown_or_none,under_1_year,4,female_non_single_or_male_single,none,2,savings_or_life_insurance,22,none,rent,1,skilled_employee_or_official,2,yes,no,bad,under_25
below_0_dm,48,no_or_repaid_credits,furniture_equipment,3979,1000_plus_dm,4_to_7_years,4,male_married_or_widowed,none,1,savings_or_life_insurance,41,none,rent,2,skilled_employee_or_official,1,yes,no,good,35_49
below_0_dm,12,no_or_repaid_credits,used_car,1922,unknown_or_none,1_to_4_years,4,male_married_or_widowed,none,2,car_or_other,37,none,rent,1,resident_unskilled,2,no,no,bad,35_49
below_0_dm,18,all_repaid_at_bank,used_car,1295,unknown_or_none,under_1_year,4,female_non_single_or_male_single,none,1,car_or_other,27,none,rent,2,skilled_employee_or_official,2,no,no,good,25_34
200_plus_dm,4,all_repaid_at_bank,furniture_equipment,1544,unknown_or_none,4_to_7_years,2,male_married_or_widowed,none,1,unknown_or_none,42,none,rent,3,resident_unskilled,1,no,no,good,35_49
below_0_dm,8,no_or_repaid_credits,retraining,907,unknown_or_none,under_1_year,3,female_single,none,2,unknown_or_none,26,none,rent,1,skilled_employee_or_official,2,yes,no,good,25_34
below_0_dm,30,no_or_repaid_credits,furniture_equipment,1715,1000_plus_dm,1_to_4_years,4,female_non_single_or_male_single,none,1,savings_or_life_insurance,26,none,rent,1,skilled_employee_or_official,2,no,no,good,25_34
0_to_200_dm,10,all_repaid_at_bank,furniture_equipment,1347,1000_plus_dm,4_to_7_years,4,male_married_or_widowed,none,2,car_or_other,27,none,rent,2,skilled_employee_or_official,2,yes,no,good,25_34
below_0_dm,12,no_or_repaid_credits,other,1007,500_to_1000_dm,1_to_4_years,4,female_single,none,1,unknown_or_none,22,none,rent,1,skilled_employee_or_official,2,no,no,good,under_25
200_plus_dm,12,all_repaid_at_bank,used_car,1402,100_to_500_dm,4_to_7_years,3,female_non_single_or_male_single,none,4,savings_or_life_insurance,37,none,free,1,skilled_employee_or_official,2,yes,no,good,35_49
below_0_dm,12,no_or_repaid_credits,other,2002,unknown_or_none,4_to_7_years,3,male_married_or_widowed,none,4,car_or_other,30,none,free,1,skilled_employee_or_official,1,yes,no,good,25_34
200_plus_dm,12,all_repaid_at_bank,repairs,2096,unknown_or_none,4_to_7_years,2,male_married_or_widowed,none,3,unknown_or_none,49,none,rent,1,resident_unskilled,1,no,no,good,35_49
200_plus_dm,12,no_or_repaid_credits,other,1101,unknown_or_none,1_to_4_years,3,female_single,none,2,unknown_or_none,27,none,rent,2,skilled_employee_or_official,2,yes,no,good,25_34
200_plus_dm,10,no_or_repaid_credits,vacation,894,1000_plus_dm,4_to_7_years,4,female_non_single_or_male_single,none,3,car_or_other,40,none,rent,1,skilled_employee_or_official,2,yes,no,good,35_49
below_0_dm,11,no_or_repaid_credits,used_car,1577,500_to_1000_dm,under_1_year,4,female_non_single_or_male_single,none,1,unknown_or_none,20,none,rent,1,skilled_employee_or_official,2,no,no,good,under_25
200_plus_dm,33,repaid_to_date,retraining,2764,unknown_or_none,1_to_4_years,2,female_non_single_or_male_single,none,2,savings_or_life_insurance,26,none,rent,2,skilled_employee_or_official,2,yes,no,good,25_34
below_0_dm,48,past_delay,other,8358,100_to_500_dm,under_1_year,1,female_non_single_or_male_single,none,1,savings_or_life_insurance,30,none,rent,2,skilled_employee_or_official,2,no,no,good,25_34
0_to_200_dm,12,no_or_repaid_credits,used_car,1474,unknown_or_none,under_1_year,4,female_non_single_or_male_single,none,1,car_or_other,33,bank,rent,1,manager_or_self_employed,2,yes,no,good,25_34
200_plus_dm,24,no_or_repaid_credits,new_car,5433,1000_plus_dm,unemployed,2,female_non_single_or_male_single,none,4,car_or_other,26,none,free,1,manager_or_self_employed,2,yes,no,good,25_34
below_0_dm,14,no_or_repaid_credits,retraining,1410,100_to_500_dm,7_plus_years,1,female_single,none,2,unknown_or_none,35,none,rent,1,skilled_employee_or_official,2,yes,no,good,35_49
200_plus_dm,20,all_repaid_at_bank,other,3485,1000_plus_dm,under_1_year,2,male_divorced_or_separated,none,4,unknown_or_none,44,none,rent,2,skilled_employee_or_official,2,yes,no,good,35_49
200_plus_dm,18,all_repaid_at_bank,new_car,3850,unknown_or_none,4_to_7_years,3,male_married_or_widowed,none,1,savings_or_life_insurance,27,none,rent,2,skilled_employee_or_official,2,no,no,good,25_34
below_0_dm,60,no_or_repaid_credits,other,7408,below_100_dm,under_1_year,4,female_non_single_or_male_single,none,2,car_or_other,24,none,rent,1,manager_or_self_employed,2,no,no,bad,under_25
0_to_200_dm,24,no_or_repaid_credits,furniture_equipment,1377,below_100_dm,7_plus_years,4,female_non_single_or_male_single,none,2,real_estate,47,none,own,1,skilled_employee_or_official,2,yes,no,good,35_49
200_plus_dm,30,repaid_to_date,retraining,4272,below_100_dm,1_to_4_years,2,male_married_or_widowed,none,2,car_or_other,26,none,rent,2,resident_unskilled,2,no,no,good,25_34
below_0_dm,24,repaid_to_date,furniture_equipment,1553,below_100_dm,4_to_7_years,3,female_non_single_or_male_single,none,2,car_or_other,23,none,free,2,skilled_employee_or_official,2,yes,no,good,under_25
below_0_dm,36,repaid_to_date,retraining,9857,below_100_dm,4_to_7_years,1,male_married_or_widowed,none,3,car_or_other,31,none,rent,2,resident_unskilled,1,yes,no,good,25_34
200_plus_dm,6,all_repaid_at_bank,other,362,below_100_dm,1_to_4_years,4,female_non_single_or_male_single,none,4,savings_or_life_insurance,52,none,rent,2,resident_unskilled,2,no,no,good,50_plus
200_plus_dm,12,all_repaid_at_bank,used_car,1935,unknown_or_none,7_plus_years,4,male_married_or_widowed,none,4,unknown_or_none,43,none,rent,3,skilled_employee_or_official,2,yes,no,good,35_49
200_plus_dm,48,no_or_repaid_credits,furniture_equipment,10222,1000_plus_dm,4_to_7_years,4,male_married_or_widowed,none,3,savings_or_life_insurance,37,stores,rent,1,skilled_employee_or_official,2,yes,no,good,35_49
0_to_200_dm,12,no_or_repaid_credits,other,1330,unknown_or_none,under_1_year,4,male_married_or_widowed,none,1,unknown_or_none,26,none,rent,1,skilled_employee_or_official,2,no,no,good,25_34
200_plus_dm,36,no_or_repaid_credits,repairs,9055,1000_plus_dm,1_to_4_years,2,male_married_or_widowed,none,4,real_estate,35,none,own,1,resident_unskilled,1,yes,no,good,35_49
below_0_dm,26,no_or_repaid_credits,new_car,7966,unknown_or_none,under_1_year,2,male_married_or_widowed,none,3,savings_or_life_insurance,30,none,rent,2,skilled_employee_or_official,2,no,no,good,25_34
below_0_dm,30,critical_or_other_credits,used_car,3496,500_to_1000_dm,1_to_4_years,4,male_married_or_widowed,none,2,savings_or_life_insurance,34,stores,rent,1,skilled_employee_or_official,1,yes,no,good,25_34
below_0_dm,36,no_or_repaid_credits,new_car,6948,unknown_or_none,1_to_4_years,2,male_married_or_widowed,none,2,savings_or_life_insurance,35,none,free,1,manager_or_self_employed,2,yes,no,good,35_49
below_0_dm,48,past_delay,retraining,12204,1000_plus_dm,1_to_4_years,2,male_married_or_widowed,none,2,savings_or_life_insurance,48,bank,rent,1,manager_or_self_employed,2,yes,no,good,35_49
no_checking_account,36,no_or_repaid_credits,used_car,3446,unknown_or_none,7_plus_years,4,male_married_or_widowed,none,2,savings_or_life_insurance,42,none,rent,1,skilled_employee_or_official,1,no,no,bad,35_49
no_checking_account,12,no_or_repaid_credits,repairs,684,unknown_or_none,1_to_4_years,4,male_married_or_widowed,none,4,savings_or_life_insurance,40,none,free,1,resident_unskilled,1,no,no,bad,35_49
no_checking_account,33,all_repaid_at_bank,used_car,4281,100_to_500_dm,1_to_4_years,1,female_non_single_or_male_single,none,4,savings_or_life_insurance,23,none,rent,2,skilled_employee_or_official,2,no,no,bad,under_25
no_checking_account,42,no_or_repaid_credits,furniture_equipment,7174,1000_plus_dm,4_to_7_years,4,female_non_single_or_male_single,none,3,savings_or_life_insurance,30,none,rent,1,manager_or_self_employed,2,yes,no,bad,25_34
no_checking_account,24,critical_or_other_credits,furniture_equipment,1546,unknown_or_none,4_to_7_years,4,male_married_or_widowed,guarantor,4,savings_or_life_insurance,24,bank,free,1,resident_unskilled,2,no,no,bad,under_25
no_checking_account,24,no_or_repaid_credits,used_car,2359,below_100_dm,unemployed,1,male_divorced_or_separated,none,1,car_or_other,33,none,rent,1,skilled_employee_or_official,2,no,no,bad,25_34
200_plus_dm,24,no_or_repaid_credits,furniture_equipment,3621,below_100_dm,7_plus_years,2,male_married_or_widowed,none,4,savings_or_life_insurance,31,none,rent,2,skilled_employee_or_official,2,no,no,bad,25_34
no_checking_account,12,no_or_repaid_credits,radio_television,741,below_100_dm,unemployed,4,female_non_single_or_male_single,none,3,car_or_other,22,none,rent,1,skilled_employee_or_official,2,no,no,bad,under_25
no_checking_account,12,no_or_repaid_credits,used_car,7865,unknown_or_none,7_plus_years,4,male_married_or_widowed,none,4,real_estate,53,none,own,1,manager_or_self_employed,2,yes,no,bad,50_plus
no_checking_account,24,no_or_repaid_credits,new_car,2910,unknown_or_none,4_to_7_years,2,male_married_or_widowed,none,1,real_estate,34,none,own,1,manager_or_self_employed,2,yes,no,good,25_34
no_checking_account,18,all_repaid_at_bank,other,5302,unknown_or_none,7_plus_years,2,male_married_or_widowed,none,4,real_estate,36,none,own,3,manager_or_self_employed,2,yes,no,good,35_49
no_checking_account,36,no_or_repaid_credits,used_car,3620,unknown_or_none,1_to_4_years,1,male_married_or_widowed,guarantor,2,car_or_other,37,none,rent,1,skilled_employee_or_official,1,no,no,good,35_49
no_checking_account,18,no_or_repaid_credits,furniture_equipment,3509,unknown_or_none,4_to_7_years,4,female_non_single_or_male_single,guarantor,1,unknown_or_none,25,none,rent,1,skilled_employee_or_official,2,no,no,good,25_34
below_0_dm,12,no_or_repaid_credits,used_car,3017,unknown_or_none,under_1_year,3,female_non_single_or_male_single,none,1,unknown_or_none,34,none,free,1,manager_or_self_employed,2,no,no,good,25_34
no_checking_account,12,no_or_repaid_credits,used_car,1657,unknown_or_none,1_to_4_years,2,male_married_or_widowed,none,2,unknown_or_none,27,none,rent,1,skilled_employee_or_official,2,no,no,good,25_34
no_checking_account,8,all_repaid_at_bank,business,1164,unknown_or_none,7_plus_years,3,male_married_or_widowed,none,4,real_estate,51,bank,own,2,manager_or_self_employed,1,yes,no,good,50_plus
no_checking_account,36,all_repaid_at_bank,used_car,6229,unknown_or_none,under_1_year,4,female_non_single_or_male_single,co_applicant,4,real_estate,23,none,free,2,resident_unskilled,2,yes,no,bad,under_25
no_checking_account,24,critical_or_other_credits,other,1193,unknown_or_none,unemployed,1,female_non_single_or_male_single,co_applicant,4,real_estate,29,none,free,2,unemployed_or_nonresident_unskilled,2,no,no,bad,25_34
no_checking_account,30,past_delay,used_car,4583,unknown_or_none,1_to_4_years,2,male_divorced_or_separated,guarantor,2,unknown_or_none,32,none,rent,2,skilled_employee_or_official,2,no,no,good,25_34
no_checking_account,36,all_repaid_at_bank,used_car,5371,unknown_or_none,1_to_4_years,3,male_married_or_widowed,guarantor,2,car_or_other,28,none,rent,2,skilled_employee_or_official,2,no,no,good,25_34
no_checking_account,12,no_or_repaid_credits,used_car,708,unknown_or_none,1_to_4_years,2,male_married_or_widowed,guarantor,3,car_or_other,38,none,rent,1,resident_unskilled,1,no,no,good,35_49
no_checking_account,21,all_repaid_at_bank,other,571,unknown_or_none,7_plus_years,4,male_married_or_widowed,none,4,unknown_or_none,65,none,rent,2,skilled_employee_or_official,2,no,no,good,50_plus
no_checking_account,30,no_or_repaid_credits,furniture_equipment,2522,unknown_or_none,7_plus_years,1,male_married_or_widowed,guarantor,3,car_or_other,39,none,rent,1,skilled_employee_or_official,1,no,no,good,35_49
no_checking_account,36,no_or_repaid_credits,used_car,5179,unknown_or_none,4_to_7_years,4,male_married_or_widowed,none,2,car_or_other,29,none,rent,1,skilled_employee_or_official,2,no,no,bad,25_34
no_checking_account,36,no_or_repaid_credits,new_car,8229,unknown_or_none,1_to_4_years,2,male_married_or_widowed,none,2,car_or_other,26,none,rent,1,skilled_employee_or_official,1,no,no,bad,25_34
200_plus_dm,24,all_repaid_at_bank,used_car,2028,unknown_or_none,4_to_7_years,2,male_married_or_widowed,none,2,car_or_other,30,none,rent,2,resident_unskilled,2,no,no,good,25_34
no_checking_account,6,no_or_repaid_credits,other,1374,1000_plus_dm,unemployed,4,female_non_single_or_male_single,none,3,car_or_other,75,none,rent,1,manager_or_self_employed,2,yes,no,good,50_plus
no_checking_account,12,no_or_repaid_credits,used_car,1289,unknown_or_none,1_to_4_years,4,male_married_or_widowed,guarantor,1,car_or_other,21,none,rent,1,resident_unskilled,2,no,no,good,under_25
no_checking_account,36,no_or_repaid_credits,used_car,2712,unknown_or_none,7_plus_years,2,male_married_or_widowed,none,2,car_or_other,41,bank,rent,1,skilled_employee_or_official,1,no,no,bad,35_49
no_checking_account,15,all_repaid_at_bank,used_car,975,unknown_or_none,1_to_4_years,2,male_divorced_or_separated,none,3,car_or_other,25,none,rent,2,skilled_employee_or_official,2,no,no,good,25_34
below_0_dm,6,repaid_to_date,used_car,1050,unknown_or_none,unemployed,4,male_married_or_widowed,none,1,car_or_other,35,stores,rent,2,manager_or_self_employed,2,yes,yes,good,35_49
no_checking_account,6,all_repaid_at_bank,other,609,unknown_or_none,4_to_7_years,4,female_non_single_or_male_single,none,3,car_or_other,37,none,rent,2,skilled_employee_or_official,2,no,no,good,35_49
no_checking_account,48,no_or_repaid_credits,new_car,4788,unknown_or_none,4_to_7_years,4,male_married_or_widowed,none,3,car_or_other,26,none,rent,1,skilled_employee_or_official,1,no,no,good,25_34
below_0_dm,24,no_or_repaid_credits,used_car,3069,below_100_dm,7_plus_years,4,male_married_or_widowed,none,4,real_estate,30,none,own,1,skilled_employee_or_official,2,no,no,good,25_34
below_0_dm,12,no_or_repaid_credits,other,836,below_100_dm,under_1_year,4,female_non_single_or_male_single,none,2,car_or_other,23,bank,rent,1,resident_unskilled,2,no,no,bad,under_25
no_checking_account,12,no_or_repaid_credits,used_car,2577,unknown_or_none,1_to_4_years,2,male_divorced_or_separated,none,1,savings_or_life_insurance,42,none,rent,1,skilled_employee_or_official,2,no,no,good,35_49
no_checking_account,12,no_or_repaid_credits,used_car,1620,unknown_or_none,1_to_4_years,2,female_non_single_or_male_single,co_applicant,3,car_or_other,30,none,rent,1,skilled_employee_or_official,2,no,no,good,25_34
no_checking_account,15,no_or_repaid_credits,used_car,1845,unknown_or_none,under_1_year,4,female_non_single_or_male_single,guarantor,1,car_or_other,46,none,free,1,skilled_employee_or_official,2,no,no,good,35_49
no_checking_account,24,no_or_repaid_credits,new_car,6579,unknown_or_none,unemployed,4,male_married_or_widowed,none,2,real_estate,29,none,own,1,manager_or_self_employed,2,yes,no,good,25_34
no_checking_account,12,no_or_repaid_credits,other,1893,unknown_or_none,1_to_4_years,4,female_non_single_or_male_single,guarantor,4,car_or_other,29,none,rent,1,skilled_employee_or_official,2,yes,no,good,25_34
no_checking_account,30,all_repaid_at_bank,new_car,10623,unknown_or_none,7_plus_years,3,male_married_or_widowed,none,4,real_estate,38,none,own,3,manager_or_self_employed,1,yes,no,good,35_49
no_checking_account,18,no_or_repaid_credits,other,2249,below_100_dm,4_to_7_years,4,male_married_or_widowed,none,3,savings_or_life_insurance,30,none,rent,1,manager_or_self_employed,1,yes,no,good,25_34
no_checking_account,30,no_or_repaid_credits,used_car,3108,unknown_or_none,under_1_year,2,male_divorced_or_separated,none,4,car_or_other,31,none,rent,1,resident_unskilled,2,no,no,bad,25_34
below_0_dm,12,all_repaid_at_bank,other,958,unknown_or_none,4_to_7_years,2,male_married_or_widowed,none,3,unknown_or_none,47,none,rent,2,resident_unskilled,1,no,no,good,35_49
200_plus_dm,24,no_or_repaid_credits,new_car,9277,1000_plus_dm,1_to_4_years,2,male_divorced_or_separated,none,4,real_estate,48,none,own,1,skilled_employee_or_official,2,yes,no,good,35_49
200_plus_dm,24,all_repaid_at_bank,business,6314,unknown_or_none,unemployed,4,male_married_or_widowed,co_applicant,2,real_estate,27,bank,rent,2,manager_or_self_employed,2,yes,no,good,25_34
no_checking_account,12,all_repaid_at_bank,new_car,1526,unknown_or_none,7_plus_years,4,male_married_or_widowed,none,4,real_estate,66,none,own,2,manager_or_self_employed,2,no,no,good,50_plus
no_checking_account,12,no_or_repaid_credits,used_car,3590,unknown_or_none,1_to_4_years,2,male_married_or_widowed,co_applicant,2,car_or_other,29,none,rent,1,resident_unskilled,1,no,no,good,25_34
no_checking_account,24,all_repaid_at_bank,new_car,6615,unknown_or_none,unemployed,2,male_married_or_widowed,none,4,real_estate,75,none,own,2,manager_or_self_employed,2,yes,no,good,50_plus
no_checking_account,6,all_repaid_at_bank,used_car,1872,unknown_or_none,unemployed,4,male_married_or_widowed,none,4,real_estate,36,none,own,3,manager_or_self_employed,2,yes,no,good,35_49
200_plus_dm,12,no_or_repaid_credits,other,2859,1000_plus_dm,unemployed,4,male_married_or_widowed,none,4,real_estate,38,none,rent,1,manager_or_self_employed,2,yes,no,good,35_49
200_plus_dm,18,all_repaid_at_bank,furniture_equipment,1582,500_to_1000_dm,7_plus_years,4,male_married_or_widowed,none,4,savings_or_life_insurance,46,none,rent,2,skilled_employee_or_official,2,no,no,good,35_49
200_plus_dm,6,no_or_repaid_credits,vacation,1238,1000_plus_dm,unemployed,4,male_married_or_widowed,none,4,car_or_other,36,none,rent,1,manager_or_self_employed,1,yes,no,good,35_49
no_checking_account,12,no_or_repaid_credits,used_car,2578,unknown_or_none,unemployed,3,female_non_single_or_male_single,none,4,real_estate,55,none,own,1,manager_or_self_employed,2,no,no,good,50_plus
no_checking_account,15,all_repaid_at_bank,used_car,1433,unknown_or_none,1_to_4_years,4,female_non_single_or_male_single,none,3,car_or_other,25,none,free,2,skilled_employee_or_official,2,no,no,good,25_34
no_checking_account,42,no_or_repaid_credits,used_car,7882,unknown_or_none,4_to_7_years,2,male_married_or_widowed,guarantor,4,car_or_other,45,none,own,1,skilled_employee_or_official,1,no,no,good,35_49
no_checking_account,24,no_or_repaid_credits,used_car,4169,unknown_or_none,1_to_4_years,4,male_married_or_widowed,none,4,car_or_other,28,none,rent,1,skilled_employee_or_official,2,no,no,good,25_34
no_checking_account,36,no_or_repaid_credits,used_car,3959,unknown_or_none,unemployed,4,male_married_or_widowed,none,3,car_or_other,30,none,rent,1,manager_or_self_employed,2,yes,no,good,25_34
no_checking_account,36,no_or_repaid_credits,other,3249,unknown_or_none,4_to_7_years,2,male_married_or_widowed,none,4,real_estate,39,bank,own,1,manager_or_self_employed,1,yes,no,good,35_49
no_checking_account,24,no_or_repaid_credits,used_car,3149,unknown_or_none,under_1_year,4,male_married_or_widowed,none,1,real_estate,22,bank,own,1,skilled_employee_or_official,2,no,no,good,under_25
no_checking_account,12,all_repaid_at_bank,used_car,2246,unknown_or_none,7_plus_years,3,male_married_or_widowed,none,3,car_or_other,60,none,rent,2,skilled_employee_or_official,2,no,no,bad,50_plus
no_checking_account,13,all_repaid_at_bank,retraining,1797,unknown_or_none,under_1_year,3,male_married_or_widowed,none,1,car_or_other,28,bank,rent,2,resident_unskilled,2,no,no,good,25_34
no_checking_account,20,all_repaid_at_bank,used_car,4272,unknown_or_none,7_plus_years,1,female_non_single_or_male_single,none,4,car_or_other,24,none,rent,2,skilled_employee_or_official,2,no,no,good,under_25
no_checking_account,24,all_repaid_at_bank,new_car,2957,unknown_or_none,7_plus_years,4,male_married_or_widowed,none,4,car_or_other,63,none,rent,2,skilled_employee_or_official,2,yes,no,good,50_plus
no_checking_account,36,all_repaid_at_bank,used_car,2348,unknown_or_none,1_to_4_years,3,female_single,none,2,car_or_other,46,none,rent,2,skilled_employee_or_official,2,yes,no,good,35_49
0_to_200_dm,42,past_delay,retraining,6289,unknown_or_none,under_1_year,2,male_divorced_or_separated,none,1,car_or_other,33,none,rent,2,skilled_employee_or_official,2,no,no,good,25_34
no_checking_account,24,all_repaid_at_bank,new_car,6419,unknown_or_none,7_plus_years,2,female_non_single_or_male_single,none,4,real_estate,44,none,own,2,manager_or_self_employed,1,yes,no,good,35_49
no_checking_account,48,all_repaid_at_bank,new_car,6143,unknown_or_none,7_plus_years,4,female_non_single_or_male_single,none,4,real_estate,58,stores,own,2,resident_unskilled,2,no,no,bad,50_plus
200_plus_dm,24,all_repaid_at_bank,repairs,1597,unknown_or_none,7_plus_years,4,male_married_or_widowed,none,4,real_estate,54,none,own,2,skilled_employee_or_official,1,no,no,good,50_plus
no_checking_account,36,no_or_repaid_credits,business,15857,unknown_or_none,unemployed,2,male_divorced_or_separated,co_applicant,3,savings_or_life_insurance,43,none,rent,1,manager_or_self_employed,2,no,no,good,35_49
200_plus_dm,24,all_repaid_at_bank,furniture_equipment,2223,below_100_dm,7_plus_years,4,male_married_or_widowed,none,4,car_or_other,52,bank,rent,2,skilled_employee_or_official,2,no,no,good,50_plus
200_plus_dm,48,repaid_to_date,furniture_equipment,7238,1000_plus_dm,7_plus_years,3,male_married_or_widowed,none,3,savings_or_life_insurance,32,bank,rent,2,skilled_employee_or_official,1,no,no,good,25_34
below_0_dm,30,repaid_to_date,retraining,2503,below_100_dm,7_plus_years,4,male_married_or_widowed,none,2,car_or_other,41,stores,rent,2,skilled_employee_or_official,2,no,no,good,35_49
below_0_dm,18,no_or_repaid_credits,retraining,2622,below_100_dm,1_to_4_years,4,male_married_or_widowed,none,4,savings_or_life_insurance,34,none,rent,1,skilled_employee_or_official,2,no,no,good,25_34
below_0_dm,24,no_or_repaid_credits,used_car,4351,1000_plus_dm,1_to_4_years,1,female_non_single_or_male_single,none,4,car_or_other,48,none,rent,1,resident_unskilled,2,yes,no,good,35_49
below_0_dm,6,no_or_repaid_credits,furniture_equipment,368,1000_plus_dm,7_plus_years,4,male_married_or_widowed,none,4,car_or_other,38,none,rent,1,skilled_employee_or_official,2,no,no,good,35_49
below_0_dm,12,no_or_repaid_credits,vacation,754,1000_plus_dm,7_plus_years,4,male_married_or_widowed,none,4,car_or_other,38,none,rent,2,skilled_employee_or_official,2,no,no,good,35_49
200_plus_dm,24,all_repaid_at_bank,furniture_equipment,2424,1000_plus_dm,7_plus_years,4,male_married_or_widowed,none,4,car_or_other,53,none,rent,2,skilled_employee_or_official,2,no,no,good,50_plus
below_0_dm,48,repaid_to_date,retraining,6681,1000_plus_dm,1_to_4_years,4,male_married_or_widowed,none,4,real_estate,38,none,own,1,skilled_employee_or_official,1,yes,no,good,35_49
below_0_dm,18,repaid_to_date,retraining,2427,1000_plus_dm,7_plus_years,4,male_married_or_widowed,none,2,car_or_other,42,none,rent,2,skilled_employee_or_official,2,no,no,good,35_49
below_0_dm,24,all_repaid_at_bank,furniture_equipment,1216,below_100_dm,under_1_year,4,male_married_or_widowed,none,4,real_estate,38,bank,rent,2,skilled_employee_or_official,1,no,no,bad,35_49
below_0_dm,6,no_or_repaid_credits,furniture_equipment,753,unknown_or_none,1_to_4_years,2,female_non_single_or_male_single,guarantor,3,unknown_or_none,64,none,rent,1,skilled_employee_or_official,2,no,no,good,50_plus
below_0_dm,7,no_or_repaid_credits,furniture_equipment,2576,unknown_or_none,1_to_4_years,2,male_married_or_widowed,guarantor,2,unknown_or_none,35,none,rent,1,skilled_employee_or_official,2,no,yes,good,35_49
below_0_dm,6,no_or_repaid_credits,furniture_equipment,590,unknown_or_none,under_1_year,3,female_single,none,3,unknown_or_none,26,none,rent,1,resident_unskilled,2,no,yes,good,25_34
below_0_dm,8,no_or_repaid_credits,furniture_equipment,1414,unknown_or_none,1_to_4_years,4,male_married_or_widowed,guarantor,2,unknown_or_none,33,none,rent,1,skilled_employee_or_official,2,no,yes,good,25_34
below_0_dm,12,no_or_repaid_credits,furniture_equipment,1103,unknown_or_none,4_to_7_years,4,male_married_or_widowed,guarantor,3,unknown_or_none,29,none,rent,2,skilled_employee_or_official,2,no,no,good,25_34
below_0_dm,12,repaid_to_date,furniture_equipment,585,unknown_or_none,1_to_4_years,4,female_single,co_applicant,4,unknown_or_none,20,none,free,2,skilled_employee_or_official,2,no,no,good,under_25
below_0_dm,6,no_or_repaid_credits,furniture_equipment,1068,unknown_or_none,7_plus_years,4,male_married_or_widowed,none,4,savings_or_life_insurance,28,none,rent,1,skilled_employee_or_official,1,no,no,good,25_34
no_checking_account,8,all_repaid_at_bank,other,713,unknown_or_none,7_plus_years,4,male_married_or_widowed,none,4,unknown_or_none,47,none,rent,2,resident_unskilled,2,no,no,good,35_49
below_0_dm,12,no_or_repaid_credits,furniture_equipment,1092,unknown_or_none,1_to_4_years,4,female_non_single_or_male_single,guarantor,4,unknown_or_none,49,none,rent,2,skilled_employee_or_official,2,yes,no,good,35_49
below_0_dm,7,no_or_repaid_credits,furniture_equipment,2329,unknown_or_none,under_1_year,1,female_non_single_or_male_single,guarantor,1,unknown_or_none,45,none,rent,1,skilled_employee_or_official,2,no,no,good,35_49
below_0_dm,13,all_repaid_at_bank,furniture_equipment,882,unknown_or_none,under_1_year,4,male_married_or_widowed,guarantor,4,unknown_or_none,23,none,rent,2,skilled_employee_or_official,2,no,no,good,under_25
below_0_dm,18,no_or_repaid_credits,furniture_equipment,866,unknown_or_none,1_to_4_years,4,female_single,guarantor,2,unknown_or_none,25,none,rent,1,resident_unskilled,2,no,no,good,25_34
below_0_dm,7,no_or_repaid_credits,furniture_equipment,2415,unknown_or_none,1_to_4_years,3,male_married_or_widowed,guarantor,2,unknown_or_none,34,none,rent,1,skilled_employee_or_official,2,no,no,good,25_34
below_0_dm,13,no_or_repaid_credits,furniture_equipment,2101,unknown_or_none,under_1_year,2,female_non_single_or_male_single,guarantor,4,car_or_other,23,none,rent,1,resident_unskilled,2,no,no,good,under_25
below_0_dm,18,no_or_repaid_credits,furniture_equipment,1301,unknown_or_none,7_plus_years,4,female_single,guarantor,2,unknown_or_none,32,none,rent,1,resident_unskilled,2,no,no,good,25_34
below_0_dm,18,no_or_repaid_credits,furniture_equipment,1113,unknown_or_none,1_to_4_years,4,female_non_single_or_male_single,guarantor,4,unknown_or_none,26,none,rent,1,resident_unskilled,1,no,no,good,25_34
below_0_dm,8,no_or_repaid_credits,furniture_equipment,760,unknown_or_none,4_to_7_years,4,female_non_single_or_male_single,guarantor,2,unknown_or_none,44,none,rent,1,resident_unskilled,2,no,no,good,35_49
below_0_dm,12,no_or_repaid_credits,furniture_equipment,625,unknown_or_none,under_1_year,4,female_single,guarantor,1,unknown_or_none,26,bank,rent,1,resident_unskilled,2,no,no,good,25_34
0_to_200_dm,6,all_repaid_at_bank,other,1323,below_100_dm,7_plus_years,2,male_divorced_or_separated,none,4,savings_or_life_insurance,28,none,rent,2,skilled_employee_or_official,1,yes,no,good,25_34
no_checking_account,9,all_repaid_at_bank,furniture_equipment,1138,unknown_or_none,1_to_4_years,4,male_married_or_widowed,none,4,unknown_or_none,25,none,rent,2,resident_unskilled,2,no,no,good,25_34
below_0_dm,18,all_repaid_at_bank,furniture_equipment,1795,unknown_or_none,7_plus_years,3,female_non_single_or_male_single,guarantor,4,unknown_or_none,48,bank,free,2,resident_unskilled,2,yes,no,good,35_49
below_0_dm,15,all_repaid_at_bank,furniture_equipment,2728,1000_plus_dm,4_to_7_years,4,male_married_or_widowed,guarantor,2,unknown_or_none,35,bank,rent,3,skilled_employee_or_official,2,yes,no,good,35_49
below_0_dm,6,no_or_repaid_credits,furniture_equipment,484,unknown_or_none,4_to_7_years,3,female_single,guarantor,3,unknown_or_none,28,bank,rent,1,resident_unskilled,2,no,no,good,25_34
below_0_dm,10,critical_or_other_credits,furniture_equipment,1048,unknown_or_none,1_to_4_years,4,male_married_or_widowed,none,4,unknown_or_none,23,stores,rent,1,resident_unskilled,2,no,no,good,under_25
below_0_dm,12,no_or_repaid_credits,furniture_equipment,1155,unknown_or_none,7_plus_years,3,female_single,guarantor,3,unknown_or_none,40,bank,rent,2,resident_unskilled,2,no,no,good,35_49
below_0_dm,20,repaid_to_date,new_car,7057,1000_plus_dm,4_to_7_years,3,male_married_or_widowed,none,4,car_or_other,36,bank,free,2,manager_or_self_employed,1,yes,no,good,35_49
below_0_dm,15,all_repaid_at_bank,furniture_equipment,1537,1000_plus_dm,7_plus_years,4,male_married_or_widowed,guarantor,4,unknown_or_none,50,none,rent,2,skilled_employee_or_official,2,yes,no,good,50_plus
no_checking_account,12,no_or_repaid_credits,furniture_equipment,2214,unknown_or_none,1_to_4_years,4,male_married_or_widowed,none,3,car_or_other,24,none,rent,1,resident_unskilled,2,no,no,good,under_25
200_plus_dm,24,all_repaid_at_bank,used_car,1585,unknown_or_none,4_to_7_years,4,male_married_or_widowed,none,3,car_or_other,40,none,rent,2,skilled_employee_or_official,2,no,no,good,35_49
below_0_dm,10,no_or_repaid_credits,used_car,1521,unknown_or_none,1_to_4_years,4,male_divorced_or_separated,none,2,savings_or_life_insurance,31,none,rent,1,resident_unskilled,2,no,no,good,25_34
below_0_dm,36,critical_or_other_credits,radio_television,3990,1000_plus_dm,under_1_year,3,female_non_single_or_male_single,none,2,real_estate,29,bank,rent,1,unemployed_or_nonresident_unskilled,2,no,no,good,25_34
0_to_200_dm,18,no_or_repaid_credits,used_car,3049,unknown_or_none,under_1_year,1,female_non_single_or_male_single,none,1,car_or_other,45,stores,rent,1,resident_unskilled,2,no,no,good,35_49
no_checking_account,24,no_or_repaid_credits,furniture_equipment,1282,below_100_dm,1_to_4_years,4,female_non_single_or_male_single,none,2,savings_or_life_insurance,32,none,rent,1,resident_unskilled,2,no,no,bad,25_34
200_plus_dm,60,no_or_repaid_credits,furniture_equipment,10144,below_100_dm,4_to_7_years,2,female_non_single_or_male_single,none,4,unknown_or_none,21,none,rent,1,skilled_employee_or_official,2,yes,no,good,under_25
no_checking_account,12,no_or_repaid_credits,other,1168,unknown_or_none,1_to_4_years,4,female_single,none,3,unknown_or_none,27,none,rent,1,resident_unskilled,2,no,no,good,25_34
below_0_dm,6,no_or_repaid_credits,domestic_appliances,454,unknown_or_none,under_1_year,3,female_single,none,1,car_or_other,22,none,rent,1,resident_unskilled,2,no,no,good,under_25
200_plus_dm,15,repaid_to_date,new_car,3594,unknown_or_none,under_1_year,1,female_non_single_or_male_single,none,2,car_or_other,46,none,rent,2,resident_unskilled,2,no,no,good,35_49
200_plus_dm,12,no_or_repaid_credits,used_car,1768,unknown_or_none,1_to_4_years,3,male_married_or_widowed,none,2,unknown_or_none,24,none,free,1,resident_unskilled,2,no,no,good,under_25
200_plus_dm,60,repaid_to_date,furniture_equipment,15653,unknown_or_none,4_to_7_years,2,male_married_or_widowed,none,4,savings_or_life_insurance,21,none,rent,2,skilled_employee_or_official,2,yes,no,good,under_25
0_to_200_dm,12,repaid_to_date,other,2247,unknown_or_none,1_to_4_years,2,female_non_single_or_male_single,none,2,savings_or_life_insurance,36,stores,rent,2,skilled_employee_or_official,2,yes,no,good,35_49
200_plus_dm,24,no_or_repaid_credits,furniture_equipment,1413,unknown_or_none,1_to_4_years,4,female_single,none,2,car_or_other,28,none,rent,1,skilled_employee_or_official,2,no,no,good,25_34
below_0_dm,45,all_repaid_at_bank,new_car,4576,below_100_dm,unemployed,3,male_married_or_widowed,none,4,savings_or_life_insurance,27,none,rent,1,skilled_employee_or_official,2,no,no,good,25_34
no_checking_account,24,all_repaid_at_bank,furniture_equipment,1231,500_to_1000_dm,7_plus_years,4,female_non_single_or_male_single,none,4,car_or_other,57,none,free,2,manager_or_self_employed,2,yes,no,good,50_plus
no_checking_account,36,no_or_repaid_credits,new_car,8335,1000_plus_dm,7_plus_years,3,male_married_or_widowed,none,4,real_estate,47,none,own,1,skilled_employee_or_official,2,no,no,bad,35_49
below_0_dm,36,all_repaid_at_bank,new_car,5800,unknown_or_none,1_to_4_years,3,male_married_or_widowed,none,4,savings_or_life_insurance,34,none,rent,2,skilled_employee_or_official,2,yes,no,good,25_34
no_checking_account,18,repaid_to_date,repairs,8471,1000_plus_dm,1_to_4_years,1,female_non_single_or_male_single,none,2,savings_or_life_insurance,23,none,free,2,skilled_employee_or_official,2,yes,no,good,under_25
no_checking_account,30,no_or_repaid_credits,used_car,3622,500_to_1000_dm,7_plus_years,4,female_non_single_or_male_single,none,4,car_or_other,57,none,free,2,skilled_employee_or_official,2,yes,no,good,50_plus
no_checking_account,6,all_repaid_at_bank,furniture_equipment,1169,1000_plus_dm,7_plus_years,4,male_married_or_widowed,none,4,unknown_or_none,67,none,rent,2,skilled_employee_or_official,2,yes,no,good,50_plus
200_plus_dm,15,no_or_repaid_credits,radio_television,1262,100_to_500_dm,4_to_7_years,4,male_married_or_widowed,none,3,car_or_other,36,none,rent,2,skilled_employee_or_official,2,yes,no,good,35_49
0_to_200_dm,24,all_repaid_at_bank,used_car,3617,1000_plus_dm,7_plus_years,4,male_married_or_widowed,co_applicant,4,real_estate,20,none,free,2,skilled_employee_or_official,2,no,no,good,under_25
below_0_dm,30,all_repaid_at_bank,other,2181,1000_plus_dm,7_plus_years,4,male_married_or_widowed,none,4,unknown_or_none,36,none,rent,2,skilled_employee_or_official,2,no,no,good,35_49
no_checking_account,48,critical_or_other_credits,retraining,7685,unknown_or_none,4_to_7_years,2,female_non_single_or_male_single,guarantor,4,savings_or_life_insurance,37,none,free,1,skilled_employee_or_official,2,no,no,bad,35_49
200_plus_dm,48,all_repaid_at_bank,repairs,6110,unknown_or_none,1_to_4_years,1,male_married_or_widowed,none,3,real_estate,31,bank,own,1,skilled_employee_or_official,2,yes,no,good,25_34
200_plus_dm,24,no_or_repaid_credits,other,3757,unknown_or_none,7_plus_years,4,female_non_single_or_male_single,co_applicant,4,real_estate,62,none,own,1,skilled_employee_or_official,2,yes,no,good,50_plus
no_checking_account,42,all_repaid_at_bank,domestic_appliances,3394,unknown_or_none,unemployed,4,male_married_or_widowed,co_applicant,4,savings_or_life_insurance,65,none,rent,2,unemployed_or_nonresident_unskilled,2,no,no,good,50_plus
200_plus_dm,36,all_repaid_at_bank,retraining,6304,1000_plus_dm,7_plus_years,4,male_married_or_widowed,none,4,unknown_or_none,36,none,rent,2,skilled_employee_or_official,2,no,no,good,35_49
200_plus_dm,9,all_repaid_at_bank,repairs,1244,1000_plus_dm,7_plus_years,4,female_non_single_or_male_single,none,4,car_or_other,41,none,free,2,resident_unskilled,2,no,no,good,35_49
200_plus_dm,6,no_or_repaid_credits,other,3518,unknown_or_none,1_to_4_years,2,male_married_or_widowed,guarantor,3,car_or_other,26,none,free,1,skilled_employee_or_official,2,no,no,good,25_34
200_plus_dm,36,past_delay,domestic_appliances,2613,unknown_or_none,1_to_4_years,4,male_married_or_widowed,none,2,savings_or_life_insurance,27,none,rent,2,skilled_employee_or_official,2,no,no,good,25_34
no_checking_account,48,no_or_repaid_credits,repairs,7476,unknown_or_none,4_to_7_years,4,male_married_or_widowed,none,1,real_estate,50,none,own,1,manager_or_self_employed,2,yes,no,good,50_plus
200_plus_dm,24,no_or_repaid_credits,retraining,4591,500_to_1000_dm,1_to_4_years,2,male_married_or_widowed,none,3,car_or_other,54,none,rent,3,manager_or_self_employed,2,yes,no,bad,50_plus
below_0_dm,18,no_or_repaid_credits,used_car,1924,1000_plus_dm,under_1_year,4,female_non_single_or_male_single,none,3,unknown_or_none,27,none,free,1,skilled_employee_or_official,2,no,no,bad,25_34
below_0_dm,72,no_or_repaid_credits,furniture_equipment,5595,below_100_dm,1_to_4_years,2,female_single,none,2,savings_or_life_insurance,24,none,rent,1,skilled_employee_or_official,2,no,no,bad,under_25
below_0_dm,48,repaid_to_date,repairs,6224,unknown_or_none,7_plus_years,4,male_married_or_widowed,none,4,real_estate,50,none,own,1,skilled_employee_or_official,2,no,no,bad,50_plus
0_to_200_dm,15,no_or_repaid_credits,repairs,1905,unknown_or_none,7_plus_years,4,male_married_or_widowed,none,4,savings_or_life_insurance,40,none,free,1,manager_or_self_employed,2,yes,no,good,35_49
200_plus_dm,21,repaid_to_date,new_car,2993,unknown_or_none,1_to_4_years,3,male_married_or_widowed,none,2,unknown_or_none,28,stores,rent,2,resident_unskilled,2,no,no,good,25_34
200_plus_dm,36,repaid_to_date,new_car,8947,1000_plus_dm,4_to_7_years,3,male_married_or_widowed,none,2,savings_or_life_insurance,31,stores,rent,1,manager_or_self_employed,1,yes,no,good,25_34
no_checking_account,24,no_or_repaid_credits,used_car,4020,unknown_or_none,1_to_4_years,2,male_married_or_widowed,none,2,savings_or_life_insurance,27,stores,rent,1,skilled_employee_or_official,2,no,no,good,25_34
below_0_dm,18,no_or_repaid_credits,new_car,2779,unknown_or_none,1_to_4_years,1,female_single,none,3,savings_or_life_insurance,21,none,free,1,skilled_employee_or_official,2,yes,no,good,under_25
200_plus_dm,21,no_or_repaid_credits,other,2782,100_to_500_dm,4_to_7_years,1,female_non_single_or_male_single,none,2,savings_or_life_insurance,31,bank,rent,1,manager_or_self_employed,2,no,no,good,25_34
200_plus_dm,12,no_or_repaid_credits,other,1884,unknown_or_none,7_plus_years,4,male_married_or_widowed,none,4,savings_or_life_insurance,39,none,rent,1,manager_or_self_employed,2,yes,no,good,35_49
200_plus_dm,36,all_repaid_at_bank,new_car,11054,1000_plus_dm,1_to_4_years,4,male_married_or_widowed,none,2,savings_or_life_insurance,30,none,rent,1,manager_or_self_employed,2,yes,no,good,25_34
below_0_dm,60,repaid_to_date,furniture_equipment,9157,1000_plus_dm,1_to_4_years,2,male_married_or_widowed,none,2,real_estate,27,none,own,1,manager_or_self_employed,2,no,no,good,25_34
below_0_dm,42,critical_or_other_credits,new_car,9283,unknown_or_none,unemployed,1,male_married_or_widowed,none,2,real_estate,55,bank,own,1,manager_or_self_employed,2,yes,no,good,50_plus
200_plus_dm,60,no_or_repaid_credits,other,6527,1000_plus_dm,1_to_4_years,4,male_married_or_widowed,none,4,real_estate,34,none,own,1,skilled_employee_or_official,1,yes,no,good,25_34
200_plus_dm,15,all_repaid_at_bank,new_car,3368,500_to_1000_dm,7_plus_years,3,male_married_or_widowed,none,4,real_estate,23,none,free,2,skilled_employee_or_official,2,yes,no,good,under_25
no_checking_account,15,no_or_repaid_credits,other,2511,unknown_or_none,unemployed,1,female_non_single_or_male_single,none,4,savings_or_life_insurance,23,none,free,1,skilled_employee_or_official,2,no,no,good,under_25
no_checking_account,36,no_or_repaid_credits,new_car,5493,unknown_or_none,7_plus_years,2,male_married_or_widowed,none,4,real_estate,42,none,own,1,skilled_employee_or_official,1,no,no,good,35_49
200_plus_dm,6,no_or_repaid_credits,radio_television,1338,100_to_500_dm,1_to_4_years,1,male_divorced_or_separated,none,4,unknown_or_none,62,none,rent,1,skilled_employee_or_official,2,no,no,good,50_plus
below_0_dm,9,no_or_repaid_credits,furniture_equipment,1082,unknown_or_none,7_plus_years,4,male_married_or_widowed,none,4,savings_or_life_insurance,37,none,rent,2,resident_unskilled,2,no,no,good,35_49
200_plus_dm,18,all_repaid_at_bank,furniture_equipment,1149,500_to_1000_dm,1_to_4_years,4,male_married_or_widowed,none,3,unknown_or_none,46,none,rent,2,skilled_employee_or_official,2,no,no,good,35_49
below_0_dm,15,no_or_repaid_credits,domestic_appliances,1308,unknown_or_none,7_plus_years,4,male_married_or_widowed,none,4,savings_or_life_insurance,38,none,rent,2,resident_unskilled,2,no,no,good,35_49
below_0_dm,20,past_delay,new_car,6148,below_100_dm,7_plus_years,3,female_single,none,4,savings_or_life_insurance,31,bank,rent,2,skilled_employee_or_official,2,yes,no,good,25_34
200_plus_dm,12,no_or_repaid_credits,used_car,1736,unknown_or_none,4_to_7_years,3,female_non_single_or_male_single,none,4,unknown_or_none,31,none,rent,1,resident_unskilled,2,no,no,good,25_34
200_plus_dm,12,no_or_repaid_credits,furniture_equipment,3059,500_to_1000_dm,4_to_7_years,2,male_divorced_or_separated,none,4,unknown_or_none,61,none,rent,1,resident_unskilled,2,no,no,good,50_plus
no_checking_account,24,no_or_repaid_credits,used_car,2996,1000_plus_dm,1_to_4_years,2,female_single,none,4,savings_or_life_insurance,20,none,rent,1,skilled_employee_or_official,2,no,no,bad,under_25
200_plus_dm,30,all_repaid_at_bank,new_car,7596,1000_plus_dm,7_plus_years,1,male_married_or_widowed,none,4,savings_or_life_insurance,63,none,rent,2,skilled_employee_or_official,2,no,no,good,50_plus
200_plus_dm,30,no_or_repaid_credits,new_car,4811,1000_plus_dm,4_to_7_years,2,female_non_single_or_male_single,none,4,car_or_other,24,stores,free,1,resident_unskilled,2,no,no,good,under_25
200_plus_dm,6,no_or_repaid_credits,used_car,1766,unknown_or_none,1_to_4_years,1,female_single,none,2,car_or_other,21,none,free,1,skilled_employee_or_official,2,no,no,good,under_25
below_0_dm,24,no_or_repaid_credits,new_car,2760,1000_plus_dm,7_plus_years,4,male_married_or_widowed,none,4,real_estate,36,bank,own,1,skilled_employee_or_official,2,yes,no,good,35_49
200_plus_dm,24,all_repaid_at_bank,domestic_appliances,5507,unknown_or_none,7_plus_years,3,male_married_or_widowed,none,4,real_estate,44,none,own,2,skilled_employee_or_official,2,no,no,good,35_49
below_0_dm,9,no_or_repaid_credits,repairs,1199,unknown_or_none,4_to_7_years,4,female_non_single_or_male_single,none,4,car_or_other,67,none,rent,2,manager_or_self_employed,2,yes,no,good,50_plus
0_to_200_dm,24,no_or_repaid_credits,used_car,2892,unknown_or_none,7_plus_years,3,male_divorced_or_separated,none,4,real_estate,51,none,own,1,skilled_employee_or_official,2,no,no,good,50_plus
below_0_dm,36,repaid_to_date,other,2862,below_100_dm,7_plus_years,4,male_married_or_widowed,none,3,real_estate,30,none,own,1,skilled_employee_or_official,2,no,no,good,25_34
no_checking_account,9,no_or_repaid_credits,other,654,unknown_or_none,1_to_4_years,4,male_married_or_widowed,none,3,savings_or_life_insurance,28,none,rent,1,resident_unskilled,2,no,no,bad,25_34
below_0_dm,9,all_repaid_at_bank,repairs,1136,500_to_1000_dm,7_plus_years,4,male_married_or_widowed,none,3,real_estate,32,none,own,2,skilled_employee_or_official,1,no,no,bad,25_34
below_0_dm,24,no_or_repaid_credits,new_car,4113,100_to_500_dm,under_1_year,3,female_non_single_or_male_single,none,4,savings_or_life_insurance,28,none,free,1,skilled_employee_or_official,2,no,no,bad,25_34
below_0_dm,6,no_or_repaid_credits,other,14555,1000_plus_dm,unemployed,1,male_married_or_widowed,none,2,car_or_other,23,none,rent,1,unemployed_or_nonresident_unskilled,2,yes,no,bad,under_25
no_checking_account,15,past_delay,other,950,unknown_or_none,7_plus_years,4,male_married_or_widowed,none,3,savings_or_life_insurance,33,none,free,2,skilled_employee_or_official,1,no,no,bad,25_34
no_checking_account,24,all_repaid_at_bank,other,1199,unknown_or_none,7_plus_years,4,male_married_or_widowed,none,4,savings_or_life_insurance,60,none,rent,2,resident_unskilled,2,no,no,bad,50_plus
no_checking_account,12,past_delay,other,1082,unknown_or_none,1_to_4_years,4,male_married_or_widowed,none,4,savings_or_life_insurance,48,bank,rent,2,skilled_employee_or_official,2,no,no,bad,35_49
below_0_dm,30,no_or_repaid_credits,other,2150,unknown_or_none,1_to_4_years,4,female_non_single_or_male_single,guarantor,2,real_estate,24,bank,rent,1,skilled_employee_or_official,2,no,no,bad,under_25
below_0_dm,36,all_repaid_at_bank,other,2820,unknown_or_none,under_1_year,4,male_divorced_or_separated,none,4,savings_or_life_insurance,27,none,rent,2,skilled_employee_or_official,2,no,no,bad,25_34
below_0_dm,48,no_or_repaid_credits,furniture_equipment,3060,unknown_or_none,4_to_7_years,4,male_married_or_widowed,none,4,unknown_or_none,28,none,rent,2,skilled_employee_or_official,2,no,no,bad,25_34
no_checking_account,18,no_or_repaid_credits,furniture_equipment,2600,unknown_or_none,1_to_4_years,4,male_married_or_widowed,none,4,real_estate,65,none,own,2,skilled_employee_or_official,2,no,no,bad,50_plus
200_plus_dm,21,past_delay,other,5003,1000_plus_dm,1_to_4_years,1,female_non_single_or_male_single,none,4,car_or_other,29,bank,rent,2,skilled_employee_or_official,2,yes,no,bad,25_34
below_0_dm,60,no_or_repaid_credits,repairs,6288,unknown_or_none,1_to_4_years,4,male_married_or_widowed,none,4,real_estate,42,none,own,1,skilled_employee_or_official,2,no,no,bad,35_49
200_plus_dm,24,repaid_to_date,other,2538,unknown_or_none,7_plus_years,4,male_married_or_widowed,none,4,savings_or_life_insurance,47,none,rent,2,resident_unskilled,1,no,no,bad,35_49
200_plus_dm,9,no_or_repaid_credits,furniture_equipment,1478,unknown_or_none,4_to_7_years,4,male_married_or_widowed,none,2,savings_or_life_insurance,22,none,rent,1,skilled_employee_or_official,2,no,no,bad,under_25
below_0_dm,39,all_repaid_at_bank,furniture_equipment,4933,unknown_or_none,4_to_7_years,2,male_married_or_widowed,guarantor,2,unknown_or_none,25,none,rent,2,skilled_employee_or_official,2,no,no,bad,25_34
200_plus_dm,18,all_repaid_at_bank,other,1530,unknown_or_none,1_to_4_years,3,male_married_or_widowed,none,2,car_or_other,32,bank,rent,2,skilled_employee_or_official,2,no,no,bad,25_34
below_0_dm,9,critical_or_other_credits,other,1437,below_100_dm,4_to_7_years,2,male_married_or_widowed,none,3,real_estate,29,none,rent,1,skilled_employee_or_official,2,no,no,bad,25_34
no_checking_account,15,no_or_repaid_credits,radio_television,1275,1000_plus_dm,1_to_4_years,4,female_non_single_or_male_single,none,2,savings_or_life_insurance,24,none,free,1,skilled_employee_or_official,2,no,no,bad,under_25
no_checking_account,24,no_or_repaid_credits,furniture_equipment,1823,unknown_or_none,unemployed,4,male_married_or_widowed,none,2,savings_or_life_insurance,30,stores,rent,1,manager_or_self_employed,1,no,no,bad,25_34
no_checking_account,9,no_or_repaid_credits,other,1422,unknown_or_none,under_1_year,3,male_married_or_widowed,none,2,real_estate,27,none,own,1,manager_or_self_employed,2,yes,no,bad,25_34
no_checking_account,18,no_or_repaid_credits,radio_television,1217,unknown_or_none,1_to_4_years,4,female_single,none,3,unknown_or_none,47,none,rent,1,resident_unskilled,2,yes,no,bad,35_49
no_checking_account,36,no_or_repaid_credits,other,9271,unknown_or_none,4_to_7_years,2,male_married_or_widowed,none,1,savings_or_life_insurance,24,none,rent,1,skilled_employee_or_official,2,yes,no,bad,under_25
no_checking_account,36,repaid_to_date,retraining,2145,unknown_or_none,4_to_7_years,2,male_married_or_widowed,none,1,savings_or_life_insurance,24,none,rent,2,skilled_employee_or_official,2,yes,no,bad,under_25
no_checking_account,36,no_or_repaid_credits,other,1842,unknown_or_none,under_1_year,4,female_non_single_or_male_single,none,4,savings_or_life_insurance,34,none,rent,1,skilled_employee_or_official,2,yes,no,bad,25_34
below_0_dm,18,repaid_to_date,used_car,4297,unknown_or_none,7_plus_years,4,male_divorced_or_separated,none,3,real_estate,40,none,rent,1,manager_or_self_employed,2,yes,no,bad,35_49
no_checking_account,6,all_repaid_at_bank,used_car,3384,unknown_or_none,1_to_4_years,1,male_divorced_or_separated,none,4,unknown_or_none,44,none,free,1,manager_or_self_employed,2,yes,no,bad,35_49
below_0_dm,18,all_repaid_at_bank,furniture_equipment,1245,unknown_or_none,1_to_4_years,4,female_single,none,2,savings_or_life_insurance,33,none,rent,1,skilled_employee_or_official,2,no,no,bad,25_34
200_plus_dm,15,no_or_repaid_credits,repairs,4623,below_100_dm,1_to_4_years,3,male_married_or_widowed,none,2,car_or_other,40,none,rent,1,manager_or_self_employed,2,yes,no,bad,35_49
below_0_dm,30,all_repaid_at_bank,used_car,8386,unknown_or_none,4_to_7_years,2,male_married_or_widowed,none,2,car_or_other,49,none,rent,1,skilled_employee_or_official,2,no,no,bad,35_49
no_checking_account,24,repaid_to_date,furniture_equipment,1024,unknown_or_none,under_1_year,4,female_single,none,4,unknown_or_none,48,stores,rent,1,skilled_employee_or_official,2,no,no,bad,35_49
below_0_dm,36,no_or_repaid_credits,other,14318,unknown_or_none,7_plus_years,4,male_married_or_widowed,none,2,real_estate,57,none,own,1,manager_or_self_employed,2,yes,no,bad,50_plus
below_0_dm,6,critical_or_other_credits,repairs,433,500_to_1000_dm,under_1_year,4,female_non_single_or_male_single,none,2,car_or_other,24,bank,free,1,skilled_employee_or_official,1,no,no,bad,under_25
no_checking_account,12,critical_or_other_credits,furniture_equipment,2149,unknown_or_none,1_to_4_years,4,male_divorced_or_separated,none,1,real_estate,29,none,own,1,skilled_employee_or_official,2,no,no,bad,25_34
200_plus_dm,24,no_or_repaid_credits,furniture_equipment,2397,100_to_500_dm,7_plus_years,3,male_married_or_widowed,none,2,savings_or_life_insurance,35,bank,rent,2,skilled_employee_or_official,2,yes,no,bad,35_49
below_0_dm,6,critical_or_other_credits,other,931,below_100_dm,under_1_year,1,female_non_single_or_male_single,none,1,car_or_other,32,stores,rent,1,resident_unskilled,2,no,no,bad,25_34
below_0_dm,15,repaid_to_date,domestic_appliances,1512,500_to_1000_dm,1_to_4_years,3,female_single,none,3,car_or_other,61,stores,rent,2,skilled_employee_or_official,2,no,no,bad,50_plus
below_0_dm,24,past_delay,retraining,4241,unknown_or_none,1_to_4_years,1,male_married_or_widowed,none,4,unknown_or_none,36,none,rent,3,resident_unskilled,2,yes,no,bad,35_49
below_0_dm,24,all_repaid_at_bank,used_car,4736,unknown_or_none,under_1_year,2,female_non_single_or_male_single,none,4,savings_or_life_insurance,25,bank,rent,1,resident_unskilled,2,no,no,bad,25_34
below_0_dm,15,past_delay,other,1778,unknown_or_none,under_1_year,2,female_non_single_or_male_single,none,1,unknown_or_none,26,none,free,2,unemployed_or_nonresident_unskilled,2,no,no,bad,25_34
0_to_200_dm,15,no_or_repaid_credits,furniture_equipment,2327,unknown_or_none,under_1_year,2,female_non_single_or_male_single,none,3,unknown_or_none,25,none,rent,1,resident_unskilled,2,no,no,bad,25_34
no_checking_account,24,critical_or_other_credits,used_car,6872,unknown_or_none,under_1_year,2,male_divorced_or_separated,none,1,car_or_other,55,bank,rent,1,skilled_employee_or_official,2,yes,no,bad,50_plus
no_checking_account,12,no_or_repaid_credits,repairs,795,unknown_or_none,under_1_year,4,female_non_single_or_male_single,none,4,car_or_other,53,none,rent,1,skilled_employee_or_official,2,no,no,bad,50_plus
0_to_200_dm,30,repaid_to_date,retraining,1908,unknown_or_none,7_plus_years,4,male_married_or_widowed,none,4,unknown_or_none,66,none,rent,1,manager_or_self_employed,2,yes,no,bad,50_plus
below_0_dm,36,past_delay,retraining,1953,unknown_or_none,7_plus_years,4,male_married_or_widowed,none,4,real_estate,61,none,own,1,manager_or_self_employed,2,yes,no,bad,50_plus
0_to_200_dm,18,no_or_repaid_credits,used_car,2864,unknown_or_none,1_to_4_years,2,male_married_or_widowed,none,1,unknown_or_none,34,none,rent,1,resident_unskilled,1,no,no,bad,25_34
0_to_200_dm,21,all_repaid_at_bank,repairs,2319,unknown_or_none,under_1_year,2,male_divorced_or_separated,none,1,savings_or_life_insurance,33,none,free,1,skilled_employee_or_official,2,no,no,bad,25_34
no_checking_account,24,no_or_repaid_credits,other,915,1000_plus_dm,7_plus_years,4,female_non_single_or_male_single,none,2,savings_or_life_insurance,29,bank,rent,1,skilled_employee_or_official,2,no,no,bad,25_34
0_to_200_dm,24,no_or_repaid_credits,other,947,unknown_or_none,4_to_7_years,4,male_married_or_widowed,none,3,real_estate,38,bank,own,1,skilled_employee_or_official,1,no,no,bad,35_49
no_checking_account,24,no_or_repaid_credits,other,1381,1000_plus_dm,1_to_4_years,4,female_non_single_or_male_single,none,2,car_or_other,35,none,rent,1,skilled_employee_or_official,2,no,no,bad,35_49
no_checking_account,24,no_or_repaid_credits,other,1285,1000_plus_dm,4_to_7_years,4,female_non_single_or_male_single,none,4,real_estate,32,none,free,1,skilled_employee_or_official,2,no,no,bad,25_34
no_checking_account,24,no_or_repaid_credits,other,1371,1000_plus_dm,1_to_4_years,4,female_non_single_or_male_single,none,4,unknown_or_none,25,none,free,1,skilled_employee_or_official,2,no,no,bad,25_34
below_0_dm,18,no_or_repaid_credits,other,1042,1000_plus_dm,1_to_4_years,4,female_non_single_or_male_single,none,2,car_or_other,33,none,rent,1,skilled_employee_or_official,2,no,no,bad,25_34
no_checking_account,12,no_or_repaid_credits,other,900,1000_plus_dm,1_to_4_years,4,female_single,none,2,savings_or_life_insurance,23,none,rent,1,skilled_employee_or_official,2,no,no,bad,under_25
no_checking_account,24,no_or_repaid_credits,other,1207,unknown_or_none,under_1_year,4,female_non_single_or_male_single,none,4,car_or_other,24,none,free,1,skilled_employee_or_official,2,no,no,bad,under_25
below_0_dm,18,past_delay,other,2278,below_100_dm,under_1_year,3,female_non_single_or_male_single,none,3,savings_or_life_insurance,28,none,rent,2,skilled_employee_or_official,2,no,no,bad,25_34
no_checking_account,60,repaid_to_date,retraining,6836,unknown_or_none,7_plus_years,3,male_married_or_widowed,none,4,real_estate,63,none,rent,2,skilled_employee_or_official,2,yes,no,bad,50_plus
no_checking_account,24,no_or_repaid_credits,used_car,3345,unknown_or_none,7_plus_years,4,male_married_or_widowed,none,2,car_or_other,39,none,free,1,manager_or_self_employed,2,yes,no,bad,35_49
no_checking_account,6,critical_or_other_credits,repairs,1198,unknown_or_none,7_plus_years,4,female_non_single_or_male_single,none,4,real_estate,35,none,own,1,skilled_employee_or_official,2,no,no,bad,35_49
below_0_dm,48,no_or_repaid_credits,retraining,15672,unknown_or_none,1_to_4_years,2,male_married_or_widowed,none,2,savings_or_life_insurance,23,none,rent,1,skilled_employee_or_official,2,yes,no,bad,under_25
no_checking_account,60,no_or_repaid_credits,retraining,7297,unknown_or_none,7_plus_years,4,male_married_or_widowed,co_applicant,4,real_estate,36,none,free,1,skilled_employee_or_official,2,no,no,bad,35_49
200_plus_dm,18,no_or_repaid_credits,domestic_appliances,1943,unknown_or_none,under_1_year,4,female_non_single_or_male_single,none,4,unknown_or_none,23,none,rent,1,skilled_employee_or_official,2,no,no,bad,under_25
no_checking_account,18,no_or_repaid_credits,furniture_equipment,3190,unknown_or_none,1_to_4_years,2,female_non_single_or_male_single,none,2,unknown_or_none,24,none,rent,1,skilled_employee_or_official,2,no,no,bad,under_25
below_0_dm,9,critical_or_other_credits,new_car,5129,unknown_or_none,7_plus_years,2,female_non_single_or_male_single,none,4,real_estate,74,bank,own,1,manager_or_self_employed,1,yes,no,bad,50_plus
200_plus_dm,18,repaid_to_date,used_car,1808,unknown_or_none,4_to_7_years,4,female_non_single_or_male_single,none,1,unknown_or_none,22,none,rent,1,skilled_employee_or_official,2,no,no,bad,under_25
0_to_200_dm,10,no_or_repaid_credits,other,1240,below_100_dm,7_plus_years,1,female_non_single_or_male_single,none,4,real_estate,48,none,own,1,resident_unskilled,1,no,no,bad,35_49
no_checking_account,12,no_or_repaid_credits,other,759,unknown_or_none,4_to_7_years,4,male_married_or_widowed,none,2,unknown_or_none,26,none,rent,1,skilled_employee_or_official,2,no,no,bad,25_34
below_0_dm,8,no_or_repaid_credits,used_car,1237,unknown_or_none,1_to_4_years,3,female_non_single_or_male_single,none,4,unknown_or_none,24,none,rent,1,skilled_employee_or_official,2,no,no,bad,under_25
200_plus_dm,9,no_or_repaid_credits,used_car,1980,unknown_or_none,under_1_year,2,female_non_single_or_male_single,co_applicant,2,savings_or_life_insurance,19,none,free,2,skilled_employee_or_official,2,no,no,bad,under_25
below_0_dm,48,no_or_repaid_credits,furniture_equipment,10961,500_to_1000_dm,4_to_7_years,1,male_married_or_widowed,co_applicant,2,real_estate,27,bank,rent,2,skilled_employee_or_official,2,yes,no,bad,25_34
no_checking_account,36,repaid_to_date,repairs,6887,unknown_or_none,1_to_4_years,4,male_married_or_widowed,none,3,car_or_other,29,stores,rent,1,skilled_employee_or_official,2,yes,no,bad,25_34
no_checking_account,24,no_or_repaid_credits,furniture_equipment,1938,unknown_or_none,under_1_year,4,male_divorced_or_separated,none,3,car_or_other,32,none,rent,1,skilled_employee_or_official,2,no,no,bad,25_34
no_checking_account,21,no_or_repaid_credits,furniture_equipment,1835,unknown_or_none,1_to_4_years,3,female_non_single_or_male_single,none,2,unknown_or_none,25,none,rent,2,skilled_employee_or_official,2,yes,no,bad,25_34
no_checking_account,24,repaid_to_date,furniture_equipment,1659,unknown_or_none,under_1_year,4,female_non_single_or_male_single,none,2,savings_or_life_insurance,29,none,free,1,resident_unskilled,2,yes,no,bad,25_34
below_0_dm,6,repaid_to_date,other,1209,unknown_or_none,unemployed,4,male_married_or_widowed,none,4,car_or_other,47,none,rent,1,manager_or_self_employed,2,yes,no,bad,35_49
below_0_dm,48,past_delay,retraining,3844,below_100_dm,4_to_7_years,4,male_married_or_widowed,none,4,real_estate,34,none,own,1,resident_unskilled,1,no,no,bad,25_34
no_checking_account,12,all_repaid_at_bank,other,4843,unknown_or_none,7_plus_years,3,male_married_or_widowed,co_applicant,4,car_or_other,43,none,free,2,skilled_employee_or_official,2,yes,no,bad,35_49
below_0_dm,12,no_or_repaid_credits,domestic_appliances,639,unknown_or_none,1_to_4_years,4,male_married_or_widowed,none,2,savings_or_life_insurance,30,none,rent,1,skilled_employee_or_official,2,no,no,bad,25_34
below_0_dm,48,no_or_repaid_credits,furniture_equipment,5951,unknown_or_none,1_to_4_years,2,female_non_single_or_male_single,none,2,unknown_or_none,22,none,rent,1,skilled_employee_or_official,2,no,no,bad,under_25
below_0_dm,36,past_delay,furniture_equipment,3804,unknown_or_none,1_to_4_years,4,female_non_single_or_male_single,none,1,savings_or_life_insurance,42,none,rent,1,skilled_employee_or_official,2,yes,no,bad,35_49
200_plus_dm,36,repaid_to_date,furniture_equipment,4463,unknown_or_none,1_to_4_years,4,male_married_or_widowed,none,2,savings_or_life_insurance,26,none,rent,2,manager_or_self_employed,2,yes,no,bad,25_34
200_plus_dm,36,repaid_to_date,retraining,7980,1000_plus_dm,under_1_year,4,male_married_or_widowed,none,4,savings_or_life_insurance,27,none,free,2,skilled_employee_or_official,2,yes,no,bad,25_34
0_to_200_dm,36,no_or_repaid_credits,furniture_equipment,4210,unknown_or_none,1_to_4_years,4,male_married_or_widowed,none,2,savings_or_life_insurance,26,none,rent,1,skilled_employee_or_official,2,no,no,bad,25_34
200_plus_dm,6,no_or_repaid_credits,used_car,4611,unknown_or_none,under_1_year,1,female_non_single_or_male_single,none,4,car_or_other,32,none,rent,1,skilled_employee_or_official,2,no,no,bad,25_34
below_0_dm,24,no_or_repaid_credits,new_car,11560,unknown_or_none,1_to_4_years,1,female_non_single_or_male_single,none,4,savings_or_life_insurance,23,none,free,2,manager_or_self_employed,2,no,no,bad,under_25
200_plus_dm,18,past_delay,retraining,4165,unknown_or_none,1_to_4_years,2,male_married_or_widowed,none,2,savings_or_life_insurance,36,stores,rent,2,skilled_employee_or_official,1,no,no,bad,35_49
below_0_dm,24,no_or_repaid_credits,used_car,4057,unknown_or_none,4_to_7_years,3,male_divorced_or_separated,none,3,savings_or_life_insurance,43,none,rent,1,skilled_employee_or_official,2,yes,no,bad,35_49
200_plus_dm,18,critical_or_other_credits,other,6458,unknown_or_none,7_plus_years,2,male_married_or_widowed,none,4,real_estate,39,bank,rent,2,manager_or_self_employed,1,yes,no,bad,35_49
200_plus_dm,12,no_or_repaid_credits,other,1386,100_to_500_dm,1_to_4_years,2,female_non_single_or_male_single,none,2,car_or_other,26,none,rent,1,skilled_employee_or_official,2,no,no,bad,25_34
no_checking_account,36,no_or_repaid_credits,repairs,1977,1000_plus_dm,7_plus_years,4,male_married_or_widowed,none,4,real_estate,40,none,rent,1,manager_or_self_employed,2,yes,no,bad,35_49
below_0_dm,18,all_repaid_at_bank,used_car,1928,unknown_or_none,under_1_year,2,male_married_or_widowed,none,2,unknown_or_none,31,none,rent,2,resident_unskilled,2,no,no,bad,25_34
200_plus_dm,12,no_or_repaid_credits,used_car,1123,100_to_500_dm,1_to_4_years,4,female_non_single_or_male_single,none,4,savings_or_life_insurance,29,none,free,1,resident_unskilled,2,no,no,bad,25_34
below_0_dm,24,no_or_repaid_credits,business,11328,unknown_or_none,1_to_4_years,2,male_married_or_widowed,co_applicant,3,savings_or_life_insurance,29,bank,rent,2,manager_or_self_employed,2,yes,no,bad,25_34
below_0_dm,24,all_repaid_at_bank,business,11938,unknown_or_none,1_to_4_years,2,male_married_or_widowed,co_applicant,3,savings_or_life_insurance,39,none,rent,2,manager_or_self_employed,1,yes,no,bad,35_49
below_0_dm,27,all_repaid_at_bank,furniture_equipment,2520,100_to_500_dm,1_to_4_years,4,male_married_or_widowed,none,2,car_or_other,23,none,rent,2,resident_unskilled,2,no,no,bad,under_25
below_0_dm,30,repaid_to_date,furniture_equipment,1919,below_100_dm,under_1_year,4,male_married_or_widowed,none,3,real_estate,30,stores,rent,2,manager_or_self_employed,2,no,no,bad,25_34
below_0_dm,60,critical_or_other_credits,business,14782,below_100_dm,7_plus_years,3,female_non_single_or_male_single,none,4,real_estate,60,bank,own,2,manager_or_self_employed,2,yes,no,bad,50_plus
below_0_dm,36,no_or_repaid_credits,furniture_equipment,2671,below_100_dm,1_to_4_years,4,female_non_single_or_male_single,co_applicant,4,real_estate,50,none,own,1,skilled_employee_or_official,2,no,no,bad,50_plus
below_0_dm,36,no_or_repaid_credits,repairs,12612,below_100_dm,1_to_4_years,1,male_married_or_widowed,none,4,real_estate,47,none,own,1,skilled_employee_or_official,1,yes,no,bad,35_49
below_0_dm,45,no_or_repaid_credits,furniture_equipment,3031,below_100_dm,1_to_4_years,4,male_married_or_widowed,guarantor,4,car_or_other,21,none,free,1,skilled_employee_or_official,2,no,no,bad,under_25
no_checking_account,12,critical_or_other_credits,furniture_equipment,626,unknown_or_none,1_to_4_years,4,female_non_single_or_male_single,none,4,unknown_or_none,24,bank,rent,1,resident_unskilled,2,no,no,bad,under_25
below_0_dm,24,all_repaid_at_bank,retraining,1935,unknown_or_none,7_plus_years,4,male_divorced_or_separated,none,4,unknown_or_none,31,none,rent,2,skilled_employee_or_official,2,yes,no,bad,25_34
0_to_200_dm,24,all_repaid_at_bank,other,1344,1000_plus_dm,4_to_7_years,4,male_married_or_widowed,none,2,unknown_or_none,37,bank,rent,2,resident_unskilled,1,no,no,bad,35_49
200_plus_dm,18,no_or_repaid_credits,used_car,1533,unknown_or_none,under_1_year,4,female_single,co_applicant,1,car_or_other,43,none,rent,1,resident_unskilled,1,no,no,bad,35_49
no_checking_account,48,no_or_repaid_credits,other,3931,unknown_or_none,4_to_7_years,4,male_married_or_widowed,none,4,real_estate,46,none,own,1,skilled_employee_or_official,1,no,no,bad,35_49
no_checking_account,24,critical_or_other_credits,used_car,3349,100_to_500_dm,under_1_year,4,male_married_or_widowed,none,4,real_estate,30,none,own,1,skilled_employee_or_official,1,yes,no,bad,25_34
no_checking_account,36,no_or_repaid_credits,furniture_equipment,2302,unknown_or_none,1_to_4_years,4,male_divorced_or_separated,none,4,savings_or_life_insurance,31,none,free,1,skilled_employee_or_official,2,no,no,bad,25_34
no_checking_account,42,no_or_repaid_credits,furniture_equipment,3965,unknown_or_none,under_1_year,4,male_married_or_widowed,none,3,savings_or_life_insurance,34,none,rent,1,skilled_employee_or_official,2,no,no,bad,25_34
no_checking_account,12,no_or_repaid_credits,furniture_equipment,727,below_100_dm,under_1_year,4,female_single,none,3,real_estate,33,none,rent,1,resident_unskilled,2,yes,no,bad,25_34
200_plus_dm,48,no_or_repaid_credits,retraining,3914,1000_plus_dm,1_to_4_years,4,male_divorced_or_separated,none,2,unknown_or_none,38,bank,rent,1,skilled_employee_or_official,2,no,no,bad,35_49
no_checking_account,48,no_or_repaid_credits,retraining,4308,unknown_or_none,under_1_year,3,female_non_single_or_male_single,none,4,car_or_other,24,none,free,1,skilled_employee_or_official,2,no,no,bad,under_25
below_0_dm,12,no_or_repaid_credits,furniture_equipment,1534,unknown_or_none,under_1_year,1,female_single,none,1,unknown_or_none,23,none,free,1,skilled_employee_or_official,2,no,no,bad,under_25
200_plus_dm,18,all_repaid_at_bank,other,2775,unknown_or_none,4_to_7_years,2,male_married_or_widowed,none,2,car_or_other,31,bank,rent,2,skilled_employee_or_official,2,no,no,bad,25_34
no_checking_account,40,all_repaid_at_bank,repairs,5998,unknown_or_none,1_to_4_years,4,male_married_or_widowed,none,3,real_estate,27,bank,rent,1,skilled_employee_or_official,2,yes,no,bad,25_34
0_to_200_dm,15,all_repaid_at_bank,furniture_equipment,1271,1000_plus_dm,1_to_4_years,3,male_married_or_widowed,none,4,real_estate,39,none,own,2,skilled_employee_or_official,2,yes,no,bad,35_49
below_0_dm,12,no_or_repaid_credits,other,1295,unknown_or_none,under_1_year,3,female_non_single_or_male_single,none,1,savings_or_life_insurance,25,none,free,1,skilled_employee_or_official,2,no,no,bad,25_34
below_0_dm,36,no_or_repaid_credits,new_car,9398,unknown_or_none,under_1_year,1,female_single,none,4,savings_or_life_insurance,28,none,free,1,manager_or_self_employed,2,yes,no,bad,25_34
below_0_dm,12,no_or_repaid_credits,used_car,951,below_100_dm,under_1_year,4,female_non_single_or_male_single,none,4,savings_or_life_insurance,27,bank,free,4,skilled_employee_or_official,2,no,no,bad,25_34
below_0_dm,24,no_or_repaid_credits,other,1355,unknown_or_none,under_1_year,3,female_non_single_or_male_single,none,4,savings_or_life_insurance,25,none,rent,1,resident_unskilled,2,yes,no,bad,25_34
no_checking_account,48,no_or_repaid_credits,radio_television,3051,unknown_or_none,1_to_4_years,3,male_married_or_widowed,none,4,savings_or_life_insurance,54,none,rent,1,skilled_employee_or_official,2,no,no,bad,50_plus
200_plus_dm,36,all_repaid_at_bank,other,7855,unknown_or_none,1_to_4_years,4,female_non_single_or_male_single,none,2,unknown_or_none,25,stores,rent,2,skilled_employee_or_official,2,yes,no,bad,25_34
200_plus_dm,18,no_or_repaid_credits,furniture_equipment,433,unknown_or_none,unemployed,3,female_non_single_or_male_single,co_applicant,4,unknown_or_none,22,none,free,1,skilled_employee_or_official,2,no,no,bad,under_25
200_plus_dm,36,repaid_to_date,retraining,9572,unknown_or_none,under_1_year,1,male_divorced_or_separated,none,1,savings_or_life_insurance,28,none,rent,2,skilled_employee_or_official,2,no,no,bad,25_34
below_0_dm,24,critical_or_other_credits,repairs,1837,unknown_or_none,4_to_7_years,4,female_non_single_or_male_single,none,4,real_estate,34,bank,own,1,resident_unskilled,2,no,no,bad,25_34
below_0_dm,30,all_repaid_at_bank,other,4249,unknown_or_none,unemployed,4,female_single,none,2,savings_or_life_insurance,28,none,rent,2,manager_or_self_employed,2,no,no,bad,25_34
below_0_dm,30,all_repaid_at_bank,other,5234,unknown_or_none,unemployed,4,female_single,none,2,savings_or_life_insurance,28,none,rent,2,manager_or_self_employed,2,no,no,bad,25_34
no_checking_account,48,no_or_repaid_credits,furniture_equipment,6758,unknown_or_none,1_to_4_years,3,female_non_single_or_male_single,none,2,savings_or_life_insurance,31,none,rent,1,skilled_employee_or_official,2,yes,no,bad,25_34
no_checking_account,9,no_or_repaid_credits,furniture_equipment,1366,unknown_or_none,under_1_year,3,female_non_single_or_male_single,none,4,car_or_other,22,none,free,1,skilled_employee_or_official,2,no,no,bad,under_25
no_checking_account,24,critical_or_other_credits,business,1358,1000_plus_dm,7_plus_years,4,male_married_or_widowed,none,3,savings_or_life_insurance,40,stores,rent,1,manager_or_self_employed,2,yes,no,bad,35_49
no_checking_account,18,no_or_repaid_credits,used_car,2473,unknown_or_none,unemployed,4,male_married_or_widowed,none,1,savings_or_life_insurance,25,none,rent,1,unemployed_or_nonresident_unskilled,2,no,no,bad,25_34
0_to_200_dm,9,past_delay,furniture_equipment,1337,unknown_or_none,under_1_year,4,male_married_or_widowed,none,2,savings_or_life_insurance,34,none,rent,2,manager_or_self_employed,2,yes,no,bad,25_34
no_checking_account,48,no_or_repaid_credits,other,7763,unknown_or_none,7_plus_years,4,male_married_or_widowed,none,4,real_estate,42,bank,own,1,manager_or_self_employed,2,no,no,bad,35_49
below_0_dm,15,critical_or_other_credits,other,1264,below_100_dm,1_to_4_years,2,female_single,none,2,car_or_other,25,none,free,1,skilled_employee_or_official,2,no,no,bad,25_34
below_0_dm,15,no_or_repaid_credits,other,2631,below_100_dm,1_to_4_years,2,female_non_single_or_male_single,none,4,savings_or_life_insurance,28,none,free,2,skilled_employee_or_official,2,yes,no,bad,25_34
below_0_dm,48,no_or_repaid_credits,other,6560,below_100_dm,4_to_7_years,3,male_married_or_widowed,none,2,car_or_other,24,none,rent,1,skilled_employee_or_official,2,no,no,bad,under_25
no_checking_account,24,no_or_repaid_credits,other,3123,unknown_or_none,under_1_year,4,female_non_single_or_male_single,none,1,car_or_other,27,none,rent,1,skilled_employee_or_official,2,no,no,bad,25_34
no_checking_account,36,all_repaid_at_bank,repairs,8065,unknown_or_none,1_to_4_years,3,female_non_single_or_male_single,none,2,real_estate,25,none,rent,2,manager_or_self_employed,2,yes,no,bad,25_34
no_checking_account,24,no_or_repaid_credits,furniture_equipment,2439,unknown_or_none,under_1_year,4,female_non_single_or_male_single,none,4,unknown_or_none,35,none,rent,1,skilled_employee_or_official,2,yes,no,bad,35_49
below_0_dm,36,no_or_repaid_credits,used_car,9034,below_100_dm,under_1_year,4,male_married_or_widowed,co_applicant,1,real_estate,29,none,free,1,manager_or_self_employed,2,yes,no,bad,25_34
below_0_dm,60,no_or_repaid_credits,other,14027,unknown_or_none,4_to_7_years,4,male_married_or_widowed,none,2,real_estate,27,none,rent,1,manager_or_self_employed,2,yes,no,bad,25_34
no_checking_account,36,all_repaid_at_bank,new_car,9629,unknown_or_none,4_to_7_years,4,male_married_or_widowed,none,4,savings_or_life_insurance,24,none,rent,2,skilled_employee_or_official,2,yes,no,bad,under_25
below_0_dm,12,no_or_repaid_credits,furniture_equipment,1484,1000_plus_dm,1_to_4_years,2,female_single,none,1,unknown_or_none,25,none,rent,1,skilled_employee_or_official,2,yes,no,bad,25_34
no_checking_account,18,no_or_repaid_credits,used_car,1131,unknown_or_none,unemployed,4,female_non_single_or_male_single,none,2,savings_or_life_insurance,33,none,rent,1,skilled_employee_or_official,2,no,no,bad,25_34
below_0_dm,24,repaid_to_date,used_car,2064,unknown_or_none,unemployed,3,female_non_single_or_male_single,none,2,car_or_other,34,none,rent,1,manager_or_self_employed,2,yes,no,bad,25_34
below_0_dm,18,no_or_repaid_credits,new_car,12976,unknown_or_none,unemployed,3,female_non_single_or_male_single,none,4,real_estate,38,none,own,1,manager_or_self_employed,2,yes,no,bad,35_49
200_plus_dm,21,repaid_to_date,retraining,2580,100_to_500_dm,under_1_year,4,male_married_or_widowed,none,2,unknown_or_none,41,bank,rent,1,resident_unskilled,1,no,no,bad,35_49
200_plus_dm,27,no_or_repaid_credits,other,2570,unknown_or_none,1_to_4_years,3,female_non_single_or_male_single,none,3,unknown_or_none,21,none,free,1,skilled_employee_or_official,2,no,no,bad,under_25
below_0_dm,27,no_or_repaid_credits,retraining,3915,unknown_or_none,1_to_4_years,4,male_married_or_widowed,none,2,savings_or_life_insurance,36,none,rent,1,skilled_employee_or_official,1,yes,no,bad,35_49
200_plus_dm,10,no_or_repaid_credits,other,1309,1000_plus_dm,1_to_4_years,4,male_married_or_widowed,guarantor,4,car_or_other,27,none,rent,1,resident_unskilled,2,no,no,bad,25_34
no_checking_account,24,no_or_repaid_credits,other,4817,unknown_or_none,4_to_7_years,2,male_married_or_widowed,co_applicant,3,car_or_other,31,none,rent,1,skilled_employee_or_official,2,yes,no,bad,25_34
no_checking_account,12,no_or_repaid_credits,other,2579,unknown_or_none,under_1_year,4,male_married_or_widowed,none,1,unknown_or_none,33,none,rent,1,resident_unskilled,1,no,no,bad,25_34
below_0_dm,36,repaid_to_date,other,2225,unknown_or_none,7_plus_years,4,male_married_or_widowed,none,4,real_estate,57,bank,own,2,skilled_employee_or_official,2,yes,no,bad,50_plus
no_checking_account,18,no_or_repaid_credits,used_car,4153,unknown_or_none,1_to_4_years,2,male_married_or_widowed,co_applicant,3,savings_or_life_insurance,42,none,rent,1,skilled_employee_or_official,2,no,no,bad,35_49
no_checking_account,18,past_delay,used_car,3114,unknown_or_none,under_1_year,1,female_non_single_or_male_single,none,4,car_or_other,26,none,free,1,skilled_employee_or_official,2,no,no,bad,25_34
no_checking_account,18,all_repaid_at_bank,used_car,2124,unknown_or_none,1_to_4_years,4,female_non_single_or_male_single,none,4,unknown_or_none,24,none,free,2,skilled_employee_or_official,2,no,no,bad,under_25
no_checking_account,18,critical_or_other_credits,used_car,1553,unknown_or_none,1_to_4_years,4,male_married_or_widowed,none,3,savings_or_life_insurance,44,bank,rent,1,skilled_employee_or_official,2,no,no,bad,35_49
no_checking_account,30,no_or_repaid_credits,used_car,2406,unknown_or_none,4_to_7_years,4,female_non_single_or_male_single,none,4,unknown_or_none,23,none,free,1,skilled_employee_or_official,2,no,no,bad,under_25
no_checking_account,24,repaid_to_date,other,1333,unknown_or_none,unemployed,4,male_married_or_widowed,none,2,unknown_or_none,43,none,own,2,skilled_employee_or_official,1,no,no,bad,35_49
no_checking_account,48,past_delay,used_car,7119,unknown_or_none,1_to_4_years,3,male_married_or_widowed,none,4,real_estate,53,none,own,2,skilled_employee_or_official,1,no,no,bad,50_plus
no_checking_account,24,repaid_to_date,other,4870,unknown_or_none,1_to_4_years,3,male_married_or_widowed,none,4,real_estate,53,none,own,2,skilled_employee_or_official,1,no,no,bad,50_plus
no_checking_account,12,all_repaid_at_bank,other,691,unknown_or_none,7_plus_years,4,male_married_or_widowed,none,3,car_or_other,35,none,rent,2,skilled_employee_or_official,2,no,no,bad,35_49
no_checking_account,42,repaid_to_date,furniture_equipment,4370,unknown_or_none,4_to_7_years,3,male_married_or_widowed,none,2,car_or_other,26,bank,rent,2,skilled_employee_or_official,1,yes,no,bad,25_34
no_checking_account,36,critical_or_other_credits,used_car,2746,unknown_or_none,7_plus_years,4,male_married_or_widowed,none,4,savings_or_life_insurance,31,bank,rent,1,skilled_employee_or_official,2,no,no,bad,25_34
no_checking_account,24,past_delay,used_car,4110,unknown_or_none,7_plus_years,3,male_married_or_widowed,none,4,real_estate,23,bank,free,2,skilled_employee_or_official,1,no,no,bad,under_25
no_checking_account,18,no_or_repaid_credits,used_car,2462,unknown_or_none,1_to_4_years,2,male_married_or_widowed,none,2,savings_or_life_insurance,22,none,rent,1,skilled_employee_or_official,2,no,no,bad,under_25
no_checking_account,12,no_or_repaid_credits,used_car,1282,unknown_or_none,1_to_4_years,2,female_non_single_or_male_single,none,4,savings_or_life_insurance,20,none,free,1,skilled_employee_or_official,2,no,no,bad,under_25
below_0_dm,12,past_delay,used_car,2969,unknown_or_none,under_1_year,4,female_non_single_or_male_single,none,3,car_or_other,25,none,free,2,skilled_employee_or_official,2,no,no,bad,25_34
no_checking_account,48,past_delay,new_car,4605,unknown_or_none,7_plus_years,3,male_married_or_widowed,none,4,real_estate,24,none,own,2,skilled_employee_or_official,1,no,no,bad,under_25
no_checking_account,48,all_repaid_at_bank,new_car,6331,unknown_or_none,7_plus_years,4,male_married_or_widowed,none,4,real_estate,46,none,own,2,skilled_employee_or_official,2,yes,no,bad,35_49
no_checking_account,24,critical_or_other_credits,used_car,3552,unknown_or_none,4_to_7_years,3,male_married_or_widowed,none,4,savings_or_life_insurance,27,bank,rent,1,skilled_employee_or_official,2,no,no,bad,25_34
no_checking_account,12,critical_or_other_credits,other,697,unknown_or_none,under_1_year,4,male_married_or_widowed,none,2,savings_or_life_insurance,46,bank,rent,2,skilled_employee_or_official,2,yes,no,bad,35_49
no_checking_account,24,no_or_repaid_credits,other,1442,unknown_or_none,4_to_7_years,4,female_non_single_or_male_single,none,4,savings_or_life_insurance,23,none,free,2,skilled_employee_or_official,2,no,no,bad,under_25
no_checking_account,27,past_delay,retraining,5293,unknown_or_none,unemployed,2,male_married_or_widowed,none,4,car_or_other,50,none,rent,2,skilled_employee_or_official,2,yes,no,bad,50_plus
no_checking_account,21,repaid_to_date,repairs,3414,unknown_or_none,under_1_year,2,male_married_or_widowed,none,1,car_or_other,26,stores,rent,2,skilled_employee_or_official,2,no,no,bad,25_34
no_checking_account,18,no_or_repaid_credits,used_car,2039,unknown_or_none,1_to_4_years,1,female_non_single_or_male_single,none,4,unknown_or_none,20,none,free,1,skilled_employee_or_official,2,no,no,bad,under_25
no_checking_account,24,critical_or_other_credits,retraining,3161,unknown_or_none,1_to_4_years,4,male_married_or_widowed,none,2,car_or_other,31,bank,free,1,skilled_employee_or_official,2,yes,no,bad,25_34
no_checking_account,12,no_or_repaid_credits,vacation,902,unknown_or_none,4_to_7_years,4,female_single,none,4,car_or_other,21,none,free,1,skilled_employee_or_official,2,no,no,bad,under_25
no_checking_account,48,no_or_repaid_credits,new_car,10297,unknown_or_none,4_to_7_years,4,male_married_or_widowed,none,4,real_estate,39,none,own,3,skilled_employee_or_official,1,yes,no,bad,35_49
below_0_dm,48,past_delay,retraining,14421,unknown_or_none,1_to_4_years,2,male_married_or_widowed,none,2,savings_or_life_insurance,25,stores,rent,1,skilled_employee_or_official,2,yes,no,bad,25_34
below_0_dm,18,all_repaid_at_bank,other,1056,unknown_or_none,7_plus_years,3,male_married_or_widowed,guarantor,3,unknown_or_none,30,none,rent,2,skilled_employee_or_official,2,no,no,bad,25_34
no_checking_account,12,no_or_repaid_credits,other,1274,unknown_or_none,under_1_year,3,female_non_single_or_male_single,none,1,unknown_or_none,37,bank,rent,1,resident_unskilled,2,no,no,bad,35_49
below_0_dm,12,no_or_repaid_credits,other,1223,unknown_or_none,7_plus_years,1,male_divorced_or_separated,none,1,unknown_or_none,46,none,free,2,skilled_employee_or_official,2,no,no,bad,35_49
no_checking_account,12,no_or_repaid_credits,other,1372,unknown_or_none,4_to_7_years,2,male_divorced_or_separated,none,3,savings_or_life_insurance,36,none,rent,1,skilled_employee_or_official,2,no,no,bad,35_49
no_checking_account,16,all_repaid_at_bank,other,2625,unknown_or_none,7_plus_years,2,male_married_or_widowed,guarantor,4,car_or_other,43,none,free,1,skilled_employee_or_official,2,yes,yes,bad,35_49
no_checking_account,20,all_repaid_at_bank,other,2235,unknown_or_none,1_to_4_years,4,female_single,guarantor,2,car_or_other,33,bank,free,2,skilled_employee_or_official,2,no,yes,bad,25_34
below_0_dm,9,no_or_repaid_credits,used_car,959,unknown_or_none,1_to_4_years,1,female_non_single_or_male_single,none,2,savings_or_life_insurance,29,bank,rent,1,skilled_employee_or_official,2,no,no,bad,25_34
below_0_dm,18,all_repaid_at_bank,other,884,unknown_or_none,7_plus_years,4,male_married_or_widowed,none,4,savings_or_life_insurance,36,none,rent,1,skilled_employee_or_official,1,yes,no,bad,35_49
below_0_dm,24,no_or_repaid_credits,other,1246,unknown_or_none,under_1_year,4,male_married_or_widowed,none,2,unknown_or_none,23,bank,rent,1,resident_unskilled,2,no,no,bad,under_25
below_0_dm,36,repaid_to_date,other,8086,below_100_dm,7_plus_years,2,male_married_or_widowed,none,4,savings_or_life_insurance,42,stores,rent,4,manager_or_self_employed,2,yes,no,bad,35_49
200_plus_dm,48,all_repaid_at_bank,other,10127,100_to_500_dm,1_to_4_years,2,male_married_or_widowed,none,2,real_estate,44,none,own,1,skilled_employee_or_official,2,no,no,bad,35_49
below_0_dm,12,no_or_repaid_credits,other,888,unknown_or_none,7_plus_years,4,male_married_or_widowed,none,4,savings_or_life_insurance,41,bank,rent,1,resident_unskilled,1,no,no,bad,35_49
200_plus_dm,12,no_or_repaid_credits,repairs,719,unknown_or_none,7_plus_years,4,male_married_or_widowed,none,4,savings_or_life_insurance,41,bank,rent,1,resident_unskilled,1,no,no,bad,35_49
below_0_dm,36,no_or_repaid_credits,other,12389,1000_plus_dm,1_to_4_years,1,male_married_or_widowed,none,4,real_estate,37,bank,own,1,skilled_employee_or_official,2,yes,no,bad,35_49
no_checking_account,12,no_or_repaid_credits,furniture_equipment,709,unknown_or_none,7_plus_years,4,male_married_or_widowed,none,4,unknown_or_none,57,none,rent,1,resident_unskilled,2,no,no,bad,50_plus
below_0_dm,15,critical_or_other_credits,other,6850,below_100_dm,unemployed,1,male_married_or_widowed,none,2,car_or_other,34,stores,rent,1,manager_or_self_employed,1,yes,no,bad,25_34
200_plus_dm,10,no_or_repaid_credits,used_car,2210,unknown_or_none,1_to_4_years,2,male_married_or_widowed,none,2,unknown_or_none,25,none,free,1,resident_unskilled,2,no,no,bad,25_34
200_plus_dm,30,critical_or_other_credits,new_car,7485,1000_plus_dm,unemployed,4,female_non_single_or_male_single,none,1,unknown_or_none,53,bank,rent,1,manager_or_self_employed,2,yes,no,bad,50_plus
no_checking_account,18,critical_or_other_credits,other,1442,unknown_or_none,4_to_7_years,4,male_married_or_widowed,none,4,real_estate,32,bank,own,2,resident_unskilled,1,no,no,bad,25_34
200_plus_dm,12,all_repaid_at_bank,furniture_equipment,797,1000_plus_dm,7_plus_years,4,female_non_single_or_male_single,none,3,car_or_other,33,none,rent,1,resident_unskilled,1,no,no,bad,25_34
below_0_dm,45,all_repaid_at_bank,furniture_equipment,4746,unknown_or_none,under_1_year,4,male_married_or_widowed,none,2,car_or_other,24,bank,rent,2,resident_unskilled,2,no,no,bad,under_25
0_to_200_dm,12,all_repaid_at_bank,other,939,100_to_500_dm,4_to_7_years,4,female_single,none,2,unknown_or_none,28,none,rent,3,skilled_employee_or_official,2,yes,no,bad,25_34
below_0_dm,21,no_or_repaid_credits,retraining,1188,unknown_or_none,7_plus_years,2,female_non_single_or_male_single,none,4,car_or_other,39,none,rent,1,skilled_employee_or_official,1,no,no,bad,35_49
200_plus_dm,48,all_repaid_at_bank,new_car,11590,below_100_dm,1_to_4_years,2,female_non_single_or_male_single,none,4,savings_or_life_insurance,24,none,free,2,resident_unskilled,2,no,no,bad,under_25
0_to_200_dm,12,critical_or_other_credits,retraining,609,unknown_or_none,under_1_year,4,female_non_single_or_male_single,none,1,unknown_or_none,26,bank,rent,1,unemployed_or_nonresident_unskilled,2,no,no,bad,25_34
no_checking_account,18,all_repaid_at_bank,domestic_appliances,1190,unknown_or_none,unemployed,2,female_non_single_or_male_single,none,4,real_estate,55,none,own,3,unemployed_or_nonresident_unskilled,1,no,no,bad,50_plus
below_0_dm,21,no_or_repaid_credits,retraining,2767,below_100_dm,7_plus_years,4,male_divorced_or_separated,none,2,savings_or_life_insurance,61,none,free,2,resident_unskilled,2,no,no,bad,50_plus
below_0_dm,30,no_or_repaid_credits,used_car,3441,below_100_dm,1_to_4_years,2,female_non_single_or_male_single,co_applicant,4,savings_or_life_insurance,21,bank,free,1,skilled_employee_or_official,2,no,no,bad,under_25
below_0_dm,30,past_delay,retraining,4280,below_100_dm,1_to_4_years,4,female_non_single_or_male_single,none,4,savings_or_life_insurance,26,none,free,2,resident_unskilled,2,no,no,bad,25_34
below_0_dm,24,no_or_repaid_credits,furniture_equipment,3092,below_100_dm,under_1_year,3,female_single,none,2,savings_or_life_insurance,22,none,free,1,skilled_employee_or_official,2,yes,no,bad,under_25
200_plus_dm,18,no_or_repaid_credits,other,6761,1000_plus_dm,1_to_4_years,2,male_married_or_widowed,none,4,savings_or_life_insurance,68,stores,free,2,skilled_employee_or_official,2,no,no,bad,50_plus
below_0_dm,12,no_or_repaid_credits,furniture_equipment,1331,unknown_or_none,under_1_year,2,male_married_or_widowed,none,1,savings_or_life_insurance,22,none,rent,1,skilled_employee_or_official,2,no,no,bad,under_25
below_0_dm,54,past_delay,retraining,15945,unknown_or_none,under_1_year,3,male_married_or_widowed,none,4,real_estate,58,none,free,1,skilled_employee_or_official,2,yes,no,bad,50_plus
no_checking_account,24,no_or_repaid_credits,used_car,3234,unknown_or_none,under_1_year,4,female_non_single_or_male_single,none,4,unknown_or_none,23,none,free,1,resident_unskilled,2,yes,no,bad,under_25
below_0_dm,15,no_or_repaid_credits,furniture_equipment,802,unknown_or_none,7_plus_years,4,male_married_or_widowed,none,3,savings_or_life_insurance,37,none,rent,1,skilled_employee_or_official,1,no,no,bad,35_49
below_0_dm,48,no_or_repaid_credits,used_car,9960,unknown_or_none,under_1_year,1,female_non_single_or_male_single,none,2,savings_or_life_insurance,26,bank,rent,1,skilled_employee_or_official,2,yes,no,bad,25_34
200_plus_dm,24,repaid_to_date,retraining,8648,unknown_or_none,under_1_year,2,male_married_or_widowed,none,2,savings_or_life_insurance,27,bank,rent,2,skilled_employee_or_official,2,yes,no,bad,25_34
no_checking_account,18,no_or_repaid_credits,furniture_equipment,1345,unknown_or_none,1_to_4_years,4,female_single,none,3,unknown_or_none,26,none,rent,1,skilled_employee_or_official,2,no,no,bad,25_34
no_checking_account,45,no_or_repaid_credits,furniture_equipment,1845,unknown_or_none,1_to_4_years,4,male_married_or_widowed,none,4,real_estate,23,none,own,1,skilled_employee_or_official,2,yes,no,bad,under_25
no_checking_account,21,critical_or_other_credits,other,1647,1000_plus_dm,1_to_4_years,4,male_married_or_widowed,none,2,car_or_other,40,bank,rent,2,resident_unskilled,1,no,no,bad,35_49
200_plus_dm,48,no_or_repaid_credits,retraining,4844,unknown_or_none,unemployed,3,male_married_or_widowed,none,2,savings_or_life_insurance,33,none,free,1,manager_or_self_employed,2,yes,no,bad,25_34
below_0_dm,27,past_delay,retraining,8318,unknown_or_none,7_plus_years,2,female_non_single_or_male_single,none,4,real_estate,42,stores,own,2,manager_or_self_employed,2,yes,no,bad,35_49
0_to_200_dm,18,no_or_repaid_credits,furniture_equipment,2100,unknown_or_none,1_to_4_years,4,male_married_or_widowed,co_applicant,2,unknown_or_none,37,none,rent,1,skilled_employee_or_official,2,no,no,bad,35_49
no_checking_account,45,past_delay,retraining,11816,unknown_or_none,7_plus_years,2,male_married_or_widowed,none,4,savings_or_life_insurance,29,none,free,2,skilled_employee_or_official,2,no,no,bad,25_34
no_checking_account,6,no_or_repaid_credits,repairs,448,unknown_or_none,under_1_year,4,female_non_single_or_male_single,none,4,car_or_other,23,none,rent,1,skilled_employee_or_official,2,no,no,bad,under_25
no_checking_account,30,no_or_repaid_credits,domestic_appliances,11998,unknown_or_none,under_1_year,1,male_divorced_or_separated,none,1,real_estate,34,bank,rent,1,resident_unskilled,2,yes,no,bad,25_34
below_0_dm,48,past_delay,business,18424,unknown_or_none,1_to_4_years,1,female_non_single_or_male_single,none,2,car_or_other,32,bank,rent,1,manager_or_self_employed,2,yes,yes,bad,25_34
no_checking_account,6,no_or_repaid_credits,other,14896,unknown_or_none,7_plus_years,1,male_married_or_widowed,none,4,real_estate,68,bank,rent,1,manager_or_self_employed,2,yes,no,bad,50_plus
below_0_dm,12,no_or_repaid_credits,used_car,2762,1000_plus_dm,7_plus_years,1,female_non_single_or_male_single,none,2,car_or_other,25,none,rent,1,skilled_employee_or_official,2,yes,no,bad,25_34
no_checking_account,12,no_or_repaid_credits,new_car,3386,unknown_or_none,7_plus_years,3,male_married_or_widowed,none,4,real_estate,35,none,own,1,skilled_employee_or_official,2,yes,no,bad,35_49
below_0_dm,24,no_or_repaid_credits,furniture_equipment,2039,unknown_or_none,under_1_year,1,female_single,none,1,car_or_other,22,none,rent,1,skilled_employee_or_official,2,yes,no,bad,under_25
200_plus_dm,18,repaid_to_date,retraining,2169,unknown_or_none,1_to_4_years,4,female_single,none,2,savings_or_life_insurance,28,none,rent,1,skilled_employee_or_official,2,yes,no,bad,25_34
below_0_dm,48,all_repaid_at_bank,used_car,5096,unknown_or_none,1_to_4_years,2,female_non_single_or_male_single,none,3,savings_or_life_insurance,30,none,rent,1,manager_or_self_employed,2,yes,no,bad,25_34
no_checking_account,18,no_or_repaid_credits,furniture_equipment,1882,unknown_or_none,1_to_4_years,4,female_non_single_or_male_single,none,4,savings_or_life_insurance,25,bank,free,2,skilled_employee_or_official,2,no,no,bad,25_34
no_checking_account,48,no_or_repaid_credits,furniture_equipment,6999,unknown_or_none,4_to_7_years,1,female_single,guarantor,1,unknown_or_none,34,none,rent,2,skilled_employee_or_official,2,yes,no,bad,25_34
200_plus_dm,12,all_repaid_at_bank,retraining,2292,unknown_or_none,unemployed,4,male_married_or_widowed,none,2,savings_or_life_insurance,42,stores,rent,2,manager_or_self_employed,2,yes,no,bad,35_49
no_checking_account,14,no_or_repaid_credits,other,8978,unknown_or_none,7_plus_years,1,male_divorced_or_separated,none,4,car_or_other,45,none,rent,1,manager_or_self_employed,2,yes,yes,bad,35_49
no_checking_account,12,no_or_repaid_credits,furniture_equipment,674,below_100_dm,4_to_7_years,4,female_single,none,1,car_or_other,20,none,rent,1,skilled_employee_or_official,2,no,no,bad,under_25
no_checking_account,18,no_or_repaid_credits,other,976,unknown_or_none,under_1_year,1,female_non_single_or_male_single,none,2,savings_or_life_insurance,23,none,rent,1,resident_unskilled,2,no,no,bad,under_25
below_0_dm,24,no_or_repaid_credits,other,2718,unknown_or_none,1_to_4_years,3,female_non_single_or_male_single,none,4,car_or_other,20,none,free,1,resident_unskilled,2,yes,no,bad,under_25
no_checking_account,18,no_or_repaid_credits,repairs,750,unknown_or_none,unemployed,4,female_non_single_or_male_single,none,1,unknown_or_none,27,none,rent,1,unemployed_or_nonresident_unskilled,2,no,no,bad,25_34
below_0_dm,24,no_or_repaid_credits,new_car,12579,unknown_or_none,7_plus_years,4,female_non_single_or_male_single,none,2,real_estate,44,none,own,1,manager_or_self_employed,2,yes,no,bad,35_49
no_checking_account,18,no_or_repaid_credits,new_car,7511,1000_plus_dm,7_plus_years,1,male_married_or_widowed,none,4,car_or_other,51,none,own,1,skilled_employee_or_official,1,yes,no,bad,50_plus
no_checking_account,18,all_repaid_at_bank,other,3966,unknown_or_none,7_plus_years,1,female_non_single_or_male_single,none,4,unknown_or_none,33,bank,free,3,skilled_employee_or_official,2,yes,no,bad,25_34
no_checking_account,12,past_delay,furniture_equipment,6199,unknown_or_none,1_to_4_years,4,male_married_or_widowed,none,2,car_or_other,28,none,free,2,skilled_employee_or_official,2,yes,no,bad,25_34
no_checking_account,24,no_or_repaid_credits,furniture_equipment,1987,unknown_or_none,1_to_4_years,2,male_married_or_widowed,none,4,unknown_or_none,21,none,free,1,resident_unskilled,1,no,no,bad,under_25
no_checking_account,24,no_or_repaid_credits,other,2303,unknown_or_none,7_plus_years,4,male_married_or_widowed,co_applicant,1,unknown_or_none,45,none,rent,1,skilled_employee_or_official,2,no,no,bad,35_49
200_plus_dm,21,all_repaid_at_bank,other,12680,1000_plus_dm,7_plus_years,4,male_married_or_widowed,none,4,real_estate,30,none,own,1,manager_or_self_employed,2,yes,no,bad,25_34
below_0_dm,12,no_or_repaid_credits,furniture_equipment,6468,1000_plus_dm,unemployed,2,male_married_or_widowed,none,1,real_estate,52,none,rent,1,manager_or_self_employed,2,yes,no,bad,50_plus
no_checking_account,30,no_or_repaid_credits,used_car,6350,1000_plus_dm,7_plus_years,4,male_married_or_widowed,none,4,car_or_other,31,none,rent,1,skilled_employee_or_official,2,no,no,bad,25_34
